#pragma once
#include <cstdint>

inline std::uint8_t container_header_data[18368] = {
	0x89, 0x50, 0x4E, 0x47, 0x0D, 0x0A, 0x1A, 0x0A, 0x00, 0x00, 0x00, 0x0D,
	0x49, 0x48, 0x44, 0x52, 0x00, 0x00, 0x02, 0x2E, 0x00, 0x00, 0x00, 0x42,
	0x08, 0x06, 0x00, 0x00, 0x00, 0x70, 0xE3, 0x5D, 0xD7, 0x00, 0x00, 0x00,
	0x09, 0x70, 0x48, 0x59, 0x73, 0x00, 0x00, 0x16, 0x25, 0x00, 0x00, 0x16,
	0x25, 0x01, 0x49, 0x52, 0x24, 0xF0, 0x00, 0x00, 0x00, 0x01, 0x73, 0x52,
	0x47, 0x42, 0x00, 0xAE, 0xCE, 0x1C, 0xE9, 0x00, 0x00, 0x00, 0x04, 0x67,
	0x41, 0x4D, 0x41, 0x00, 0x00, 0xB1, 0x8F, 0x0B, 0xFC, 0x61, 0x05, 0x00,
	0x00, 0x00, 0x0E, 0x74, 0x45, 0x58, 0x74, 0x53, 0x6F, 0x66, 0x74, 0x77,
	0x61, 0x72, 0x65, 0x00, 0x46, 0x69, 0x67, 0x6D, 0x61, 0x9E, 0xB1, 0x96,
	0x63, 0x00, 0x00, 0x47, 0x3B, 0x49, 0x44, 0x41, 0x54, 0x78, 0x01, 0xED,
	0x7D, 0x4B, 0xAE, 0x25, 0x47, 0x92, 0x9D, 0xF9, 0xCB, 0x1F, 0x59, 0xCC,
	0x24, 0xB3, 0x88, 0x6E, 0x24, 0x08, 0x10, 0x10, 0x05, 0x70, 0x54, 0xA3,
	0x06, 0xB8, 0x81, 0xDC, 0x81, 0x5A, 0x03, 0x8E, 0x5B, 0x3B, 0x10, 0xB4,
	0x01, 0x91, 0xDC, 0x80, 0xA4, 0x1D, 0x08, 0x1A, 0x73, 0xD2, 0x83, 0x9E,
	0x37, 0x7B, 0x01, 0x04, 0x34, 0xAA, 0x11, 0x01, 0x11, 0x45, 0x0A, 0x14,
	0x51, 0x05, 0x92, 0xDD, 0xFC, 0x26, 0xF3, 0xE3, 0x8A, 0x88, 0x74, 0xF3,
	0x7B, 0xEC, 0xF8, 0x31, 0x8F, 0xB8, 0x2F, 0xB3, 0xBF, 0xB8, 0x0E, 0xDC,
	0x17, 0x11, 0x1E, 0xE6, 0xF6, 0x73, 0x3B, 0xE6, 0x16, 0x9F, 0x7B, 0x5F,
	0xB1, 0x6B, 0xB4, 0xFB, 0x4B, 0x7B, 0xF6, 0xEC, 0xD9, 0x5F, 0xD5, 0x5A,
	0x1F, 0x96, 0x52, 0xFE, 0x62, 0xD9, 0xBE, 0xB3, 0xF6, 0x2F, 0xDB, 0xBA,
	0x6E, 0x97, 0xBE, 0x6D, 0x33, 0x61, 0x51, 0xCB, 0xF3, 0xD6, 0x8F, 0xDB,
	0xB8, 0xD2, 0xF6, 0x0B, 0xF2, 0x6B, 0xFB, 0xFD, 0x1C, 0x74, 0xE3, 0x78,
	0x3F, 0x9F, 0xC9, 0xEE, 0xE7, 0x56, 0x31, 0x2B, 0xEF, 0xAB, 0xAB, 0x2B,
	0xE7, 0xD5, 0xE5, 0x37, 0x9D, 0x02, 0x1F, 0xD0, 0xD3, 0x75, 0xB1, 0x6B,
	0xB4, 0x60, 0x4B, 0xB3, 0xAD, 0x80, 0x8D, 0xD2, 0x5F, 0xEB, 0xF9, 0x42,
	0x0A, 0x60, 0x1F, 0xEF, 0xBB, 0x1D, 0x48, 0x0E, 0xC7, 0xDB, 0x3E, 0xD9,
	0xDE, 0x79, 0xAC, 0xC7, 0x3C, 0x27, 0x76, 0xF2, 0x97, 0xF7, 0xA1, 0xAC,
	0xEE, 0xF3, 0xC6, 0xAF, 0xF3, 0x37, 0x98, 0x27, 0x65, 0xA3, 0xD2, 0x9B,
	0x74, 0x0F, 0x7A, 0xFB, 0x39, 0x98, 0x9F, 0x2E, 0xBB, 0xE9, 0x5D, 0xD8,
	0x16, 0xD4, 0x13, 0x75, 0x03, 0xDA, 0x60, 0x13, 0xEA, 0x46, 0xBA, 0x4C,
	0xFD, 0x3E, 0x1B, 0xD3, 0xFA, 0xA4, 0x1C, 0xD4, 0xCF, 0x4E, 0xB1, 0x8D,
	0x3E, 0x94, 0xFC, 0x98, 0x85, 0x41, 0x9C, 0x1E, 0xC0, 0x60, 0xF0, 0x1D,
	0xD2, 0xCD, 0xEC, 0x9B, 0xC8, 0x73, 0x3B, 0xC2, 0x3C, 0xDA, 0x04, 0xFF,
	0x33, 0xDF, 0xCD, 0xE2, 0x22, 0xD3, 0xE9, 0x88, 0xCF, 0xF8, 0xDC, 0x0E,
	0x6E, 0x06, 0xFC, 0x3B, 0x36, 0xD0, 0x44, 0x3E, 0xF6, 0xBE, 0x89, 0xCD,
	0x9D, 0x8C, 0xE2, 0xD1, 0xF3, 0x5B, 0x36, 0xEE, 0xDA, 0xF8, 0x57, 0xB4,
	0xCA, 0xFF, 0x4A, 0x86, 0xE2, 0x65, 0x63, 0xAC, 0x0C, 0x73, 0x77, 0x04,
	0x1B, 0xB3, 0x79, 0x16, 0x3A, 0xD5, 0x0A, 0x18, 0xB7, 0x31, 0xDF, 0x9B,
	0x9D, 0xE2, 0x4D, 0xE1, 0x61, 0xC0, 0x97, 0xD2, 0x63, 0xA6, 0x6F, 0xE6,
	0xCB, 0xBD, 0x31, 0x33, 0x39, 0xD8, 0x4F, 0x31, 0x5C, 0x20, 0x5E, 0xE4,
	0x1A, 0x94, 0xF1, 0x55, 0xBE, 0xCC, 0xE4, 0x31, 0xDD, 0xCC, 0xBE, 0x89,
	0x3C, 0xC4, 0x41, 0x98, 0x0F, 0x31, 0xFC, 0xF3, 0xE5, 0xF3, 0xBF, 0x97,
	0xDA, 0xE1, 0xAF, 0x7F, 0xFC, 0xF1, 0xC7, 0xFF, 0x65, 0x2F, 0xD0, 0xF6,
	0x92, 0xE2, 0xD0, 0xEE, 0xDD, 0xBB, 0xF7, 0x97, 0xCB, 0xE6, 0x7F, 0x2E,
	0x8A, 0xBE, 0xD1, 0x99, 0x94, 0x72, 0x84, 0x4F, 0x65, 0x52, 0xB4, 0x7F,
	0x36, 0xE1, 0x26, 0x8A, 0x15, 0x0A, 0x48, 0x33, 0x91, 0x4C, 0xB1, 0x51,
	0x10, 0xCB, 0x40, 0x58, 0xFB, 0x32, 0x35, 0x0C, 0x0A, 0x1E, 0x8B, 0x89,
	0x1F, 0x8B, 0x9F, 0x5D, 0x3F, 0xA0, 0x6E, 0x90, 0xEC, 0x33, 0xB0, 0xB3,
	0xCC, 0xED, 0x14, 0x04, 0x17, 0xEA, 0xE7, 0x36, 0x64, 0x0B, 0xE7, 0xBA,
	0x0D, 0x3A, 0x42, 0xF0, 0x16, 0xF2, 0x5B, 0x2F, 0x6C, 0x28, 0x98, 0xCF,
	0x4A, 0xD6, 0x4B, 0x80, 0xA6, 0x45, 0x02, 0x1D, 0xCB, 0x84, 0x07, 0xFC,
	0xB1, 0xD0, 0x55, 0x7E, 0xAE, 0xC0, 0x73, 0x48, 0x86, 0x46, 0xC9, 0x96,
	0xFD, 0x69, 0x66, 0x87, 0x16, 0x81, 0xBD, 0x96, 0xE8, 0xCF, 0x8B, 0xAA,
	0xEB, 0x93, 0xC6, 0xF5, 0xCC, 0x17, 0x42, 0xCE, 0x50, 0x48, 0xD0, 0x76,
	0x28, 0x00, 0xD9, 0xAC, 0x84, 0xDF, 0xA6, 0x32, 0x16, 0xB8, 0x68, 0x4F,
	0x9B, 0x5B, 0xEF, 0x2B, 0x1C, 0xD7, 0x4A, 0x67, 0x94, 0xEB, 0x34, 0x22,
	0xBE, 0x39, 0xC6, 0xCE, 0x2E, 0x56, 0xDC, 0x76, 0x3E, 0x4E, 0x16, 0x29,
	0x9B, 0x4D, 0xB1, 0xC2, 0x9F, 0x25, 0xF8, 0x3F, 0x27, 0x56, 0x12, 0x3B,
	0x70, 0x7C, 0x1A, 0x97, 0x7B, 0xF8, 0x9F, 0xD9, 0x6F, 0x71, 0x0E, 0x86,
	0x78, 0x60, 0x5B, 0x84, 0x5E, 0x67, 0x99, 0xC7, 0xF8, 0xE7, 0x1C, 0x87,
	0xB1, 0x5E, 0x0F, 0x2C, 0x96, 0xC9, 0x1C, 0xCA, 0x0B, 0x1F, 0xF0, 0x43,
	0x5A, 0xB8, 0xA9, 0xFD, 0x1A, 0x17, 0xE1, 0xD4, 0x76, 0xC6, 0x9B, 0x25,
	0xB9, 0x19, 0xE3, 0x14, 0x78, 0x4A, 0x3C, 0x58, 0x8C, 0xAF, 0xA2, 0xE4,
	0x99, 0x5E, 0x8F, 0xB2, 0xB5, 0x4F, 0x15, 0x88, 0xC3, 0x7C, 0xDB, 0xFE,
	0xFA, 0xB6, 0x67, 0xCF, 0x5E, 0xE3, 0xF5, 0xFF, 0xF3, 0x25, 0x87, 0x7C,
	0x78, 0xDD, 0x02, 0xE6, 0xC6, 0x39, 0xC4, 0xAF, 0xBF, 0xFE, 0xFA, 0xFF,
	0x58, 0x36, 0xFF, 0x6D, 0xF9, 0xBC, 0xEA, 0x7D, 0x47, 0x02, 0xCF, 0x49,
	0x1B, 0xFD, 0x50, 0x3C, 0x88, 0x31, 0x48, 0x93, 0x06, 0x72, 0x79, 0x5E,
	0x68, 0x14, 0xA3, 0xC5, 0xCF, 0x92, 0xC5, 0xD9, 0x28, 0x20, 0x20, 0x99,
	0x99, 0x51, 0xE2, 0xB4, 0x18, 0xB8, 0xA8, 0x6F, 0xE1, 0x7E, 0x38, 0x9E,
	0xB6, 0x0A, 0x85, 0x0A, 0x9D, 0x2A, 0xAC, 0x7B, 0x8D, 0x57, 0x18, 0xA8,
	0xF7, 0x00, 0x7C, 0xE8, 0x2F, 0xCA, 0xA6, 0xD2, 0x16, 0x7E, 0x07, 0x99,
	0xCB, 0x5A, 0x17, 0xA5, 0x36, 0x26, 0x14, 0x4F, 0x98, 0x07, 0x4C, 0x17,
	0x09, 0x72, 0x71, 0xB6, 0x18, 0x9C, 0x0A, 0x80, 0x21, 0x89, 0xC1, 0x7E,
	0x77, 0x02, 0x24, 0x9B, 0x7E, 0xA2, 0xE9, 0x89, 0xB6, 0xF2, 0x15, 0x9F,
	0xDB, 0xC1, 0xF3, 0xB1, 0xF2, 0x53, 0x73, 0xD4, 0x17, 0x66, 0x03, 0x85,
	0x29, 0xE9, 0x14, 0x13, 0xE1, 0x97, 0x25, 0xCE, 0xE2, 0x01, 0x39, 0xFA,
	0xCA, 0xEF, 0x14, 0xF9, 0x79, 0xC4, 0xC9, 0x50, 0x30, 0x30, 0x8E, 0x68,
	0x61, 0x0B, 0xFA, 0xA2, 0x2D, 0x16, 0x17, 0x56, 0x43, 0x5A, 0x8E, 0x13,
	0x4E, 0x76, 0x14, 0x2B, 0x05, 0x71, 0x59, 0xE2, 0x82, 0x3F, 0x24, 0x33,
	0x8C, 0xDB, 0x23, 0xF8, 0x37, 0x1D, 0x3F, 0xD2, 0x9F, 0xC2, 0x56, 0x79,
	0x1E, 0x6D, 0xC4, 0x62, 0x19, 0xE4, 0x75, 0xD2, 0xF5, 0xBC, 0x11, 0xFE,
	0x13, 0x39, 0x03, 0xFE, 0xE1, 0x58, 0xF6, 0x97, 0x03, 0x75, 0x4B, 0xE2,
	0xA3, 0x21, 0x37, 0x41, 0x7F, 0x98, 0x43, 0xF4, 0xBD, 0xC2, 0xBF, 0xD0,
	0xDD, 0x8F, 0x11, 0x5B, 0x1C, 0x13, 0xE1, 0x02, 0x42, 0xE8, 0x15, 0x4C,
	0xB0, 0x7C, 0xBE, 0xB2, 0x02, 0x6F, 0x98, 0x4B, 0x5A, 0xF8, 0x6C, 0x76,
	0x9E, 0xED, 0x47, 0x99, 0xD8, 0xCF, 0xBA, 0x83, 0x7D, 0x81, 0xFF, 0x04,
	0x4F, 0x7B, 0xB6, 0xEF, 0xD9, 0xBF, 0x17, 0x43, 0x03, 0xFE, 0x8D, 0xF2,
	0x59, 0xD6, 0x5F, 0x9F, 0x37, 0xD6, 0xD7, 0x88, 0x1F, 0xE6, 0xFE, 0xBE,
	0x86, 0x00, 0xDE, 0x07, 0xFC, 0x93, 0xBD, 0x66, 0x22, 0xA6, 0x19, 0xFF,
	0x8D, 0x07, 0xEA, 0x72, 0x16, 0xFE, 0x1B, 0xCD, 0xFD, 0x65, 0xF3, 0x97,
	0xAF, 0xBC, 0xF2, 0x4A, 0x79, 0xF4, 0xE8, 0xD1, 0x27, 0x76, 0x66, 0xBB,
	0x9A, 0x9D, 0xC4, 0xD8, 0x5A, 0x8A, 0x96, 0x0F, 0x97, 0xE3, 0xFF, 0x8C,
	0x0A, 0x73, 0x20, 0xA0, 0xD2, 0xA5, 0x25, 0xC4, 0xF6, 0xA9, 0xB0, 0x9F,
	0x4D, 0x2E, 0xB6, 0x10, 0x58, 0x1C, 0xE4, 0xCC, 0x03, 0xC0, 0xB8, 0x6D,
	0xED, 0xB4, 0x28, 0x22, 0xD8, 0x2B, 0x4E, 0xBE, 0xDB, 0x87, 0x89, 0xA0,
	0x0D, 0x51, 0x95, 0xA4, 0xD2, 0xD1, 0x84, 0x1D, 0x95, 0xE9, 0x85, 0xDC,
	0xBE, 0x38, 0x7A, 0xA7, 0x4A, 0x9E, 0xA8, 0xB3, 0xD3, 0x5B, 0xD4, 0xA3,
	0x16, 0xB1, 0xA8, 0xD6, 0x53, 0xC1, 0xD3, 0x93, 0xB3, 0x9D, 0x92, 0x56,
	0xC1, 0x7D, 0xE0, 0x19, 0xE6, 0x6F, 0x12, 0x7C, 0xEA, 0x4A, 0xB9, 0xDB,
	0x44, 0xB6, 0xF5, 0x3E, 0x61, 0xA7, 0xD3, 0x0E, 0x05, 0x43, 0x29, 0xE3,
	0x15, 0x38, 0x1E, 0xB3, 0xAF, 0xEA, 0xF3, 0xC7, 0x6E, 0xDB, 0xDD, 0x9D,
	0x26, 0x57, 0x5E, 0x75, 0xD0, 0xD6, 0x28, 0x0E, 0x2A, 0xE8, 0xCD, 0x7D,
	0xE9, 0x1C, 0x79, 0xBF, 0xEA, 0x73, 0x9D, 0x39, 0x49, 0x82, 0xFD, 0xAC,
	0x27, 0x26, 0x06, 0xA4, 0x0D, 0x31, 0x21, 0x64, 0x65, 0x63, 0xFB, 0x5C,
	0x9B, 0x0D, 0x57, 0x6E, 0x6A, 0x81, 0x1B, 0xC6, 0x53, 0xDC, 0x7A, 0x5F,
	0xC7, 0x0D, 0xC4, 0x90, 0x2A, 0x7A, 0x51, 0xC7, 0xAC, 0xE8, 0x32, 0x4B,
	0x6C, 0x3E, 0x07, 0xFF, 0x30, 0x06, 0x13, 0x29, 0xC6, 0x4D, 0xC0, 0x12,
	0xF0, 0x0D, 0xF8, 0x1F, 0x80, 0x3A, 0xFA, 0x69, 0xD6, 0x2A, 0xC7, 0x0A,
	0x8C, 0x95, 0xF6, 0x03, 0x9D, 0x8A, 0xAD, 0x62, 0x94, 0x8F, 0x48, 0x3D,
	0x89, 0x7F, 0x18, 0xCB, 0xBC, 0x38, 0x2F, 0x70, 0x51, 0x23, 0x0B, 0x0C,
	0x61, 0xA4, 0xDB, 0x11, 0x30, 0x01, 0x98, 0x0E, 0x32, 0xED, 0x14, 0x1B,
	0x43, 0x1C, 0x64, 0xF9, 0x86, 0x31, 0x85, 0xC7, 0x8C, 0x43, 0xEE, 0x4F,
	0x74, 0xAE, 0x33, 0x1A, 0xD5, 0x9F, 0xE1, 0x9F, 0x6C, 0xDC, 0x4E, 0x29,
	0xFD, 0x0D, 0x2E, 0xA8, 0x8E, 0xE0, 0x1F, 0xF2, 0xFD, 0xD0, 0x8F, 0xFB,
	0xE0, 0xB6, 0x61, 0x2C, 0xC8, 0xEF, 0xE4, 0xCC, 0x03, 0x8F, 0xC9, 0xA6,
	0x4A, 0xFA, 0xA5, 0xF8, 0x47, 0x5D, 0xA0, 0xDF, 0x2F, 0x84, 0x55, 0xE3,
	0x22, 0xB4, 0xDB, 0xB8, 0xE4, 0xED, 0xFF, 0x7A, 0xF7, 0xEE, 0xDD, 0xFF,
	0x6E, 0x67, 0xB6, 0x72, 0xE0, 0x7C, 0x5D, 0x1E, 0x0F, 0xFD, 0x27, 0x7B,
	0xFE, 0x78, 0xA8, 0x82, 0xF0, 0xEC, 0x2E, 0x8B, 0xBA, 0xE2, 0xE9, 0x8B,
	0x28, 0x07, 0x40, 0x29, 0xE9, 0xE3, 0x99, 0x9E, 0x78, 0xDC, 0x81, 0x0C,
	0x36, 0xDE, 0x07, 0xF0, 0xD5, 0x1A, 0xAB, 0xCD, 0xD1, 0xB0, 0x78, 0x95,
	0x69, 0xA4, 0xFF, 0xAE, 0xAC, 0x66, 0xCB, 0xA0, 0x2F, 0x8E, 0xAB, 0xB4,
	0x68, 0x50, 0x50, 0xB2, 0xDE, 0x98, 0x14, 0xF6, 0xE6, 0x25, 0x6B, 0x59,
	0xC5, 0xDB, 0x6D, 0x4A, 0x74, 0xE4, 0x60, 0x0E, 0xD5, 0x7E, 0x60, 0x24,
	0xE6, 0xDB, 0x87, 0x43, 0x4C, 0x04, 0x5A, 0x37, 0xCF, 0xA8, 0x68, 0x13,
	0xBA, 0x72, 0x82, 0xAF, 0x11, 0x1F, 0x51, 0x0F, 0x7C, 0x47, 0x09, 0x73,
	0xA2, 0x8B, 0x36, 0x93, 0x57, 0xF7, 0x81, 0x07, 0xEC, 0x5B, 0x96, 0x2C,
	0xBD, 0x0B, 0x7D, 0x94, 0xD0, 0xB2, 0x3C, 0x59, 0xEC, 0xC0, 0xB9, 0xEE,
	0x0F, 0x33, 0x7D, 0x95, 0xAC, 0x74, 0x3D, 0xC0, 0x73, 0x88, 0x59, 0x95,
	0x5B, 0xD1, 0xC7, 0x4A, 0x26, 0xC9, 0xB3, 0x76, 0xB7, 0xC2, 0x48, 0x46,
	0x37, 0x9F, 0xE7, 0xD9, 0xCC, 0xB2, 0x98, 0x30, 0xDB, 0xCF, 0x3D, 0xE6,
	0xBA, 0x61, 0xDE, 0x41, 0x9E, 0x6A, 0xDF, 0x2C, 0xBE, 0x1F, 0x00, 0xFB,
	0x61, 0xD1, 0x05, 0x3B, 0x82, 0x8D, 0x2C, 0xCB, 0xCE, 0xC0, 0xBF, 0x91,
	0x2F, 0x39, 0xA6, 0x02, 0xE1, 0xA8, 0x77, 0x50, 0xC5, 0x32, 0x87, 0xE4,
	0xEB, 0x73, 0x97, 0xAF, 0xF4, 0x72, 0xBE, 0x33, 0xFC, 0x97, 0x92, 0x3E,
	0x16, 0x93, 0x7A, 0x33, 0xCD, 0x04, 0x17, 0x78, 0x11, 0x99, 0xF1, 0x19,
	0x0A, 0x9B, 0x24, 0x47, 0x48, 0xDE, 0x6A, 0xDC, 0x6C, 0x3C, 0x8F, 0xF3,
	0xE1, 0x8A, 0xBF, 0x38, 0x96, 0x79, 0xCE, 0x74, 0xEC, 0x07, 0xBE, 0x28,
	0xDE, 0x4E, 0x79, 0x73, 0x2F, 0xEE, 0xBA, 0xBA, 0x4E, 0xAF, 0xEC, 0x52,
	0x76, 0x67, 0x79, 0xB6, 0xC2, 0xFA, 0x38, 0x91, 0x39, 0x0E, 0x3A, 0xE9,
	0xA8, 0x72, 0xCD, 0xC0, 0x23, 0xF1, 0x63, 0xF0, 0x49, 0x3B, 0xFE, 0x8F,
	0xDF, 0x7F, 0xFF, 0xFD, 0x5F, 0xDB, 0xC1, 0x56, 0x0E, 0x9C, 0xAB, 0xCB,
	0xDD, 0x96, 0xFF, 0x53, 0xDB, 0x0B, 0xB8, 0x99, 0x42, 0x6C, 0x88, 0x9F,
	0x9A, 0x05, 0x6A, 0x10, 0x96, 0x17, 0x2F, 0xB8, 0x55, 0x49, 0x38, 0xD0,
	0xF1, 0x3E, 0x1D, 0xD7, 0x6C, 0xB2, 0x90, 0x67, 0x79, 0xFE, 0xE8, 0xC4,
	0x54, 0x30, 0xC2, 0x98, 0x4E, 0x4E, 0x72, 0xAA, 0xE8, 0xCB, 0x74, 0xF3,
	0x44, 0x8B, 0xB2, 0xD9, 0x16, 0xF9, 0xD8, 0x60, 0xE2, 0x4B, 0xB6, 0xAD,
	0x9B, 0xE2, 0x6B, 0xC0, 0x24, 0x19, 0x84, 0x31, 0x24, 0x9B, 0x79, 0xF7,
	0xBE, 0xB5, 0x80, 0xE0, 0x5B, 0xF4, 0x68, 0xC7, 0x8E, 0x0F, 0x42, 0x2B,
	0x25, 0xBE, 0x8B, 0x80, 0xC7, 0x05, 0x1E, 0x79, 0x9D, 0x58, 0xD5, 0xA1,
	0x8A, 0x9F, 0x35, 0x48, 0x56, 0x29, 0xB0, 0x51, 0x77, 0xD6, 0xC7, 0xD9,
	0x20, 0x8F, 0x89, 0x1D, 0xE1, 0xF8, 0x80, 0x3E, 0x83, 0x7D, 0x30, 0xBE,
	0x64, 0xF6, 0x55, 0xB1, 0x18, 0x25, 0x73, 0xAC, 0x6C, 0x9D, 0x26, 0x2B,
	0x92, 0x33, 0xC8, 0xA4, 0xC4, 0xAB, 0x92, 0xB7, 0xD2, 0x71, 0xDA, 0xD8,
	0xFF, 0x2C, 0x73, 0x6F, 0xFC, 0xCC, 0x4F, 0x1C, 0xAB, 0x1C, 0x6B, 0xDE,
	0xD7, 0x8E, 0xCF, 0xC2, 0xBF, 0xB3, 0xB4, 0x83, 0xFE, 0x74, 0xF1, 0xD8,
	0xB1, 0x87, 0x7F, 0xB3, 0xDD, 0x5B, 0xF2, 0xC3, 0x05, 0xD1, 0xC1, 0xD8,
	0x18, 0x0A, 0x37, 0x98, 0xD3, 0x41, 0x17, 0xEC, 0xDB, 0xC3, 0x3F, 0xCB,
	0xD8, 0x6B, 0xC9, 0x62, 0x97, 0xBD, 0x07, 0x78, 0xD6, 0x85, 0x1E, 0x8F,
	0x01, 0xDE, 0x41, 0xC7, 0x6C, 0x0E, 0xAE, 0x2B, 0x77, 0xA6, 0x8F, 0x87,
	0x9F, 0x25, 0xC5, 0xCA, 0xDA, 0xC4, 0xBB, 0x66, 0x81, 0x08, 0xDF, 0x49,
	0x9C, 0xE8, 0x96, 0xC5, 0xF2, 0xD9, 0x76, 0x28, 0xFC, 0x4F, 0xF0, 0x72,
	0x04, 0xBB, 0xDF, 0xDD, 0xBC, 0x79, 0xF3, 0xDF, 0x7F, 0xB7, 0x34, 0x3B,
	0xD0, 0xAE, 0x84, 0x80, 0x75, 0xE3, 0x4E, 0xBA, 0x5A, 0xEF, 0xB6, 0x2C,
	0x41, 0xF9, 0xEF, 0x98, 0xA6, 0xB6, 0x5B, 0xF4, 0xAE, 0x14, 0x9C, 0xF6,
	0x05, 0xA6, 0x07, 0xE9, 0xBA, 0x4D, 0x6E, 0x23, 0x55, 0xE2, 0x69, 0x93,
	0xE3, 0xE0, 0x90, 0x92, 0x5C, 0x85, 0xD7, 0xBA, 0xBF, 0x7A, 0x91, 0x03,
	0x19, 0xE4, 0x03, 0xF9, 0x84, 0x55, 0xD7, 0xD3, 0xAF, 0x46, 0xFD, 0x38,
	0xB1, 0x67, 0xED, 0xA8, 0x33, 0xDE, 0x18, 0x7C, 0x18, 0x0C, 0x0C, 0xDE,
	0x2C, 0x06, 0x20, 0xE1, 0x30, 0x7F, 0x2F, 0xD0, 0x3A, 0x66, 0x7D, 0x8E,
	0x48, 0xD7, 0xFE, 0x5E, 0x88, 0xF3, 0x42, 0x7E, 0xA8, 0x1F, 0xD0, 0x0C,
	0x49, 0x1F, 0x7D, 0x81, 0xFD, 0x07, 0xA6, 0x67, 0x48, 0xB4, 0xC0, 0x8F,
	0xEF, 0xA0, 0x95, 0xA3, 0x3C, 0xC5, 0x98, 0x14, 0xE0, 0x22, 0xEE, 0x14,
	0x0F, 0x55, 0xC8, 0xE0, 0x30, 0xF4, 0x91, 0xED, 0xE9, 0xE3, 0xFB, 0x24,
	0x4E, 0x16, 0x00, 0x1C, 0xE7, 0xBC, 0xB0, 0x41, 0x02, 0x09, 0x3A, 0xD9,
	0x24, 0x69, 0x01, 0xBF, 0xE1, 0xB6, 0x3E, 0x89, 0x0B, 0xBA, 0x2D, 0x71,
	0x3F, 0xE0, 0x5F, 0x12, 0xE7, 0x89, 0x74, 0xEC, 0x14, 0x2E, 0x07, 0x2C,
	0x38, 0x3F, 0x49, 0xD3, 0xE8, 0xE4, 0xF9, 0x22, 0xAE, 0x56, 0xB3, 0x58,
	0xC3, 0x61, 0x76, 0xAC, 0xED, 0x06, 0x61, 0x1D, 0x1D, 0x59, 0x58, 0x57,
	0x87, 0x89, 0x1F, 0x12, 0x06, 0x7B, 0x71, 0x3B, 0x89, 0xA9, 0x92, 0xC4,
	0x36, 0xC6, 0x06, 0xCA, 0x88, 0x83, 0x81, 0x39, 0xC4, 0xD1, 0x50, 0x00,
	0x41, 0x6E, 0x4F, 0xF1, 0xCF, 0xE6, 0x83, 0x7D, 0xD3, 0x46, 0xF1, 0x1C,
	0xFA, 0x55, 0xDC, 0x9F, 0xD3, 0x98, 0xF7, 0x75, 0xF0, 0x5F, 0x68, 0x02,
	0x98, 0x46, 0xE4, 0xF9, 0xA9, 0x3E, 0x68, 0x12, 0x9F, 0x6E, 0x34, 0x87,
	0xF1, 0x0F, 0xBA, 0x5D, 0x1B, 0xFF, 0xB4, 0x35, 0xD3, 0xB6, 0xF4, 0xDC,
	0x4B, 0xB9, 0x5D, 0xC9, 0x3E, 0x82, 0xFF, 0xFB, 0x8F, 0x1F, 0x3F, 0xFE,
	0x2B, 0xE6, 0x9F, 0xB5, 0xAB, 0x8C, 0x7F, 0xDB, 0x59, 0x3F, 0xFF, 0xC1,
	0xCC, 0xC2, 0xF3, 0x37, 0x9E, 0x18, 0xA1, 0x14, 0x2E, 0xB6, 0xE6, 0x46,
	0xB9, 0x7F, 0xDB, 0x71, 0x05, 0xBE, 0xB8, 0x88, 0x56, 0x04, 0x82, 0x8F,
	0xF5, 0x5D, 0xE4, 0x07, 0x7C, 0x58, 0x67, 0xEE, 0x0F, 0xCE, 0x75, 0x1B,
	0xEA, 0x98, 0x70, 0xF1, 0x4A, 0x4F, 0x4E, 0x00, 0xD1, 0x87, 0x24, 0xB0,
	0x26, 0x71, 0x8B, 0x13, 0x8A, 0x8B, 0x37, 0x06, 0x4E, 0xF7, 0x01, 0xC8,
	0x1B, 0xC0, 0x04, 0x7E, 0x2D, 0xEC, 0xE3, 0x3A, 0xA9, 0xBE, 0x09, 0xE0,
	0x05, 0xF4, 0xAD, 0xA0, 0x4F, 0xF1, 0xF7, 0x42, 0x12, 0x36, 0x58, 0x2C,
	0x76, 0x00, 0x59, 0x1E, 0xD0, 0x9E, 0x84, 0xBB, 0xFD, 0x48, 0x7F, 0x86,
	0xFE, 0xA6, 0x74, 0x87, 0x73, 0x7D, 0x9E, 0x9A, 0xBF, 0x99, 0x5F, 0x4D,
	0x78, 0x22, 0xEF, 0x21, 0xF1, 0x24, 0xF1, 0x66, 0x48, 0xCB, 0x71, 0x9F,
	0xC9, 0x33, 0x1B, 0x0A, 0x1B, 0x4E, 0x6E, 0x35, 0x73, 0xBC, 0xF0, 0xB1,
	0xF3, 0xDA, 0x64, 0x73, 0x6C, 0x34, 0x3F, 0x48, 0x76, 0x10, 0xF3, 0x2A,
	0x69, 0x0D, 0x09, 0xCF, 0xFB, 0xFD, 0x05, 0x56, 0x8C, 0x15, 0x14, 0xE0,
	0x7E, 0xA8, 0x49, 0xC2, 0xF5, 0xF8, 0x83, 0x47, 0x4B, 0xC3, 0xFC, 0x80,
	0x4E, 0xEC, 0x0B, 0x8F, 0x17, 0xCB, 0xEC, 0x51, 0xFC, 0x5C, 0x2E, 0x2F,
	0x4C, 0xC0, 0x8B, 0xF9, 0x0E, 0xF8, 0x37, 0x61, 0x83, 0xE5, 0x0D, 0xE7,
	0x38, 0xE5, 0x83, 0xEA, 0xBB, 0x7A, 0x38, 0x2F, 0x88, 0x7F, 0xE0, 0x13,
	0xE2, 0xBE, 0x9C, 0x1A, 0xE6, 0x3D, 0x2D, 0x84, 0xF0, 0x8F, 0x39, 0x44,
	0xE4, 0xBB, 0x1C, 0xFC, 0x16, 0x17, 0xC2, 0x72, 0x2A, 0xB0, 0x30, 0x8F,
	0x0E, 0x76, 0x63, 0x5C, 0x22, 0x2F, 0xB3, 0xE3, 0x57, 0xF5, 0x93, 0x3C,
	0xB8, 0x5B, 0xAC, 0xEC, 0xCC, 0x19, 0x2F, 0xEE, 0xD8, 0x87, 0xC5, 0x97,
	0xA1, 0x3C, 0xA0, 0x1D, 0x70, 0xEB, 0x63, 0xB1, 0xE1, 0x3A, 0x94, 0xE8,
	0x55, 0x45, 0x7C, 0xE2, 0xBE, 0x5A, 0xD3, 0x24, 0xFE, 0x3B, 0xB3, 0x6B,
	0xE0, 0xDF, 0x6C, 0x78, 0xC5, 0xC2, 0x12, 0x7A, 0x89, 0x7F, 0x3A, 0xEF,
	0xE7, 0x3C, 0x47, 0xD7, 0x19, 0x5E, 0x5D, 0x06, 0xD2, 0x2D, 0x26, 0x3D,
	0x74, 0xA2, 0x0F, 0x3E, 0xF8, 0xC0, 0xED, 0x96, 0xF3, 0xCD, 0x85, 0x4B,
	0x5F, 0xA8, 0xDE, 0x7F, 0xFF, 0xFD, 0x75, 0x7B, 0x55, 0x4F, 0x8F, 0x88,
	0xB0, 0xDA, 0xC6, 0x85, 0x2C, 0x8C, 0x07, 0xC7, 0x17, 0x9A, 0x84, 0xEE,
	0xF8, 0x52, 0x8A, 0x0C, 0x46, 0x4C, 0x92, 0xE0, 0x74, 0x03, 0x59, 0x32,
	0xF9, 0x42, 0x22, 0xED, 0x0E, 0xC5, 0x04, 0x56, 0x6B, 0x55, 0x45, 0x4D,
	0xEA, 0x14, 0x04, 0xBB, 0x3A, 0x5F, 0x4F, 0x09, 0x7D, 0x63, 0xD5, 0xAE,
	0x3A, 0x83, 0x3C, 0xC5, 0xD6, 0xB7, 0x55, 0x24, 0x7C, 0xD0, 0xB1, 0xDB,
	0xCB, 0xC1, 0x4E, 0xBA, 0xA9, 0x05, 0x74, 0x0A, 0x5A, 0x13, 0xC9, 0x99,
	0x79, 0xF9, 0x1C, 0x98, 0xE9, 0x0A, 0x1D, 0x81, 0x4C, 0x49, 0xA4, 0x52,
	0xF0, 0xA6, 0xC9, 0xB5, 0x8D, 0x55, 0xC5, 0xA3, 0x79, 0x6C, 0xD0, 0x39,
	0x9F, 0x43, 0x23, 0x3D, 0x6B, 0x85, 0x3B, 0x7F, 0x6C, 0xA3, 0x9A, 0x0B,
	0xC4, 0x3B, 0xE9, 0xC2, 0x34, 0x83, 0x3F, 0x3D, 0x86, 0x30, 0xC9, 0x09,
	0x2C, 0x0C, 0xE3, 0xC0, 0xA7, 0xE1, 0xB8, 0xD6, 0x61, 0x71, 0xA9, 0x4C,
	0x0B, 0x3C, 0x8B, 0xB0, 0x0D, 0xDF, 0xC7, 0x0A, 0x89, 0xA0, 0xC2, 0x23,
	0x08, 0x38, 0x2F, 0x8B, 0x2F, 0xC4, 0x8A, 0xCB, 0xE1, 0xB9, 0x69, 0x73,
	0x32, 0x4B, 0x82, 0x43, 0xA2, 0xA4, 0x18, 0xAE, 0x38, 0x16, 0x63, 0x67,
	0xBD, 0x1B, 0xEB, 0x3E, 0x75, 0x5D, 0xDD, 0x36, 0x90, 0x9F, 0x2D, 0x5A,
	0x3D, 0xA9, 0x83, 0x8C, 0x21, 0xB6, 0x3D, 0x6E, 0x5D, 0x45, 0x8C, 0xE3,
	0x81, 0x61, 0x09, 0x2F, 0xFA, 0xCE, 0x1A, 0x2F, 0x30, 0xDC, 0xC7, 0x7A,
	0x12, 0x69, 0xBC, 0xC8, 0xB1, 0xC9, 0x62, 0x97, 0xD9, 0x45, 0xBA, 0x0C,
	0x3E, 0x0B, 0x0A, 0xB0, 0x42, 0xC4, 0x0B, 0x72, 0xAD, 0x7C, 0x1C, 0x05,
	0xF3, 0x2A, 0xF1, 0x6F, 0x93, 0x26, 0xB0, 0x2B, 0xF1, 0x8F, 0xF2, 0x29,
	0x9E, 0x86, 0xA6, 0x74, 0xC4, 0xE3, 0x6C, 0x5C, 0x76, 0xAE, 0x8E, 0x45,
	0xE4, 0x80, 0x13, 0x0E, 0x1B, 0x88, 0xA9, 0xCE, 0x37, 0xB3, 0x09, 0xE5,
	0xB8, 0x8D, 0x7E, 0x1A, 0xC6, 0xF6, 0x63, 0xD2, 0x75, 0xC0, 0xBF, 0xC5,
	0x35, 0x01, 0x1F, 0xD5, 0x04, 0x8C, 0x96, 0x03, 0xF8, 0x07, 0xAC, 0x16,
	0xF6, 0x3F, 0xE9, 0x2F, 0x1F, 0xF9, 0x14, 0x2A, 0xC8, 0xD1, 0x26, 0x50,
	0x59, 0xE2, 0x1F, 0xF2, 0xCF, 0x5F, 0xD8, 0xC1, 0x56, 0xC4, 0xB1, 0x7F,
	0xD6, 0xA2, 0xE6, 0xC6, 0x6B, 0xAF, 0xBD, 0xF6, 0x13, 0x05, 0xF8, 0x76,
	0x48, 0xCF, 0x34, 0xC3, 0x0B, 0x37, 0x4B, 0x22, 0xEA, 0xC6, 0x98, 0x8D,
	0xCF, 0xED, 0xCC, 0xC2, 0x1B, 0xCB, 0x81, 0xB7, 0xED, 0x29, 0x7C, 0xAA,
	0x8A, 0xD5, 0x73, 0x47, 0x2C, 0x80, 0xF0, 0xEA, 0xC3, 0x12, 0x19, 0xF2,
	0xF6, 0x33, 0xB2, 0xCD, 0xC0, 0x4B, 0x49, 0x25, 0x5B, 0xE8, 0x87, 0xE6,
	0x73, 0xEB, 0x22, 0x67, 0xA4, 0x60, 0xCF, 0xF4, 0x1D, 0x0B, 0x3C, 0xEF,
	0x01, 0xA4, 0xEC, 0x4A, 0x64, 0x04, 0x3E, 0x70, 0x5C, 0x21, 0x81, 0xA7,
	0xFA, 0x09, 0xDD, 0x22, 0x11, 0x61, 0x18, 0xE7, 0x09, 0xFB, 0x04, 0x8F,
	0x8C, 0x2F, 0x8E, 0x97, 0x3E, 0xAA, 0x49, 0xBE, 0xAA, 0x63, 0xF2, 0x4F,
	0xE5, 0x53, 0x9F, 0x7C, 0x0F, 0x26, 0x91, 0x61, 0x93, 0xC6, 0x45, 0xB5,
	0x91, 0x1D, 0xD2, 0x36, 0x21, 0xA3, 0xCF, 0x0D, 0xEC, 0x0F, 0xB6, 0x29,
	0x1D, 0x67, 0x0B, 0x1B, 0xE9, 0x14, 0xFC, 0x05, 0x71, 0x1B, 0xF4, 0xC3,
	0x78, 0xE6, 0xE4, 0x8C, 0xBA, 0xA2, 0x08, 0xB0, 0x35, 0xBD, 0xEB, 0x73,
	0xA0, 0xC9, 0xBC, 0x62, 0xD1, 0x96, 0xD9, 0x0B, 0x96, 0xD3, 0x22, 0x4C,
	0xE1, 0x08, 0xE5, 0xB4, 0x73, 0x4E, 0x5B, 0xCE, 0xD4, 0x9F, 0x73, 0x9F,
	0xA4, 0xB1, 0x3C, 0xB6, 0x53, 0xFC, 0xF3, 0xD8, 0x3D, 0x25, 0x30, 0x6F,
	0x1B, 0xCC, 0x49, 0x66, 0x0F, 0xC7, 0x6C, 0x46, 0x07, 0x79, 0x7A, 0x60,
	0xC1, 0x79, 0x85, 0xED, 0x9B, 0xF8, 0x9E, 0x69, 0xEB, 0x39, 0xF1, 0x73,
	0x04, 0xFF, 0x2A, 0x6E, 0xAF, 0x11, 0x9B, 0x53, 0x15, 0xCA, 0xF3, 0x36,
	0xC5, 0xFF, 0x4C, 0xA6, 0xD2, 0x2D, 0xB3, 0xED, 0x85, 0x95, 0xB5, 0xA1,
	0xC0, 0x2D, 0xBC, 0xFE, 0xD7, 0xB6, 0x96, 0xD3, 0x1A, 0x94, 0xCD, 0x63,
	0xB7, 0xB5, 0xD6, 0xF1, 0x0B, 0x37, 0x3F, 0xFC, 0xF0, 0x83, 0x1F, 0xDF,
	0x70, 0xD6, 0xA5, 0xBD, 0x73, 0x8A, 0xED, 0x0A, 0x94, 0xE4, 0x3B, 0x01,
	0xEB, 0xB9, 0x2B, 0x77, 0xB2, 0x0B, 0x42, 0x25, 0xBD, 0x1F, 0xC6, 0x18,
	0x4D, 0x48, 0xEF, 0x47, 0x39, 0xF0, 0x5B, 0x0A, 0x45, 0xD1, 0x61, 0x52,
	0xC0, 0xBE, 0x5A, 0x65, 0x05, 0xA8, 0x2A, 0x3C, 0x2C, 0x2A, 0x70, 0x2C,
	0x4F, 0x2A, 0xEB, 0x86, 0x55, 0x6F, 0xAF, 0x14, 0x49, 0x3C, 0xBE, 0xB4,
	0x86, 0x8F, 0x8B, 0x50, 0x3E, 0x6E, 0xC3, 0xC7, 0xFB, 0xCC, 0xE6, 0x57,
	0xAD, 0xA6, 0x03, 0x18, 0x1D, 0xCB, 0xB7, 0x7A, 0x2B, 0xD2, 0xC3, 0xB9,
	0xCA, 0x3A, 0x91, 0xFD, 0x05, 0x7C, 0xD6, 0xE7, 0x04, 0x83, 0x30, 0x69,
	0xD3, 0xE4, 0x06, 0xF6, 0xB2, 0x7C, 0x95, 0xE4, 0x1C, 0xB4, 0x15, 0x1D,
	0x5D, 0x45, 0x11, 0xB0, 0x13, 0x5B, 0x15, 0x6C, 0x09, 0x71, 0xE0, 0x72,
	0xFC, 0x17, 0x7E, 0x4D, 0xF8, 0x0B, 0xF5, 0x04, 0xD0, 0x31, 0xB8, 0x30,
	0x2E, 0x82, 0x68, 0x41, 0x83, 0xB2, 0x5D, 0xDF, 0x42, 0x31, 0x86, 0x3E,
	0x2C, 0x66, 0xD3, 0xA2, 0xB6, 0xB2, 0xCF, 0x61, 0x9E, 0x64, 0x92, 0xC7,
	0x6D, 0xDB, 0x8F, 0xCC, 0x6A, 0xAD, 0x89, 0x9F, 0x59, 0x8F, 0x3A, 0xEB,
	0xC7, 0xC4, 0x8F, 0xFC, 0x84, 0x5E, 0x01, 0x3F, 0x09, 0x5D, 0x4D, 0xF4,
	0x09, 0xF1, 0xDF, 0xC6, 0x39, 0x7D, 0xC8, 0xA3, 0x3C, 0x56, 0xC5, 0x2A,
	0xE4, 0x30, 0x96, 0x13, 0xB6, 0xE4, 0x24, 0x8C, 0xFB, 0x01, 0x2F, 0x36,
	0xFA, 0xC9, 0x84, 0x2D, 0x5D, 0x7F, 0x75, 0x1A, 0xED, 0x03, 0x5F, 0x31,
	0xCF, 0x14, 0xFF, 0x74, 0xAE, 0x9A, 0xD0, 0x09, 0xE2, 0xBA, 0x63, 0xAF,
	0x80, 0x43, 0x4A, 0x02, 0xFC, 0x36, 0xAE, 0xCB, 0x9F, 0x2C, 0xAE, 0x9C,
	0x7B, 0x5D, 0x97, 0xE1, 0x25, 0x53, 0xC2, 0x5F, 0x9D, 0xF9, 0x8E, 0xC7,
	0x91, 0xCC, 0xA1, 0x31, 0x7D, 0x82, 0xF5, 0xF0, 0x68, 0xB3, 0xF5, 0xC9,
	0x85, 0x9B, 0x6C, 0x31, 0xEE, 0x57, 0x72, 0x1B, 0x8F, 0xAE, 0x82, 0x51,
	0x78, 0x21, 0xFE, 0x85, 0xCC, 0xC1, 0xBE, 0xA3, 0xF8, 0x37, 0x9D, 0xAB,
	0x02, 0x3F, 0x3B, 0xE1, 0x57, 0x8E, 0x9D, 0xAD, 0xFF, 0x4C, 0x07, 0x7C,
	0xFB, 0x76, 0x86, 0x7F, 0x3A, 0xC7, 0x74, 0xD3, 0x9F, 0x6A, 0xE9, 0x27,
	0x3D, 0x90, 0x1F, 0x3E, 0x7C, 0x78, 0xD5, 0xFA, 0xB7, 0x3B, 0x2E, 0xAE,
	0xB1, 0x2B, 0x03, 0x89, 0xDF, 0x70, 0xAC, 0x52, 0xBA, 0x5B, 0x2B, 0x26,
	0x9C, 0x79, 0xE0, 0xF9, 0x16, 0x48, 0xC6, 0xBA, 0xF1, 0x0B, 0xBE, 0x2C,
	0xD7, 0x1D, 0x62, 0x16, 0x7F, 0xBF, 0x02, 0x9D, 0x6F, 0x27, 0x90, 0x06,
	0xB9, 0x20, 0x1F, 0x17, 0x91, 0xAD, 0x30, 0xA9, 0xA7, 0x82, 0xC5, 0x68,
	0x3F, 0x24, 0x05, 0x97, 0x4F, 0x13, 0xD7, 0x6D, 0x46, 0x5B, 0x08, 0x38,
	0x68, 0x13, 0x17, 0x70, 0x21, 0x4E, 0xC1, 0xC6, 0x6E, 0x3F, 0xFC, 0x90,
	0x5C, 0x18, 0x67, 0xE0, 0x2A, 0xA4, 0x37, 0x81, 0xAF, 0xDA, 0xEE, 0x1A,
	0x91, 0x9F, 0x30, 0x51, 0xF5, 0xFD, 0xD2, 0x2A, 0xE0, 0x76, 0x8B, 0x3F,
	0xF8, 0xD3, 0x46, 0x90, 0x64, 0x8B, 0x13, 0xD3, 0x16, 0x6C, 0x4E, 0xCE,
	0x8A, 0xB2, 0x7F, 0xC8, 0xDE, 0x02, 0xB1, 0x83, 0x45, 0x59, 0x6F, 0x70,
	0xA5, 0x50, 0x70, 0x2E, 0x40, 0xAE, 0x15, 0x72, 0x3A, 0xD9, 0x52, 0xC8,
	0xD6, 0x4A, 0x7D, 0x6A, 0xEC, 0x00, 0x19, 0xE4, 0xE7, 0x66, 0x58, 0x52,
	0x14, 0xC1, 0xB6, 0x90, 0xA0, 0xEC, 0xAA, 0xB5, 0x9A, 0xC9, 0x47, 0x09,
	0x7D, 0x8B, 0x71, 0xD4, 0x8E, 0x07, 0xEC, 0xB2, 0xF2, 0x9E, 0x88, 0xD8,
	0x18, 0x1E, 0xCF, 0x63, 0x69, 0x0E, 0x7B, 0x8C, 0x91, 0x9B, 0x82, 0x9D,
	0xCC, 0xC7, 0xE7, 0x8C, 0xFA, 0x86, 0x42, 0xCC, 0xC0, 0x47, 0x34, 0x9F,
	0x41, 0x1D, 0x1C, 0x83, 0x18, 0x05, 0xFF, 0x66, 0x85, 0xC9, 0x50, 0xC8,
	0x52, 0x2E, 0x50, 0x39, 0xAA, 0x92, 0x7F, 0xB0, 0x40, 0x65, 0x3F, 0x14,
	0x61, 0x0F, 0xE6, 0x9D, 0x14, 0xFF, 0xE0, 0x93, 0x14, 0xFF, 0xE8, 0x07,
	0xC2, 0x76, 0xC8, 0x49, 0x96, 0x2C, 0x76, 0x70, 0xBE, 0x5F, 0x70, 0x80,
	0x0F, 0x8D, 0xC7, 0x29, 0x3D, 0x90, 0x8F, 0xFB, 0xA4, 0x88, 0x06, 0x34,
	0x87, 0xF0, 0xAF, 0x30, 0x5C, 0xEB, 0xB8, 0xCE, 0x30, 0xDD, 0x39, 0xF8,
	0xA7, 0xFE, 0x01, 0xFF, 0xEB, 0x8E, 0xF8, 0x22, 0x4A, 0x8A, 0xFF, 0x26,
	0x5F, 0x15, 0x78, 0x28, 0x63, 0xD0, 0x1B, 0x14, 0x0A, 0x76, 0xF9, 0x3E,
	0xB2, 0x83, 0xFC, 0xA2, 0x72, 0x26, 0xD2, 0x98, 0x3A, 0x46, 0x5E, 0xBC,
	0xFE, 0xD7, 0x3A, 0xFF, 0xE5, 0x69, 0xC6, 0x3F, 0x6F, 0x91, 0x8E, 0x86,
	0xAE, 0x4C, 0xAF, 0x9A, 0x7F, 0xC6, 0x7C, 0x00, 0x03, 0xDD, 0x29, 0x5B,
	0xC1, 0xF2, 0xE0, 0xC1, 0x83, 0x9B, 0x5F, 0x7F, 0xFD, 0xF5, 0xCD, 0x7B,
	0xF7, 0xEE, 0x7D, 0xE7, 0x8E, 0x75, 0x00, 0x21, 0x70, 0x3D, 0x78, 0x89,
	0x9F, 0x3B, 0x79, 0xDB, 0xAE, 0x8B, 0x05, 0x7F, 0x9D, 0x0B, 0x78, 0x22,
	0x30, 0x79, 0x11, 0x40, 0xBB, 0x42, 0xFF, 0xBA, 0x8F, 0x2F, 0x67, 0x3A,
	0x4F, 0x6C, 0xEB, 0xF9, 0xA2, 0x93, 0x63, 0x08, 0x3E, 0x25, 0x70, 0x7D,
	0xDC, 0x55, 0xC7, 0x2B, 0x03, 0x97, 0x39, 0x24, 0xFD, 0x5D, 0x85, 0x49,
	0x07, 0x0F, 0x58, 0x75, 0x8E, 0x78, 0x9F, 0x75, 0x9B, 0xB2, 0xE8, 0xC4,
	0xD5, 0x13, 0x16, 0x80, 0x99, 0x6F, 0xFF, 0xB3, 0xEF, 0xFB, 0xDC, 0xE2,
	0x9C, 0xAF, 0x07, 0xFE, 0xF5, 0x47, 0xFA, 0x5F, 0x4F, 0xCC, 0xB7, 0xEB,
	0xD2, 0xF8, 0x77, 0xBD, 0xC4, 0xBC, 0x70, 0x32, 0x94, 0x36, 0x19, 0xCD,
	0x1B, 0xEA, 0xCD, 0xAC, 0x90, 0x4F, 0x29, 0xFA, 0xAB, 0x99, 0xD4, 0x78,
	0x4E, 0x7B, 0x71, 0x86, 0xBA, 0x97, 0xF1, 0x4A, 0x6C, 0x16, 0x0B, 0x4A,
	0x67, 0x83, 0x3E, 0x69, 0x43, 0x11, 0x17, 0x02, 0x82, 0xD7, 0xE0, 0x5B,
	0x9F, 0x17, 0x3F, 0xAF, 0x12, 0xA8, 0x69, 0x17, 0x23, 0xBE, 0x95, 0x8F,
	0x39, 0xB1, 0x28, 0xFD, 0xCD, 0x68, 0x9E, 0xCD, 0xF4, 0xE3, 0x04, 0x95,
	0x6C, 0x59, 0xBF, 0x1D, 0x3F, 0x1E, 0x9D, 0x53, 0x6E, 0x12, 0x5F, 0x66,
	0x76, 0x08, 0x5F, 0x13, 0xBD, 0xC3, 0x79, 0x45, 0x43, 0xF3, 0x18, 0x74,
	0x20, 0x5D, 0xD4, 0xE2, 0x7C, 0x18, 0xFF, 0x4A, 0x36, 0x9E, 0x72, 0xFC,
	0x23, 0x9E, 0xB9, 0x0F, 0xF4, 0x4C, 0xE7, 0x96, 0x79, 0x58, 0x32, 0xCF,
	0x0A, 0xFF, 0xC9, 0x62, 0x17, 0x70, 0xAB, 0xF2, 0x03, 0xFB, 0x45, 0xE9,
	0x3D, 0xCB, 0x23, 0x59, 0xA3, 0x3C, 0x28, 0xF9, 0x20, 0xFE, 0x1D, 0x63,
	0x0A, 0xFF, 0xCC, 0xDA, 0x0E, 0xE0, 0x3F, 0xC3, 0x07, 0xE8, 0x66, 0x89,
	0x9C, 0x29, 0xFE, 0x85, 0x0F, 0x32, 0x7C, 0x61, 0x01, 0x2F, 0xD7, 0x9E,
	0x9A, 0xAC, 0xFF, 0x8D, 0xBE, 0xBB, 0x8B, 0xC6, 0x65, 0xB1, 0x15, 0xF8,
	0x83, 0x3E, 0x75, 0x79, 0x54, 0xE4, 0x37, 0x53, 0xEE, 0x2C, 0x9F, 0xA7,
	0x8D, 0xEC, 0x29, 0x0F, 0xBF, 0x72, 0xE7, 0x7C, 0xF8, 0xE1, 0x87, 0x5E,
	0xB4, 0x6C, 0x9F, 0xA5, 0x68, 0xD9, 0x0A, 0x18, 0x5C, 0x84, 0xEC, 0x54,
	0x21, 0x56, 0x57, 0xCA, 0x7D, 0x64, 0xB1, 0xAA, 0xEF, 0xFD, 0xF5, 0x74,
	0x95, 0xC6, 0x77, 0x1F, 0xBA, 0x71, 0xFE, 0x7F, 0x4F, 0xDC, 0x08, 0x70,
	0x3C, 0xEC, 0x76, 0x10, 0x84, 0xDB, 0x78, 0xA2, 0x55, 0x6F, 0x4C, 0x47,
	0x4E, 0x37, 0xD0, 0x1D, 0xE9, 0xB6, 0x2D, 0xFC, 0x12, 0x6B, 0xAF, 0x10,
	0x45, 0xA1, 0x34, 0x54, 0xC6, 0x41, 0x61, 0xE8, 0x47, 0x5B, 0xCC, 0xE2,
	0x15, 0x53, 0xB3, 0x3D, 0x5B, 0xB4, 0x4B, 0x22, 0x0F, 0x69, 0xB2, 0x31,
	0xFD, 0xAA, 0xCA, 0x13, 0x08, 0x7C, 0x63, 0x64, 0xB8, 0xD2, 0xE3, 0xE3,
	0x26, 0x33, 0xBC, 0x3C, 0xE9, 0x8B, 0x61, 0x39, 0x15, 0x42, 0x06, 0xF6,
	0x38, 0x5D, 0x25, 0x7B, 0xBB, 0x00, 0x21, 0xD7, 0x60, 0xAC, 0x4C, 0x00,
	0x15, 0xAE, 0x36, 0x61, 0x3E, 0xFA, 0x50, 0xEC, 0x17, 0x76, 0x9C, 0xB3,
	0xC0, 0xF9, 0x15, 0x14, 0x5E, 0xB1, 0x0D, 0x00, 0x26, 0x21, 0xD9, 0x02,
	0xA6, 0x12, 0x8D, 0xCF, 0x7D, 0xA5, 0xF3, 0xDE, 0x17, 0x74, 0xAE, 0xFA,
	0x2A, 0xCD, 0x40, 0x8F, 0x08, 0x10, 0xD8, 0x07, 0x9C, 0x62, 0xDC, 0x14,
	0xE4, 0x5D, 0x4F, 0x57, 0x64, 0xF8, 0xE8, 0x63, 0x90, 0x89, 0xBE, 0x36,
	0x1B, 0x1E, 0x2D, 0xA2, 0x5D, 0xAC, 0x4B, 0x61, 0xDD, 0xDA, 0x38, 0x2E,
	0x6E, 0x6A, 0x22, 0x2F, 0xE8, 0x81, 0xB4, 0x8C, 0x05, 0x82, 0x49, 0x65,
	0x3C, 0x0B, 0xDD, 0xFA, 0x31, 0xCC, 0xD7, 0x70, 0x45, 0x88, 0xDB, 0x9A,
	0x5F, 0x68, 0xA4, 0x72, 0x7C, 0x9C, 0xC2, 0x3F, 0xDB, 0x9A, 0xC4, 0xFF,
	0xD9, 0xF8, 0xC7, 0x62, 0x1B, 0xCE, 0x87, 0x45, 0x44, 0xF8, 0x4F, 0xCE,
	0x3D, 0xEF, 0x27, 0xF9, 0xA8, 0xB8, 0x5C, 0xCA, 0x0B, 0xFD, 0x9C, 0xE7,
	0xB7, 0x0C, 0xFF, 0x8D, 0xB5, 0xF4, 0x8B, 0x9F, 0xAC, 0x62, 0x12, 0xB8,
	0x5F, 0xF1, 0xC0, 0x78, 0xAF, 0x75, 0xFC, 0x99, 0x0A, 0x68, 0x03, 0xFE,
	0xDD, 0x4E, 0xE1, 0xD3, 0x29, 0xFE, 0x19, 0x9F, 0x40, 0x3B, 0xE0, 0x07,
	0x70, 0x30, 0xE8, 0x4B, 0xA6, 0xA2, 0xDE, 0x87, 0xF1, 0x6F, 0x3B, 0xF8,
	0xCA, 0xF0, 0x4F, 0x3C, 0x3B, 0x6B, 0xD6, 0xDF, 0x28, 0x7D, 0x1F, 0xC1,
	0xBF, 0xD1, 0xFA, 0x8F, 0xF4, 0xB0, 0x7F, 0xF5, 0xFE, 0xFB, 0xEF, 0xEB,
	0x75, 0x91, 0xB6, 0x37, 0xDE, 0x7D, 0xF7, 0xDD, 0x1B, 0x9F, 0x7D, 0xF6,
	0xD9, 0xCD, 0x65, 0x7F, 0xFD, 0xDC, 0xBA, 0x7B, 0xF7, 0xEE, 0x1F, 0x85,
	0x50, 0x5C, 0xBC, 0x8C, 0xCF, 0x97, 0xD3, 0x62, 0xB6, 0x07, 0x8E, 0x10,
	0x08, 0xE5, 0x54, 0xD1, 0xF9, 0x39, 0x37, 0xD0, 0xAF, 0x04, 0x7B, 0xC5,
	0x8E, 0xE7, 0xCD, 0x4C, 0xDD, 0xBD, 0x18, 0x12, 0xB3, 0xF3, 0x47, 0xD9,
	0xEE, 0x3C, 0xA5, 0x1B, 0xC9, 0x0B, 0x81, 0xE2, 0x63, 0x93, 0x0A, 0x17,
	0x69, 0xF1, 0xCA, 0xA5, 0x90, 0x9F, 0x86, 0xAB, 0x0F, 0x48, 0x2C, 0x7C,
	0x3C, 0x00, 0xD3, 0xCF, 0xD3, 0x95, 0x35, 0x02, 0xC2, 0x66, 0x8D, 0xEC,
	0xEA, 0x3E, 0x28, 0x74, 0x65, 0x09, 0xF8, 0xCD, 0x92, 0x6B, 0xA7, 0xB7,
	0xD3, 0x5C, 0xD4, 0x5A, 0xE3, 0xD7, 0xC5, 0xFD, 0x1C, 0xFB, 0x3D, 0x99,
	0x13, 0x75, 0xAC, 0x92, 0xC1, 0xA0, 0x06, 0xEC, 0x4B, 0x3E, 0x2C, 0x63,
	0xD6, 0x92, 0x18, 0x2F, 0x6A, 0xCE, 0x7C, 0xDF, 0x4C, 0xDE, 0x09, 0x9A,
	0xE9, 0x8A, 0xF4, 0x81, 0x7F, 0x9D, 0x14, 0x5D, 0x3B, 0xE7, 0x86, 0xF9,
	0xCC, 0xEC, 0x50, 0xF1, 0xED, 0x3C, 0xA8, 0x4F, 0x25, 0x18, 0xA6, 0xEF,
	0xF8, 0xAF, 0x49, 0xE6, 0xE5, 0x10, 0x9E, 0xF1, 0x34, 0xED, 0xA3, 0xC1,
	0x0E, 0x9B, 0x37, 0xB6, 0xB5, 0xEB, 0x0B, 0xD8, 0x2A, 0xD9, 0x38, 0xA4,
	0x65, 0x6C, 0x18, 0xC4, 0x9B, 0x8A, 0xD3, 0x24, 0x1E, 0x3A, 0x96, 0x1C,
	0xFF, 0xA0, 0x57, 0xA5, 0x7E, 0xC7, 0x54, 0x8A, 0xFF, 0x0C, 0x2F, 0x47,
	0x42, 0x1C, 0x7D, 0x20, 0x30, 0xC1, 0x76, 0xEC, 0xE2, 0x5F, 0xE0, 0xC0,
	0xF9, 0x98, 0x91, 0x2F, 0x6D, 0x82, 0x7F, 0xE1, 0xE7, 0x43, 0xB8, 0xC5,
	0x98, 0x53, 0x79, 0xF4, 0x28, 0x9F, 0x99, 0x08, 0xA3, 0x58, 0x4A, 0x72,
	0xD4, 0xA1, 0xB8, 0x84, 0x9C, 0xDA, 0xE7, 0x19, 0xE7, 0xAF, 0x8E, 0x05,
	0x9C, 0x0F, 0xDC, 0x65, 0x7C, 0x64, 0xAE, 0x5C, 0x86, 0xA2, 0x17, 0x7D,
	0xBB, 0xF8, 0xAF, 0xB5, 0x1E, 0x5E, 0xFF, 0xD7, 0x43, 0xBA, 0x7B, 0x65,
	0xF0, 0x72, 0xEE, 0x6F, 0x96, 0xCF, 0x93, 0xE5, 0xF3, 0xF4, 0x83, 0x0F,
	0x3E, 0xA8, 0x1F, 0x7D, 0xF4, 0xD1, 0x33, 0xE0, 0x1D, 0x7F, 0x6C, 0x6C,
	0x7D, 0xBF, 0xE5, 0x93, 0x4F, 0x3E, 0x59, 0xDF, 0x6B, 0xB9, 0xB5, 0x7E,
	0x5E, 0x7B, 0xED, 0xB5, 0xDB, 0x4B, 0xF7, 0xFF, 0x4B, 0x8C, 0xC1, 0x24,
	0xD5, 0x8D, 0x29, 0xA7, 0x5F, 0xE2, 0xDC, 0xCE, 0x8B, 0x5F, 0xAA, 0xEC,
	0x13, 0xC2, 0x7E, 0x9D, 0x25, 0x58, 0x9B, 0x54, 0x8D, 0xCD, 0x61, 0xAA,
	0x28, 0x52, 0x7C, 0xB2, 0xBE, 0xE9, 0x6D, 0x2D, 0x94, 0x85, 0x80, 0x50,
	0xC1, 0xA5, 0xE8, 0x59, 0xA6, 0xBB, 0xC3, 0x44, 0x32, 0x63, 0xFD, 0x55,
	0xD2, 0x50, 0x01, 0x2E, 0xD4, 0x9E, 0xD9, 0x22, 0x81, 0xC5, 0xB1, 0xBB,
	0x33, 0xDE, 0x6C, 0x5C, 0xEC, 0x4C, 0x24, 0x5D, 0x63, 0x9A, 0x9D, 0x76,
	0x78, 0x31, 0xB2, 0x58, 0x14, 0xCD, 0x1E, 0xCF, 0xCD, 0xE6, 0xB4, 0xEB,
	0xCB, 0x3E, 0xE6, 0x47, 0x45, 0x38, 0x0E, 0x93, 0x08, 0xC5, 0xC1, 0xAE,
	0xFE, 0x98, 0x98, 0x6D, 0xE7, 0x6A, 0x2A, 0x76, 0x3F, 0x1F, 0x6E, 0x71,
	0xF1, 0xE3, 0xD8, 0xAD, 0xA0, 0x57, 0x88, 0x6F, 0x9B, 0x37, 0x5C, 0xA8,
	0xC2, 0x31, 0x2A, 0x01, 0xB2, 0x4C, 0xC9, 0x31, 0x98, 0x97, 0xB5, 0x5F,
	0xFD, 0xAA, 0xEA, 0x5E, 0x2B, 0x63, 0x41, 0x35, 0x4B, 0x9A, 0xE7, 0xC4,
	0xCB, 0x60, 0x8B, 0xEF, 0x9B, 0xCD, 0xBF, 0x25, 0x53, 0x4F, 0x17, 0x52,
	0x85, 0xFB, 0x95, 0x4D, 0x75, 0x72, 0xC1, 0x83, 0x32, 0x3D, 0xF6, 0xD0,
	0x8F, 0x85, 0x16, 0x46, 0xB3, 0x1C, 0xFF, 0x2E, 0x6B, 0x3D, 0x2C, 0xA2,
	0x08, 0x32, 0xE5, 0x8C, 0x7A, 0xAC, 0x08, 0x98, 0x8D, 0x67, 0x9D, 0x12,
	0x9A, 0xFD, 0xC9, 0x16, 0x43, 0x77, 0x58, 0x73, 0xD1, 0xC9, 0x38, 0x38,
	0x0B, 0x8F, 0x33, 0xFC, 0xE3, 0x5C, 0x1D, 0xC0, 0xCF, 0x21, 0x79, 0x07,
	0x68, 0xB3, 0x58, 0x35, 0xC4, 0xFC, 0xDA, 0x7F, 0x14, 0xFF, 0x07, 0xE2,
	0x5A, 0xC9, 0x3D, 0x1B, 0xFF, 0x30, 0xE7, 0x72, 0xFD, 0x17, 0x32, 0x43,
	0xF3, 0xC2, 0xE5, 0xC1, 0x83, 0x07, 0xAF, 0xDD, 0xBB, 0x77, 0xEF, 0xC9,
	0x72, 0x13, 0x65, 0x7D, 0x5C, 0xF4, 0xAC, 0x7D, 0x4E, 0x7A, 0xC3, 0x76,
	0xFD, 0xDC, 0x78, 0xE7, 0x9D, 0x77, 0x6E, 0x7C, 0xFE, 0xF9, 0xE7, 0x5B,
	0xE1, 0xF2, 0x9B, 0xDF, 0xFC, 0xE6, 0xCE, 0x22, 0xF8, 0xFF, 0x9A, 0x70,
	0xAC, 0x4A, 0x44, 0x19, 0x88, 0xD9, 0xC9, 0xB0, 0x1F, 0x6E, 0x63, 0xB2,
	0x0C, 0xDB, 0x4F, 0x58, 0x7D, 0xA1, 0xCC, 0x40, 0x52, 0xC5, 0x9D, 0x8B,
	0xC9, 0x64, 0xAA, 0xAB, 0xA7, 0x01, 0x24, 0x46, 0x57, 0xC8, 0xB5, 0x1E,
	0xFA, 0xCD, 0x87, 0x59, 0xC2, 0x96, 0x55, 0x3A, 0x02, 0x91, 0x74, 0xAD,
	0x91, 0x6D, 0x09, 0xF4, 0x07, 0x65, 0xA6, 0xBA, 0x94, 0xE7, 0x4D, 0x9E,
	0x73, 0xB6, 0xA6, 0xF5, 0xEF, 0x6A, 0xD8, 0xE9, 0x20, 0x6C, 0xCD, 0xA2,
	0x5D, 0x09, 0x8F, 0x81, 0x96, 0xC6, 0xED, 0x26, 0x64, 0x58, 0x34, 0x32,
	0xF0, 0x0E, 0xF3, 0x97, 0x24, 0x00, 0x2E, 0xC8, 0x53, 0xBB, 0x69, 0x9F,
	0x5B, 0x51, 0xC9, 0x91, 0xC7, 0x0A, 0xAC, 0x64, 0x89, 0xC3, 0x0E, 0xB4,
	0xA1, 0x30, 0x4F, 0x09, 0xA3, 0x9F, 0x5D, 0xE1, 0xB4, 0x88, 0x32, 0xB3,
	0xBD, 0x24, 0x18, 0x78, 0xAF, 0x5B, 0x7C, 0xB1, 0x4F, 0xE0, 0xAE, 0x24,
	0x49, 0x34, 0xC4, 0x5C, 0xC9, 0x93, 0xDE, 0xDE, 0x62, 0x31, 0x60, 0x4C,
	0xD8, 0x5C, 0xC1, 0xF6, 0x92, 0x8C, 0x35, 0x11, 0x23, 0x86, 0xB2, 0x31,
	0xA1, 0xA7, 0xCA, 0xE8, 0xD8, 0x9F, 0x16, 0x39, 0x19, 0xFE, 0x15, 0x3D,
	0xEB, 0x72, 0xB4, 0xED, 0x61, 0xAB, 0xF1, 0x9C, 0x16, 0x80, 0x94, 0x3B,
	0x8F, 0xCA, 0x08, 0xB6, 0xAB, 0x9C, 0x76, 0x14, 0xFF, 0x66, 0xF6, 0x52,
	0xF1, 0x5F, 0x45, 0xC1, 0x3A, 0xB3, 0xBB, 0xED, 0x23, 0xDD, 0x5E, 0x01,
	0xC1, 0x31, 0x69, 0x66, 0x2F, 0x74, 0x87, 0x51, 0xD1, 0xEE, 0x15, 0x6F,
	0x32, 0x76, 0xCE, 0xC1, 0x7F, 0xE3, 0xD3, 0xC7, 0x22, 0xEF, 0x75, 0x4B,
	0x2F, 0xF6, 0x0E, 0x71, 0xBB, 0x8E, 0xF9, 0xFE, 0xFB, 0xEF, 0xBD, 0xFF,
	0x35, 0x7B, 0xFE, 0x8E, 0xCB, 0x7A, 0xD7, 0xE5, 0x59, 0x93, 0xD9, 0x83,
	0xE9, 0xCA, 0x17, 0x99, 0xF6, 0x83, 0x73, 0xB6, 0x14, 0x2D, 0xF6, 0x67,
	0x7F, 0xF6, 0x67, 0xB6, 0x54, 0x3B, 0xE5, 0xA7, 0x9F, 0x7E, 0xDA, 0x0A,
	0x1A, 0x70, 0x66, 0x15, 0x06, 0x74, 0xE1, 0xB5, 0xCA, 0xC7, 0x1E, 0x46,
	0xC9, 0x01, 0x27, 0x88, 0x81, 0x50, 0xC9, 0x31, 0xEE, 0xCC, 0x92, 0xC9,
	0xB4, 0x53, 0x70, 0xF2, 0xB9, 0x10, 0x40, 0x1C, 0xF0, 0xEB, 0x3E, 0x3E,
	0x62, 0x71, 0xFD, 0x4D, 0x27, 0x64, 0x05, 0x96, 0xBE, 0xB0, 0x4C, 0xFE,
	0x2B, 0xA6, 0x09, 0xBD, 0x2B, 0xED, 0xF7, 0xC7, 0x64, 0x22, 0x70, 0xBA,
	0xEF, 0x49, 0x46, 0x81, 0xCF, 0x9E, 0xBC, 0xA3, 0x3A, 0x6D, 0x8B, 0xB3,
	0xEB, 0x02, 0x01, 0x86, 0x20, 0xCC, 0xE6, 0x82, 0x75, 0x8B, 0x42, 0x20,
	0x89, 0x34, 0x39, 0x43, 0x82, 0x62, 0xBE, 0xDE, 0x70, 0x71, 0xF0, 0x71,
	0x25, 0x49, 0xC6, 0xA0, 0xB3, 0xF1, 0xBC, 0xB3, 0x5C, 0xA0, 0x2F, 0xC0,
	0x77, 0xD8, 0xB6, 0x79, 0xE1, 0xE1, 0x5C, 0xC0, 0xAA, 0x7D, 0xFE, 0x18,
	0x33, 0x41, 0x1D, 0xD5, 0x79, 0xB3, 0xE9, 0x23, 0x99, 0xCA, 0xFB, 0x4C,
	0x53, 0x77, 0x8A, 0x1B, 0xF2, 0xD7, 0x96, 0xA0, 0xDB, 0xAD, 0xDB, 0x8A,
	0x78, 0x60, 0xFC, 0xD7, 0x78, 0xB1, 0x90, 0xCA, 0x63, 0xBF, 0x33, 0xFE,
	0x39, 0x89, 0x61, 0xCC, 0x59, 0x4C, 0xDC, 0x45, 0xE9, 0x6C, 0x94, 0xCC,
	0x6C, 0x92, 0x9F, 0x6C, 0xA7, 0x68, 0x81, 0xFC, 0x55, 0x44, 0x7C, 0x0D,
	0x45, 0x24, 0xC4, 0x55, 0x11, 0x71, 0x65, 0x99, 0x2F, 0xD0, 0x6E, 0xB6,
	0xDF, 0xA2, 0x9D, 0xB3, 0xD8, 0x95, 0xF8, 0x87, 0x58, 0x65, 0xDB, 0xB3,
	0x16, 0xF0, 0xCF, 0xF9, 0x11, 0xB7, 0xAE, 0x43, 0x00, 0x81, 0xD0, 0x8D,
	0xCE, 0x1B, 0xD3, 0x0A, 0xFA, 0xBE, 0x8B, 0x7A, 0x21, 0xFE, 0x13, 0x1F,
	0x8C, 0xC6, 0xBC, 0x64, 0xFC, 0x1B, 0x14, 0xCB, 0x68, 0x3A, 0xF1, 0xAB,
	0x89, 0x9C, 0xFE, 0xC1, 0xBC, 0xB5, 0x67, 0xBB, 0xE3, 0x90, 0xFB, 0x59,
	0x6F, 0x9A, 0x9F, 0x5D, 0xFC, 0xD7, 0xC9, 0x05, 0xC5, 0xDA, 0xE8, 0x1D,
	0x9E, 0x6B, 0xE1, 0x9F, 0xED, 0xCA, 0xF0, 0x0F, 0x63, 0xC3, 0x79, 0x7C,
	0xED, 0xC2, 0x4E, 0xDF, 0x78, 0x1E, 0xE2, 0xBC, 0x33, 0x69, 0x03, 0xFD,
	0xC5, 0xDC, 0xF5, 0x6E, 0xCB, 0xFA, 0x7E, 0xCB, 0xED, 0xE5, 0x73, 0x67,
	0x79, 0x5C, 0xF4, 0x05, 0x4D, 0x78, 0x5A, 0x99, 0xC1, 0xE4, 0x76, 0x90,
	0xB7, 0x73, 0x0C, 0xD2, 0x1E, 0x90, 0xEA, 0x2B, 0xCE, 0x10, 0xB0, 0x5C,
	0x08, 0x39, 0x6F, 0xE7, 0xD3, 0xFB, 0x2B, 0x5D, 0xD9, 0x23, 0x0F, 0xD4,
	0xDD, 0xE2, 0x44, 0x84, 0x24, 0xE6, 0xBA, 0xA2, 0x2E, 0x20, 0x83, 0x93,
	0x69, 0x90, 0x13, 0xC9, 0xC2, 0xF8, 0x82, 0x36, 0x21, 0x5F, 0xE8, 0x1B,
	0x12, 0x2A, 0xDA, 0xE1, 0x4C, 0x14, 0xF8, 0x49, 0x3E, 0xDA, 0x19, 0xC8,
	0x4C, 0x24, 0x6C, 0xE6, 0x5F, 0xCA, 0xF0, 0xCF, 0x25, 0x0D, 0x6C, 0x36,
	0x71, 0x9C, 0x26, 0x12, 0x06, 0x0D, 0x00, 0x8D, 0x6F, 0x2B, 0x4E, 0xF9,
	0x10, 0x4F, 0x99, 0xC8, 0x28, 0x66, 0x3A, 0x5B, 0x4E, 0x12, 0x88, 0x33,
	0x96, 0xC9, 0x3C, 0x99, 0xAF, 0x52, 0x87, 0x8E, 0x55, 0x1C, 0x77, 0x59,
	0x8A, 0x05, 0xC4, 0x81, 0xE2, 0xCD, 0x73, 0xD4, 0xE3, 0x84, 0x63, 0x8C,
	0x63, 0x9E, 0xF7, 0x95, 0xEE, 0x34, 0x07, 0xC3, 0x18, 0xC4, 0x2D, 0xE3,
	0xDF, 0x6C, 0x7E, 0x67, 0xCC, 0x2C, 0xBF, 0xD5, 0x6D, 0x84, 0xFF, 0x2C,
	0x97, 0x58, 0x1E, 0x13, 0x47, 0x63, 0x46, 0xF1, 0xE8, 0xF8, 0x6F, 0xB2,
	0x82, 0x0F, 0x14, 0xFE, 0x45, 0xCC, 0xCC, 0xFC, 0x31, 0xAE, 0x0E, 0x02,
	0xD7, 0xC2, 0xB7, 0xCC, 0x03, 0x13, 0x7D, 0x8A, 0xFF, 0x75, 0x28, 0xDE,
	0x86, 0xC7, 0x98, 0x43, 0x9C, 0x99, 0xD9, 0x91, 0xBB, 0xCC, 0xC3, 0xE3,
	0x87, 0x4C, 0xAE, 0xC2, 0x0A, 0xB7, 0x9A, 0x14, 0x6E, 0x34, 0x2E, 0x9D,
	0x4B, 0xC5, 0x3A, 0xC3, 0x3F, 0x9F, 0x7B, 0x59, 0xF8, 0x47, 0xBE, 0x4A,
	0x17, 0xD2, 0x75, 0x8A, 0x7F, 0x18, 0x67, 0x13, 0xB7, 0x05, 0xFD, 0x38,
	0x4E, 0x38, 0x86, 0x48, 0xCE, 0x61, 0xFC, 0x67, 0x74, 0x2F, 0x8A, 0x7F,
	0xE8, 0xCF, 0xEE, 0x4E, 0x6D, 0xAC, 0xD9, 0x1E, 0xB4, 0xC1, 0x1F, 0x15,
	0x2D, 0x37, 0x4F, 0xEE, 0xFD, 0xE9, 0x4F, 0x7F, 0x7A, 0x6C, 0xCF, 0xEF,
	0xBA, 0xF8, 0xA3, 0xA2, 0x53, 0xA1, 0x45, 0x4A, 0xB0, 0x42, 0x05, 0x80,
	0xA5, 0xC0, 0x1E, 0xEE, 0x68, 0x18, 0x2D, 0x76, 0x65, 0x4C, 0x04, 0x1B,
	0x99, 0x6F, 0x5B, 0xD1, 0x52, 0xC9, 0x40, 0xA4, 0x0F, 0x93, 0x5C, 0xDA,
	0x1D, 0x01, 0xD2, 0xD3, 0xEF, 0x48, 0x0C, 0xF4, 0xCE, 0x83, 0xEC, 0xAB,
	0x1C, 0x68, 0x4E, 0x43, 0x15, 0x5F, 0xFF, 0x66, 0x11, 0xFC, 0x60, 0x5E,
	0x1F, 0x97, 0x01, 0xBB, 0xBD, 0x59, 0x5F, 0xF0, 0xDB, 0x37, 0x3C, 0xF9,
	0x02, 0x58, 0x05, 0xFD, 0x98, 0x80, 0xBC, 0x5F, 0xF1, 0x64, 0x01, 0x49,
	0x76, 0x6E, 0xAC, 0x8C, 0x74, 0x86, 0x40, 0x71, 0xFD, 0x0D, 0x58, 0x16,
	0x90, 0x5F, 0xC8, 0x66, 0x75, 0xAC, 0x5A, 0x85, 0x20, 0xC5, 0xD2, 0xDD,
	0x75, 0x0A, 0xF6, 0x80, 0x2F, 0xA2, 0x01, 0xE2, 0x38, 0x28, 0x09, 0x04,
	0xF8, 0xC3, 0x51, 0xE2, 0xB4, 0x6A, 0x32, 0x39, 0x61, 0xAC, 0xAB, 0x79,
	0x73, 0x72, 0x1B, 0x0B, 0xB9, 0x34, 0x69, 0x89, 0x18, 0xB6, 0x49, 0x9F,
	0x4C, 0xE4, 0x18, 0x27, 0x4E, 0xEF, 0x7A, 0xF0, 0xCB, 0xE1, 0xA4, 0x37,
	0xEA, 0x1A, 0x74, 0xE6, 0x18, 0xA4, 0x85, 0x0E, 0x71, 0xC8, 0x7C, 0xBA,
	0x8C, 0x6C, 0x41, 0x83, 0x31, 0xDC, 0x0A, 0xCA, 0xA4, 0x31, 0x2C, 0xD7,
	0xF9, 0x86, 0xD3, 0x66, 0xE9, 0x5D, 0xBF, 0x23, 0x0B, 0xC2, 0x74, 0xD1,
	0x55, 0xF8, 0x6F, 0x3A, 0xA5, 0xF8, 0x47, 0x9E, 0x70, 0x3E, 0xE8, 0xE8,
	0xE3, 0x2B, 0x5D, 0x5C, 0xF1, 0xBC, 0x0A, 0x1D, 0xA7, 0xF8, 0xAF, 0x35,
	0xFD, 0x9F, 0x6E, 0x18, 0xCB, 0xD9, 0x45, 0x0E, 0xEB, 0xDC, 0xF9, 0x13,
	0x1E, 0x06, 0xB9, 0xB8, 0xCF, 0xCD, 0xE3, 0x82, 0xF1, 0xCF, 0x3C, 0xC0,
	0x56, 0x57, 0xD8, 0xF6, 0x9A, 0x92, 0xEF, 0x8B, 0xAB, 0xCB, 0xB2, 0x17,
	0xC4, 0xBF, 0xAF, 0x6B, 0x7E, 0xAA, 0x4C, 0xF0, 0x0F, 0xF3, 0x23, 0xF1,
	0xCF, 0xB1, 0xED, 0xE7, 0x26, 0x8D, 0xF3, 0xF5, 0x76, 0x00, 0x6B, 0x49,
	0x58, 0x53, 0xD6, 0x76, 0x1D, 0xFC, 0xA3, 0x4D, 0x70, 0xA7, 0xE5, 0x85,
	0xF1, 0x4F, 0xFA, 0x1F, 0xC6, 0xBF, 0x70, 0x93, 0x2D, 0x45, 0xCB, 0x46,
	0xF2, 0xBB, 0xDF, 0xFD, 0x6E, 0xFD, 0xF7, 0x43, 0x92, 0x91, 0x2B, 0x7B,
	0xB5, 0x10, 0xDD, 0xF8, 0xFD, 0xEF, 0x7F, 0xBF, 0x7D, 0x9B, 0xA8, 0x7D,
	0x5E, 0xB9, 0x7B, 0xF7, 0xEE, 0x17, 0xC3, 0x20, 0x4A, 0x26, 0x04, 0x2E,
	0x59, 0x5D, 0x11, 0x8B, 0xAC, 0xCF, 0xCC, 0x64, 0x35, 0x87, 0x32, 0x43,
	0x12, 0x40, 0x9A, 0x1A, 0xAF, 0xF2, 0xF9, 0xCA, 0x45, 0xB5, 0x2A, 0x26,
	0x8C, 0x7F, 0x73, 0x46, 0x2E, 0x26, 0x48, 0xEF, 0x93, 0x86, 0xA0, 0x9F,
	0xD1, 0x20, 0x5F, 0x35, 0xC6, 0xAF, 0xA2, 0xAA, 0xB8, 0xDA, 0x03, 0xB6,
	0xFB, 0x48, 0x8F, 0x63, 0x03, 0x1F, 0xD2, 0x71, 0xB8, 0x1B, 0x34, 0xE1,
	0x65, 0xC4, 0xEF, 0xF9, 0x4E, 0xBC, 0x93, 0xE2, 0x7D, 0x1B, 0x5F, 0xFE,
	0x1A, 0x39, 0x9E, 0xAB, 0xE2, 0xAA, 0xE4, 0x3A, 0x6D, 0xA6, 0x77, 0x9D,
	0x5F, 0x91, 0x0C, 0xF3, 0x5B, 0xE2, 0x62, 0x30, 0xC4, 0xB7, 0x25, 0x09,
	0xC6, 0xC8, 0x0E, 0x85, 0x13, 0xB1, 0x78, 0x78, 0x22, 0x30, 0xB6, 0xC7,
	0xFD, 0x96, 0xC5, 0x2F, 0xC6, 0x38, 0xEA, 0x94, 0xD8, 0xF9, 0x8F, 0xD2,
	0x26, 0xF1, 0x3E, 0xE8, 0x82, 0x24, 0xC9, 0x82, 0xB0, 0x8D, 0xB1, 0x1D,
	0x91, 0x46, 0x3E, 0x53, 0xFE, 0xB3, 0x89, 0x6F, 0x51, 0x4F, 0x96, 0xB9,
	0x87, 0x7F, 0xE7, 0x57, 0x62, 0x71, 0xAA, 0xDE, 0x8F, 0x60, 0x39, 0x1E,
	0x6B, 0x38, 0x2F, 0x1B, 0x4B, 0x1C, 0xD3, 0xE6, 0x3D, 0xBB, 0xCA, 0xAD,
	0x55, 0xDC, 0x4D, 0x50, 0x8D, 0xF5, 0x03, 0x99, 0x83, 0x8E, 0x59, 0x8C,
	0xD4, 0xB1, 0x30, 0x1A, 0x0A, 0xA1, 0x51, 0x6C, 0x2F, 0x58, 0xF6, 0x62,
	0x4F, 0xE5, 0xA5, 0xC1, 0x86, 0x59, 0xAB, 0x79, 0x5E, 0xEF, 0xE7, 0x33,
	0x2C, 0xCF, 0xF0, 0x4F, 0x3C, 0xA6, 0xF1, 0xBD, 0x47, 0x8B, 0xA7, 0x5B,
	0x2E, 0x9C, 0xDE, 0x99, 0xF4, 0x36, 0x8B, 0x5B, 0x3F, 0x2F, 0x78, 0x6D,
	0xA7, 0xFE, 0x39, 0xF1, 0x0F, 0x31, 0x37, 0xE8, 0xA2, 0xC6, 0x94, 0x12,
	0xEE, 0xEC, 0x18, 0xFC, 0x8E, 0xCB, 0xEB, 0xF6, 0xFC, 0xFD, 0x96, 0xED,
	0x9B, 0x45, 0x26, 0xEE, 0xB8, 0xF4, 0xB6, 0x14, 0x2D, 0xF6, 0xD6, 0x5B,
	0x6F, 0x6D, 0xFB, 0x4B, 0xC1, 0x52, 0x5E, 0x7D, 0xF5, 0x55, 0x54, 0x22,
	0x54, 0x6E, 0x2D, 0x68, 0xA5, 0x53, 0x60, 0x41, 0x1A, 0x82, 0x7C, 0xC7,
	0x91, 0x43, 0xE5, 0x0A, 0xB6, 0xF2, 0xC4, 0xF4, 0x73, 0xAE, 0x23, 0x88,
	0x52, 0x0B, 0x88, 0xAC, 0x00, 0x59, 0x17, 0xD4, 0x1D, 0x74, 0xC2, 0xE0,
	0xC0, 0xC5, 0x9A, 0xEF, 0x38, 0x99, 0x08, 0x24, 0xD4, 0xB5, 0x04, 0xC1,
	0x62, 0x0C, 0xF8, 0x09, 0x79, 0x74, 0x80, 0x35, 0x5A, 0x4E, 0x6A, 0xA1,
	0x51, 0x42, 0x29, 0xA0, 0x37, 0x56, 0xBA, 0x2C, 0x63, 0xB0, 0x4F, 0xB4,
	0x82, 0xBA, 0x88, 0x7E, 0x13, 0xBA, 0x84, 0xC3, 0x3E, 0xA0, 0x14, 0xF9,
	0xA2, 0x96, 0xD0, 0x7F, 0x60, 0x09, 0x3C, 0xFC, 0xB8, 0x1E, 0x1D, 0xC3,
	0xC9, 0xB7, 0xC9, 0x0E, 0x8F, 0xE6, 0x90, 0x17, 0x86, 0x07, 0xCD, 0xA3,
	0x5A, 0x78, 0xFB, 0x3C, 0x36, 0xF3, 0x06, 0x3E, 0x08, 0x58, 0x83, 0xAB,
	0x17, 0x8E, 0xF5, 0x4A, 0xB7, 0x83, 0x0F, 0xB4, 0xAE, 0x93, 0x4A, 0xCE,
	0x84, 0x97, 0x59, 0x0B, 0xF1, 0x80, 0xB8, 0xC5, 0xAD, 0x9F, 0x3B, 0x17,
	0xFF, 0x66, 0x76, 0x2D, 0xFC, 0x1B, 0x61, 0x01, 0x5C, 0xCB, 0x73, 0x1F,
	0xF2, 0x52, 0x1D, 0x0B, 0x90, 0xA0, 0x27, 0xC0, 0x70, 0xD0, 0x1D, 0xE4,
	0xED, 0xE1, 0x73, 0xC0, 0x3F, 0xFA, 0x0B, 0xC3, 0x80, 0xE4, 0x0C, 0xF8,
	0xA7, 0xBB, 0x3E, 0x21, 0xE7, 0xAD, 0x7C, 0xFC, 0x8E, 0xAE, 0x81, 0x42,
	0x36, 0xB6, 0x8A, 0xFE, 0xF7, 0x80, 0x12, 0xF9, 0x66, 0x74, 0x64, 0x12,
	0xFB, 0x2D, 0x1E, 0x0B, 0xE1, 0x16, 0x6D, 0x3F, 0x12, 0xA4, 0x81, 0xFD,
	0x1E, 0xFE, 0x95, 0x69, 0x42, 0xBF, 0xCA, 0x7A, 0x7B, 0xF3, 0xFF, 0x99,
	0x87, 0xA7, 0x5F, 0x04, 0xFF, 0xD0, 0x57, 0x6C, 0x52, 0xB4, 0xB4, 0xF1,
	0x83, 0x4E, 0x2E, 0x1A, 0x59, 0xA1, 0x4E, 0xC0, 0x4A, 0x99, 0x63, 0x82,
	0x97, 0x11, 0xAF, 0x7F, 0x76, 0xFC, 0x97, 0x53, 0xC1, 0x62, 0xAC, 0x0B,
	0xE9, 0x14, 0xEC, 0xF0, 0x71, 0xC8, 0xCA, 0x6B, 0x91, 0xEC, 0x8E, 0x8B,
	0x6F, 0xFD, 0x27, 0xFE, 0xFD, 0xF7, 0x5B, 0x6E, 0x2F, 0xD5, 0xCF, 0x9D,
	0x7B, 0xF7, 0xEE, 0x7D, 0xA1, 0x04, 0x0E, 0x8C, 0x28, 0xC9, 0x16, 0x5D,
	0x11, 0x72, 0xA2, 0xC6, 0x24, 0x1E, 0x8A, 0x0D, 0x11, 0x60, 0x86, 0x7A,
	0xD4, 0xF1, 0x4A, 0xBD, 0x0F, 0xA9, 0x35, 0xFD, 0x91, 0xA1, 0x6A, 0x07,
	0x2A, 0xD2, 0x99, 0xAD, 0x14, 0x0C, 0xE1, 0x9B, 0x51, 0x36, 0x5F, 0xCC,
	0x06, 0xFF, 0x64, 0x36, 0xBA, 0xCE, 0x02, 0xD8, 0xE8, 0x43, 0xE4, 0x11,
	0x82, 0x63, 0x66, 0x1B, 0xEB, 0xE2, 0x34, 0xE5, 0xBC, 0x45, 0x32, 0xD8,
	0x46, 0x73, 0x62, 0x55, 0xDF, 0xE1, 0x30, 0xB6, 0x0F, 0x74, 0xD8, 0x95,
	0x41, 0xB4, 0xDD, 0x0F, 0x33, 0x7A, 0x90, 0x25, 0xFB, 0xB3, 0xB1, 0x1C,
	0x0E, 0x16, 0x0B, 0x12, 0x39, 0x57, 0xA4, 0x63, 0xB8, 0x9A, 0x83, 0x7D,
	0x9C, 0x47, 0x65, 0x40, 0x88, 0x4F, 0x88, 0x81, 0xA2, 0x64, 0xF1, 0xDC,
	0xCF, 0xE2, 0x18, 0x63, 0x03, 0xF8, 0xCF, 0xF4, 0x30, 0x1B, 0x0B, 0xE4,
	0xC3, 0xC1, 0xA1, 0xF0, 0xAF, 0x74, 0x99, 0xF0, 0x97, 0x8B, 0x9A, 0xE5,
	0xF3, 0x51, 0x6B, 0xD5, 0xBF, 0x98, 0xBC, 0x87, 0x7F, 0xB3, 0xE3, 0x57,
	0xCE, 0x34, 0xB7, 0x05, 0xE4, 0xCC, 0xEE, 0xB4, 0x58, 0xC6, 0xAB, 0x8D,
	0x2F, 0x47, 0xCE, 0x23, 0x56, 0xD9, 0xA6, 0x3D, 0xFA, 0x99, 0x0E, 0x53,
	0x82, 0x03, 0xE3, 0x18, 0xFF, 0x4C, 0x33, 0xC3, 0x78, 0x39, 0x88, 0xFF,
	0x12, 0x8B, 0x28, 0x29, 0xCF, 0x26, 0xF8, 0x3F, 0x60, 0xE3, 0xEE, 0xD8,
	0x23, 0x7C, 0x28, 0xEE, 0x31, 0x26, 0x87, 0xB5, 0x2A, 0xC3, 0xBF, 0x89,
	0xDC, 0x6A, 0x3B, 0x3A, 0xFF, 0x4B, 0xC1, 0x3F, 0xE5, 0x75, 0xB9, 0xFE,
	0xF3, 0x6F, 0xB7, 0xE0, 0x79, 0xF8, 0x1D, 0x97, 0x37, 0x96, 0xCF, 0xE3,
	0xE5, 0x29, 0xD0, 0x93, 0xE5, 0x86, 0xCA, 0x76, 0xC7, 0xA5, 0xF9, 0x6C,
	0x1B, 0x7B, 0x85, 0xC2, 0x16, 0xA2, 0xED, 0x8E, 0xCB, 0x6F, 0x7F, 0xFB,
	0xDB, 0x41, 0x21, 0x37, 0xB4, 0xD6, 0x58, 0xA1, 0xF3, 0x2E, 0x26, 0x0A,
	0x74, 0x8E, 0x9D, 0x1C, 0x6C, 0xC2, 0xBF, 0x6A, 0x81, 0x0F, 0x88, 0x4B,
	0x9C, 0x5C, 0x84, 0x8E, 0x26, 0x74, 0x0F, 0x3A, 0x52, 0x72, 0x63, 0xE7,
	0x55, 0xD8, 0xE7, 0x36, 0xDC, 0x6A, 0x45, 0x56, 0x38, 0x66, 0xED, 0x77,
	0x13, 0xD6, 0x8F, 0x57, 0xFF, 0x68, 0x0F, 0x99, 0xD8, 0xFB, 0x51, 0x4F,
	0xE4, 0x01, 0xF4, 0x55, 0x8D, 0x1B, 0x98, 0xED, 0xB4, 0x4A, 0x57, 0x21,
	0x07, 0xE8, 0xBB, 0x7F, 0x7C, 0x9E, 0xF1, 0x23, 0x78, 0x96, 0x3D, 0x39,
	0x55, 0x5F, 0x55, 0xF9, 0x6E, 0x99, 0xF4, 0xF3, 0x40, 0x04, 0x3D, 0xCE,
	0x61, 0xDF, 0x57, 0x3E, 0x13, 0xBC, 0x59, 0xCF, 0x50, 0x80, 0xD4, 0x9A,
	0xBF, 0x4D, 0x0F, 0xC7, 0x2A, 0xBE, 0x30, 0x5E, 0xCA, 0x24, 0x69, 0x6D,
	0x27, 0x13, 0x70, 0xA3, 0x98, 0xAA, 0xE2, 0x01, 0xB7, 0x90, 0x30, 0x31,
	0x76, 0xC2, 0xDD, 0x01, 0xA4, 0xB1, 0x88, 0x45, 0x96, 0x9B, 0xE2, 0x3F,
	0x8B, 0x1F, 0xC6, 0x7F, 0xA5, 0x02, 0x0F, 0xEC, 0x56, 0x0B, 0x14, 0xEB,
	0x30, 0x24, 0x53, 0xF6, 0x8D, 0x48, 0xDC, 0x26, 0xC6, 0xBF, 0x14, 0xFC,
	0x1B, 0x15, 0x93, 0x68, 0x2B, 0xE0, 0x21, 0x14, 0x51, 0x8A, 0xD7, 0x2C,
	0x26, 0x0B, 0x11, 0x94, 0x32, 0x2C, 0x42, 0xF2, 0x22, 0x61, 0x22, 0x53,
	0xB6, 0x73, 0xF0, 0x3F, 0xA3, 0xF5, 0x3C, 0xE5, 0xE4, 0xA0, 0x6F, 0xEF,
	0x13, 0x3C, 0x6D, 0xD2, 0x17, 0x7C, 0x8C, 0x7E, 0x15, 0x7A, 0x04, 0xFC,
	0x3B, 0x4E, 0x67, 0x31, 0x7A, 0x04, 0xFF, 0x8C, 0x21, 0x31, 0x2E, 0xF0,
	0x15, 0xBF, 0x59, 0x16, 0xF0, 0x0F, 0x6C, 0x53, 0xFC, 0xA3, 0x7D, 0x0A,
	0xFF, 0x60, 0x17, 0x16, 0x2D, 0xCE, 0xB8, 0x6F, 0xFF, 0x29, 0xF1, 0x0F,
	0x73, 0x13, 0x8C, 0x44, 0xFC, 0x83, 0x4F, 0xD8, 0xEE, 0x2A, 0xE4, 0x6D,
	0x6D, 0x7D, 0x0A, 0x04, 0xE3, 0x86, 0xC0, 0x70, 0x45, 0x6F, 0xC2, 0x67,
	0xFD, 0x56, 0xD1, 0xAB, 0xCB, 0x1D, 0x97, 0x3F, 0xD8, 0x99, 0xAD, 0x50,
	0x75, 0xEC, 0xFF, 0xF7, 0x07, 0x13, 0xAD, 0x51, 0xA2, 0x2A, 0x45, 0xBE,
	0xC5, 0x1C, 0xAE, 0x90, 0x12, 0xCC, 0x54, 0x11, 0xCC, 0xD2, 0x61, 0xC8,
	0x33, 0x63, 0xE4, 0xCF, 0xB7, 0x67, 0x7A, 0x98, 0xA5, 0x8F, 0xC8, 0x9C,
	0xD6, 0x50, 0x36, 0xF0, 0xC0, 0x3E, 0xF9, 0x9C, 0xB9, 0x94, 0xE1, 0x7F,
	0x30, 0x05, 0x9B, 0x10, 0x3C, 0xEE, 0x33, 0xF4, 0x8D, 0x00, 0x68, 0x69,
	0x74, 0x15, 0xF7, 0xD9, 0x8E, 0x72, 0x5A, 0x00, 0xF9, 0xEA, 0x80, 0x2B,
	0x77, 0xC3, 0x7E, 0xB0, 0xA9, 0xA2, 0x2E, 0xA5, 0xE8, 0xFF, 0x87, 0x21,
	0xF4, 0x32, 0xDB, 0x99, 0x13, 0x07, 0x40, 0x19, 0x17, 0x19, 0x43, 0x3B,
	0x00, 0x74, 0x72, 0x0E, 0x30, 0x19, 0x78, 0x82, 0x71, 0x96, 0x55, 0x2F,
	0xAA, 0xA1, 0x09, 0x5A, 0x25, 0xA7, 0xEB, 0xC9, 0xFF, 0xEF, 0x0A, 0xE3,
	0x6B, 0x26, 0x07, 0x74, 0x45, 0x9F, 0x87, 0x7C, 0xEA, 0x1D, 0x34, 0xF7,
	0x7D, 0xF1, 0xF0, 0x18, 0x76, 0x39, 0xB5, 0x86, 0x7F, 0xA2, 0xC9, 0x8B,
	0x6E, 0xF0, 0x73, 0x1B, 0x23, 0x7D, 0x73, 0x6E, 0xF3, 0x38, 0x75, 0xBD,
	0x29, 0xFE, 0x0C, 0x4E, 0xA8, 0x58, 0xC0, 0xF9, 0x94, 0x78, 0x03, 0xFE,
	0x9C, 0xEC, 0x7B, 0x3C, 0x92, 0x0D, 0x92, 0x97, 0xFB, 0xEB, 0x28, 0xFE,
	0xCD, 0xD2, 0xAB, 0x4F, 0x97, 0x6B, 0x36, 0xC1, 0x3F, 0xFB, 0x40, 0xF9,
	0x84, 0xC7, 0x65, 0xF8, 0x77, 0x9D, 0xDD, 0x1F, 0x20, 0x5F, 0xDE, 0x7D,
	0xCD, 0x30, 0xB5, 0xD7, 0x2F, 0x0D, 0xB5, 0xB8, 0x40, 0xD1, 0x38, 0x49,
	0xEF, 0x74, 0xE5, 0x05, 0xF0, 0xCF, 0xF3, 0x0E, 0xBF, 0x11, 0x52, 0x4C,
	0x60, 0x85, 0x72, 0x73, 0x99, 0xD8, 0x34, 0xC5, 0x65, 0x89, 0x79, 0x6D,
	0x98, 0xEB, 0xC9, 0x3C, 0x06, 0xBC, 0xCE, 0x64, 0x38, 0xB9, 0x51, 0xFC,
	0x40, 0xDE, 0x28, 0x8A, 0xE6, 0x65, 0xE3, 0xDF, 0xCE, 0x68, 0x55, 0xE4,
	0x08, 0xC4, 0x27, 0x62, 0x51, 0xD8, 0xD6, 0x75, 0xE6, 0x3B, 0x2E, 0xED,
	0x83, 0x3F, 0x40, 0xB7, 0x09, 0xC2, 0xDB, 0x00, 0xC8, 0x88, 0xBF, 0x6D,
	0x34, 0xBB, 0x0A, 0x31, 0xA6, 0xAB, 0x35, 0xDC, 0x75, 0x71, 0xA7, 0xE1,
	0x1B, 0xC4, 0xC3, 0x62, 0x02, 0x06, 0x60, 0x65, 0xC7, 0x45, 0x8B, 0x92,
	0x8F, 0xD5, 0xA1, 0xCB, 0x31, 0xD8, 0x46, 0x05, 0xC5, 0x55, 0x58, 0x8D,
	0x91, 0xD8, 0xF5, 0x20, 0x19, 0x03, 0x0D, 0xE9, 0xCE, 0xA0, 0xC4, 0x6C,
	0x1D, 0xF4, 0x6C, 0xC1, 0x85, 0xC5, 0x55, 0x1F, 0x0B, 0x45, 0x0B, 0x17,
	0x3A, 0xEC, 0x1B, 0x63, 0x3B, 0xC9, 0x8E, 0x2E, 0x0F, 0xE8, 0x2A, 0x05,
	0x10, 0x5E, 0x25, 0x86, 0x8A, 0xDF, 0xD0, 0xF8, 0x52, 0xD2, 0xC7, 0x6F,
	0x94, 0x20, 0x0A, 0xB0, 0xF3, 0x4A, 0xBA, 0xA2, 0xCE, 0x66, 0x63, 0x35,
	0x5F, 0x93, 0x85, 0x71, 0x55, 0x13, 0xFE, 0x4F, 0x12, 0x5E, 0x3D, 0xB0,
	0x8F, 0xE5, 0x37, 0x31, 0xCA, 0xB8, 0x38, 0x16, 0x3C, 0x57, 0x60, 0x61,
	0x76, 0xC0, 0x17, 0x2A, 0xBA, 0xD9, 0xDF, 0x6E, 0x17, 0x25, 0x00, 0xD4,
	0x4D, 0x25, 0x6E, 0x3E, 0xE7, 0x60, 0xCE, 0x2A, 0xF1, 0x40, 0x4E, 0xE6,
	0x28, 0x59, 0x15, 0xE8, 0xFA, 0x62, 0xC0, 0xB6, 0xB6, 0x63, 0x8C, 0x65,
	0xB7, 0x23, 0xD0, 0xC2, 0xFF, 0x9C, 0x31, 0xA6, 0x4B, 0x74, 0xF5, 0xFD,
	0xE1, 0x3C, 0xC5, 0x3E, 0xC7, 0x9F, 0xE2, 0xE9, 0xFA, 0xF5, 0x45, 0x88,
	0xFD, 0x86, 0xF3, 0x54, 0x4E, 0x6D, 0x8B, 0x15, 0xD0, 0x3D, 0x88, 0xE1,
	0xB9, 0x45, 0xD9, 0x2F, 0x03, 0xFF, 0xB8, 0x0F, 0x7E, 0x66, 0xBB, 0x06,
	0x2C, 0xA3, 0x1E, 0x4A, 0x37, 0xDB, 0xC1, 0xBF, 0x63, 0x73, 0x6D, 0xFE,
	0x2D, 0x48, 0x20, 0x97, 0xF2, 0xD0, 0x41, 0x88, 0x7F, 0xE9, 0x38, 0xCB,
	0x17, 0x31, 0x35, 0x0F, 0xCE, 0x2B, 0xC3, 0x3F, 0xD2, 0x75, 0x43, 0x27,
	0xF8, 0x27, 0x9D, 0x64, 0x8E, 0x5D, 0xB7, 0x6C, 0x3B, 0x6D, 0x3B, 0xA6,
	0xEC, 0x94, 0x83, 0x53, 0x9B, 0x60, 0x4C, 0xD7, 0x1F, 0xFB, 0x9A, 0xAF,
	0x58, 0x4E, 0x9D, 0xF0, 0x65, 0xBF, 0x0F, 0x71, 0xA7, 0x54, 0x19, 0x55,
	0x1B, 0xD6, 0x8D, 0x7F, 0x14, 0xFC, 0x8B, 0xF9, 0x49, 0xE3, 0xF4, 0x28,
	0xFE, 0x21, 0x76, 0x83, 0x6D, 0x99, 0x0F, 0xDE, 0x7C, 0xF3, 0xCD, 0xDE,
	0x0F, 0xEF, 0xB8, 0xF4, 0xBE, 0x2B, 0x1E, 0xD7, 0x5E, 0x88, 0x09, 0x86,
	0x61, 0x8C, 0xD8, 0xA8, 0x78, 0x00, 0x92, 0x38, 0x5F, 0x58, 0x28, 0x1F,
	0x97, 0x32, 0x7E, 0x7D, 0x0C, 0x00, 0x59, 0x12, 0xE3, 0x2A, 0xC9, 0x19,
	0x08, 0xC8, 0x59, 0xBD, 0x0F, 0x49, 0x98, 0xDE, 0x44, 0xA0, 0xC2, 0xE9,
	0x8D, 0x9E, 0xBF, 0x9E, 0x06, 0xBC, 0x64, 0x92, 0xE5, 0x89, 0x6F, 0xB6,
	0x86, 0x02, 0xA2, 0xD9, 0xD9, 0x69, 0x6C, 0x04, 0xDD, 0xA0, 0xFF, 0x24,
	0xC1, 0x48, 0xFC, 0xC8, 0xCE, 0x08, 0xBA, 0x6C, 0x0E, 0x4D, 0xB5, 0x7A,
	0x2A, 0x48, 0x99, 0x26, 0xD8, 0x65, 0xA6, 0x0B, 0x22, 0x91, 0x48, 0x0D,
	0x80, 0x34, 0x88, 0x23, 0x4C, 0x55, 0x3E, 0xA7, 0x78, 0x66, 0x2D, 0x99,
	0x97, 0x30, 0xEF, 0x05, 0x1A, 0xD0, 0xB9, 0xCD, 0xB8, 0xB8, 0xBA, 0x6D,
	0x58, 0xD4, 0xB0, 0x8C, 0x20, 0x1E, 0xFE, 0xD9, 0xA5, 0xD1, 0x27, 0x2C,
	0x90, 0xD4, 0xA7, 0x12, 0x32, 0xEA, 0x10, 0x64, 0xB8, 0x1F, 0xE8, 0x6B,
	0xBD, 0x8A, 0x0F, 0xDA, 0xA7, 0x92, 0x4F, 0x48, 0x80, 0x74, 0x4E, 0x8E,
	0x61, 0x3D, 0x8C, 0x92, 0xAB, 0x11, 0xFE, 0xB9, 0x0F, 0x75, 0xCB, 0xF0,
	0x5F, 0x44, 0xB1, 0x89, 0x3C, 0x1D, 0xCF, 0x26, 0x6C, 0x21, 0x19, 0x81,
	0xFE, 0x3A, 0xF8, 0x07, 0x59, 0x43, 0xBE, 0x83, 0xFC, 0x28, 0x75, 0xC1,
	0x18, 0x13, 0x73, 0x74, 0x36, 0xFE, 0xD5, 0x3C, 0x29, 0x7A, 0xEF, 0xAB,
	0x75, 0xBA, 0x80, 0xCE, 0x1A, 0x62, 0x5B, 0xEA, 0x61, 0xE0, 0x37, 0x96,
	0xAF, 0xB0, 0x8A, 0x98, 0x11, 0x8B, 0x62, 0x11, 0xC3, 0xB7, 0x7D, 0xF4,
	0x1F, 0x2F, 0x8E, 0x30, 0x60, 0xE8, 0x22, 0x46, 0x2A, 0xA7, 0xF0, 0xDC,
	0x14, 0xF7, 0x99, 0xE7, 0x08, 0x57, 0xDD, 0xCE, 0xC0, 0x3F, 0x8D, 0x1D,
	0x74, 0x32, 0x6D, 0xE8, 0xE0, 0xC7, 0x97, 0x89, 0x7F, 0xC8, 0x69, 0x91,
	0xD1, 0x29, 0x9E, 0xD4, 0x5C, 0x77, 0x9B, 0x4B, 0x52, 0x0B, 0xA2, 0xEC,
	0x72, 0x2A, 0xAE, 0xFA, 0x71, 0x11, 0xEB, 0xFF, 0x37, 0xDF, 0x7C, 0x23,
	0xD7, 0x0C, 0x6F, 0x57, 0x28, 0x6C, 0x7D, 0xC7, 0x45, 0x28, 0x86, 0x55,
	0xF5, 0x26, 0x93, 0xCE, 0xEF, 0x06, 0xA6, 0x93, 0xD6, 0x78, 0xA5, 0xD2,
	0x17, 0xFA, 0x0A, 0x15, 0x22, 0x14, 0x2B, 0x41, 0x8C, 0x41, 0x52, 0x68,
	0x46, 0x86, 0xA4, 0xEF, 0x6C, 0x69, 0xF1, 0x57, 0x93, 0xCC, 0x8D, 0x03,
	0x28, 0x1C, 0x8A, 0xE4, 0xE0, 0x57, 0x36, 0x21, 0xC8, 0x9D, 0x96, 0x82,
	0xA3, 0x17, 0x7E, 0xD0, 0x17, 0x12, 0x19, 0xF9, 0xA4, 0xD3, 0x58, 0xA6,
	0x90, 0x05, 0x9F, 0x67, 0x8B, 0x86, 0x4C, 0x44, 0x59, 0x60, 0x36, 0x99,
	0xFE, 0xB5, 0xE5, 0x0A, 0xFF, 0x19, 0x9B, 0x75, 0xDD, 0x1A, 0xD9, 0xDF,
	0x79, 0x52, 0x82, 0x4E, 0x13, 0x31, 0xC9, 0x1D, 0x3B, 0x4B, 0xFA, 0xCD,
	0x85, 0x5D, 0x3F, 0x91, 0xAF, 0xA6, 0xBE, 0x81, 0xB8, 0x1E, 0x12, 0x49,
	0x29, 0x65, 0x4F, 0xDF, 0x82, 0x3C, 0xB0, 0xDF, 0xFD, 0x5C, 0x4F, 0xC5,
	0x69, 0x9F, 0xAB, 0x4A, 0x57, 0xF4, 0x7B, 0xE3, 0x85, 0xDC, 0x8C, 0x5E,
	0x35, 0x2E, 0x0C, 0x3B, 0x7E, 0x14, 0xAD, 0xF0, 0xDF, 0x48, 0xF4, 0xDC,
	0x4F, 0x46, 0xAE, 0xDA, 0xC5, 0x7F, 0x92, 0x6C, 0xB1, 0x78, 0xE3, 0x22,
	0x10, 0x5B, 0xCF, 0x15, 0xD4, 0x87, 0xC5, 0x76, 0xCD, 0xE4, 0x72, 0xB2,
	0x64, 0x93, 0xAE, 0x83, 0x7F, 0xA3, 0x45, 0xCE, 0x4F, 0x33, 0xFE, 0x91,
	0x07, 0xC7, 0x30, 0xEA, 0x03, 0x89, 0xFC, 0x2C, 0xFC, 0x67, 0x36, 0x99,
	0xEA, 0xC4, 0x84, 0xA3, 0xF9, 0xF9, 0x58, 0x65, 0x5B, 0x15, 0x9F, 0x40,
	0x8F, 0x76, 0x21, 0x3F, 0xC0, 0xC1, 0x20, 0x5A, 0xE8, 0x78, 0x36, 0xFE,
	0x11, 0x53, 0x7B, 0xF8, 0x27, 0x9F, 0xF7, 0x71, 0x14, 0x7F, 0x52, 0x37,
	0x15, 0x7F, 0xAC, 0xBB, 0xED, 0xE0, 0x3F, 0xE1, 0x15, 0xC4, 0x70, 0x9E,
	0x4E, 0x62, 0x82, 0x75, 0x57, 0xED, 0x6C, 0xFC, 0x5B, 0x92, 0x6B, 0xD0,
	0x6D, 0xA3, 0x2A, 0x45, 0xE2, 0x76, 0x86, 0x7F, 0xF4, 0x79, 0x85, 0xF5,
	0xDF, 0x44, 0xFB, 0xF8, 0xE3, 0x8F, 0x87, 0x3E, 0xFC, 0xC9, 0xFF, 0xDE,
	0x89, 0x2F, 0xE7, 0x82, 0x83, 0x7A, 0x97, 0x25, 0x49, 0xA2, 0xD6, 0xE1,
	0xDF, 0x71, 0xA3, 0xA3, 0xD4, 0xAD, 0x48, 0x2C, 0x50, 0xF8, 0xD9, 0x5F,
	0x58, 0xDC, 0x6B, 0x2C, 0x54, 0xFA, 0xE2, 0x09, 0x8B, 0x2C, 0x02, 0xAF,
	0x64, 0x00, 0x05, 0x9E, 0x21, 0xC1, 0xB0, 0x93, 0xB3, 0x60, 0x00, 0x1D,
	0x87, 0x20, 0x46, 0x80, 0xFA, 0x86, 0x72, 0x53, 0x35, 0x1B, 0xDF, 0x6D,
	0x99, 0x00, 0xBB, 0xFB, 0x41, 0xE8, 0x51, 0xEB, 0xE9, 0x71, 0x90, 0x0A,
	0x90, 0xCC, 0xFE, 0x01, 0xD8, 0x64, 0x6B, 0x21, 0xFD, 0xB0, 0x98, 0x2C,
	0x20, 0x53, 0xCD, 0xA1, 0x61, 0x30, 0x46, 0x37, 0x6B, 0x9D, 0xB2, 0x96,
	0xF9, 0x43, 0x2D, 0x24, 0x9E, 0xC4, 0x6D, 0xB4, 0xA7, 0x70, 0x3C, 0x59,
	0x92, 0x9C, 0xDA, 0x9C, 0x9B, 0x6A, 0x55, 0x2C, 0x30, 0x3E, 0x8C, 0xF3,
	0x2B, 0x6C, 0xD5, 0xE2, 0x9B, 0xD9, 0x34, 0xF0, 0xB5, 0x31, 0x09, 0xA8,
	0x2B, 0xD0, 0x6D, 0x77, 0xB6, 0x20, 0x5A, 0x5C, 0x60, 0x7A, 0xE1, 0x61,
	0x36, 0x5E, 0x80, 0x20, 0x4F, 0x4B, 0x1A, 0x63, 0x43, 0xCC, 0x71, 0xA0,
	0x45, 0x3A, 0x85, 0x7F, 0x24, 0x6F, 0xE7, 0xA4, 0xDE, 0x02, 0x33, 0xBE,
	0x38, 0x84, 0x79, 0x05, 0x39, 0xB2, 0x40, 0x05, 0x9E, 0xA1, 0xD8, 0x78,
	0x19, 0xF8, 0x67, 0x3D, 0x89, 0x66, 0xC0, 0x3F, 0xCE, 0xFB, 0x75, 0xF0,
	0xDF, 0x86, 0x15, 0xD6, 0x1D, 0xCE, 0x87, 0xC6, 0x0B, 0x7B, 0x12, 0x2F,
	0x25, 0xB1, 0xAD, 0x88, 0x0F, 0x9E, 0xEF, 0xF6, 0xB0, 0x0E, 0xF0, 0xC5,
	0x84, 0x97, 0x8E, 0x7F, 0xE8, 0xE3, 0x62, 0x2A, 0xE8, 0xC6, 0x71, 0xC2,
	0xBC, 0x26, 0xFE, 0x4F, 0xF1, 0x2F, 0x72, 0xD1, 0xB5, 0xF0, 0x9F, 0xF0,
	0x4D, 0x69, 0xD7, 0x86, 0x77, 0x51, 0x5E, 0x16, 0xFE, 0x6D, 0xF4, 0x9F,
	0x6A, 0x01, 0x5B, 0x08, 0x1D, 0x76, 0x21, 0xF9, 0x67, 0xC0, 0xFF, 0x04,
	0x2B, 0xBD, 0x06, 0x79, 0xEF, 0xBD, 0xF7, 0x6A, 0xA6, 0x84, 0x6F, 0x87,
	0xAF, 0x43, 0x3F, 0x7D, 0xFA, 0xF4, 0xCE, 0xED, 0xDB, 0xB7, 0xBF, 0x00,
	0x25, 0x6D, 0x92, 0xDC, 0x87, 0x2E, 0x50, 0x0E, 0x5F, 0xB0, 0xE2, 0x6F,
	0xD8, 0xCC, 0x26, 0x08, 0x17, 0xC1, 0xA1, 0x52, 0x33, 0xBD, 0x18, 0x0D,
	0x7A, 0x35, 0x40, 0x49, 0xDE, 0xB6, 0xDF, 0x3C, 0x41, 0xE0, 0x95, 0x5D,
	0xB1, 0xB1, 0x9A, 0xDD, 0xCE, 0x71, 0x30, 0x0B, 0x9D, 0xF9, 0x8A, 0xE4,
	0xB0, 0x2E, 0x68, 0x07, 0x24, 0x2E, 0x2C, 0x16, 0x06, 0x3E, 0x42, 0x16,
	0x27, 0x98, 0xBD, 0xC4, 0xE9, 0x7C, 0x50, 0xD7, 0x70, 0xB5, 0x42, 0x76,
	0x1E, 0xB6, 0xC9, 0xC7, 0x94, 0xD3, 0x15, 0xB1, 0xDF, 0x7A, 0x64, 0xDF,
	0x58, 0xC2, 0xCB, 0x13, 0x23, 0xBE, 0x5B, 0x83, 0xC7, 0x3C, 0xEF, 0x38,
	0x77, 0x43, 0xC2, 0x4D, 0x64, 0x84, 0x3B, 0x04, 0x60, 0xAF, 0x25, 0x2E,
	0x53, 0x71, 0x11, 0xEC, 0x15, 0xFC, 0x67, 0x32, 0x2D, 0xD3, 0x09, 0xFC,
	0xDD, 0x69, 0x93, 0x58, 0x37, 0x38, 0x37, 0xF0, 0x9D, 0xD9, 0xB1, 0xA3,
	0xC3, 0xC0, 0x1F, 0xFA, 0x6B, 0xF3, 0x11, 0xBF, 0x3C, 0x19, 0x68, 0xED,
	0x00, 0xFE, 0x51, 0x77, 0xCE, 0x27, 0xED, 0x1C, 0xCF, 0x65, 0xD8, 0x2F,
	0x65, 0x78, 0xE1, 0xDD, 0x12, 0xAC, 0xA4, 0x3A, 0x30, 0xFE, 0x3D, 0x97,
	0x61, 0xCC, 0xAB, 0xF9, 0x25, 0x9C, 0x05, 0xAC, 0x20, 0x4F, 0x31, 0x6E,
	0x50, 0x84, 0xF1, 0x0F, 0x3C, 0x86, 0xB8, 0x86, 0xB9, 0x48, 0x5F, 0xAC,
	0xCD, 0x7C, 0xC8, 0xB2, 0x84, 0x3F, 0x02, 0x29, 0xF4, 0xCB, 0x42, 0x35,
	0xB3, 0x47, 0xF8, 0x41, 0xE6, 0x46, 0x88, 0x23, 0xE3, 0x5C, 0x41, 0x78,
	0x0F, 0xB4, 0x40, 0xD7, 0x79, 0xC1, 0x3A, 0x74, 0x18, 0xFF, 0x16, 0xE7,
	0x3C, 0xE0, 0x9F, 0xFD, 0x94, 0xF9, 0x33, 0xB1, 0x2D, 0x6D, 0x07, 0x68,
	0x51, 0xDF, 0x43, 0xF8, 0x17, 0xE3, 0xF6, 0xE8, 0xEC, 0x20, 0xED, 0x69,
	0x50, 0x8D, 0xEB, 0x04, 0xFA, 0xDB, 0x31, 0x83, 0x74, 0x6C, 0x23, 0xBD,
	0x9C, 0xFB, 0xAB, 0x3D, 0xFF, 0xF1, 0x39, 0xFF, 0x3A, 0x74, 0x1F, 0x7F,
	0xC5, 0x72, 0x5D, 0xD1, 0x85, 0x81, 0xFD, 0xFC, 0xF3, 0xCF, 0x21, 0xA9,
	0xF9, 0x9C, 0x91, 0xA2, 0xB5, 0x6A, 0x4F, 0x15, 0x0E, 0x5C, 0x38, 0xC6,
	0x6D, 0x5A, 0xE5, 0xD5, 0xD3, 0x5D, 0x96, 0x1E, 0x0F, 0xBE, 0x85, 0xF1,
	0xFD, 0x8A, 0xA9, 0x9E, 0xA2, 0x37, 0x14, 0x59, 0x22, 0xB0, 0x2A, 0x02,
	0x85, 0x64, 0x72, 0x75, 0x5D, 0x88, 0x47, 0x4F, 0x9C, 0x22, 0xB0, 0x86,
	0xAB, 0x76, 0x0C, 0x74, 0x1B, 0x8B, 0x04, 0xD7, 0x79, 0xC8, 0x5B, 0xC4,
	0x37, 0xE8, 0xCC, 0xFA, 0xBA, 0x8F, 0x40, 0xA5, 0x2A, 0x78, 0xE0, 0x18,
	0xB7, 0xC3, 0xB7, 0x05, 0xF9, 0x08, 0xDE, 0x38, 0xBC, 0xD8, 0x69, 0x6E,
	0xE5, 0x0B, 0x57, 0x64, 0xA3, 0x1F, 0x77, 0x9E, 0x48, 0x23, 0xE2, 0x6B,
	0x28, 0x04, 0x21, 0xF1, 0xF3, 0x7B, 0x0D, 0xC1, 0xB7, 0xE4, 0xEB, 0x6E,
	0x86, 0x8F, 0x33, 0x51, 0xB4, 0x18, 0xCC, 0x81, 0xE5, 0x8D, 0xE3, 0x36,
	0xD8, 0xE2, 0x31, 0x05, 0x66, 0xA1, 0x3D, 0x68, 0x5F, 0xC0, 0x83, 0x7F,
	0x18, 0xCC, 0xE0, 0x4F, 0x89, 0x35, 0x8C, 0x73, 0xE0, 0x95, 0xC5, 0x88,
	0x8A, 0x05, 0x7C, 0xDC, 0x53, 0x89, 0xD6, 0xB7, 0x83, 0x3F, 0x98, 0x1E,
	0x63, 0x8D, 0xE7, 0x11, 0xF1, 0x51, 0x4A, 0xFC, 0x56, 0x01, 0xE5, 0x81,
	0x14, 0xFF, 0x16, 0x13, 0xF3, 0x90, 0x3F, 0xD6, 0x63, 0x28, 0x88, 0xD0,
	0x35, 0xCF, 0x07, 0xB5, 0x7D, 0x2C, 0x5A, 0x06, 0x22, 0xE1, 0x63, 0xDA,
	0x97, 0xF8, 0x6F, 0xEF, 0xB9, 0x04, 0xBC, 0x8B, 0x7C, 0x30, 0xE0, 0xBF,
	0x94, 0x32, 0xFC, 0x43, 0xBB, 0x01, 0xFC, 0xE3, 0x24, 0xEE, 0xE2, 0xBF,
	0xD1, 0x80, 0xB8, 0xF9, 0xEA, 0x85, 0x73, 0x01, 0xF8, 0x72, 0x3E, 0x21,
	0x5F, 0xF1, 0x50, 0x03, 0xFC, 0x9B, 0x88, 0xFB, 0xE1, 0xC0, 0x72, 0xFC,
	0x5B, 0xA2, 0x17, 0xD0, 0x16, 0x58, 0xF4, 0x38, 0xF6, 0xCE, 0xC6, 0xBF,
	0xE7, 0x49, 0x94, 0x41, 0xFF, 0xD2, 0xC5, 0x12, 0x9B, 0xC3, 0xC5, 0x48,
	0x8B, 0x69, 0xCC, 0x99, 0x3D, 0x46, 0xD9, 0xAC, 0x4A, 0x8B, 0xB4, 0xC8,
	0x0B, 0xA3, 0xC0, 0x22, 0xEF, 0xFA, 0xB9, 0x9C, 0x21, 0xCE, 0x33, 0xFC,
	0x73, 0xBC, 0xD7, 0x9A, 0xFF, 0x9C, 0x03, 0xE5, 0x33, 0xB5, 0x96, 0xB9,
	0x0E, 0x46, 0x63, 0xC2, 0xBC, 0x60, 0x68, 0xB1, 0x4D, 0xFD, 0x44, 0x19,
	0xFE, 0xE5, 0xCF, 0x10, 0x6B, 0x6F, 0xBD, 0xF5, 0x96, 0x8C, 0xA1, 0xB5,
	0xF9, 0xB7, 0x87, 0x38, 0x91, 0x6C, 0xC7, 0xED, 0x97, 0x73, 0x51, 0x49,
	0x33, 0xB1, 0x40, 0xA9, 0x00, 0x04, 0x7A, 0xB4, 0xF1, 0xC8, 0x55, 0x79,
	0xC5, 0x80, 0x20, 0x60, 0x0E, 0x84, 0xA8, 0x86, 0xD9, 0xF0, 0x2D, 0x99,
	0xA1, 0x65, 0x4E, 0x55, 0xF4, 0x1E, 0x3C, 0x70, 0xAE, 0xCB, 0x9B, 0xE8,
	0x12, 0x82, 0xA3, 0xED, 0x1B, 0x24, 0x3A, 0xB9, 0xC8, 0x61, 0x62, 0x23,
	0x5D, 0x5D, 0x9E, 0x0A, 0x02, 0x04, 0xCB, 0x29, 0x63, 0xD5, 0xF8, 0xAD,
	0x2E, 0xE2, 0x15, 0x74, 0x46, 0x1F, 0x36, 0x7E, 0xF8, 0xB2, 0x6D, 0x99,
	0xD9, 0xE8, 0xE3, 0xC8, 0xD6, 0x4A, 0xE7, 0x99, 0x3E, 0x2C, 0xC0, 0x04,
	0xFC, 0xEE, 0x9B, 0x5A, 0x87, 0x1F, 0x13, 0x2B, 0x0C, 0x66, 0x58, 0x20,
	0x5D, 0x0F, 0x4E, 0x1C, 0x15, 0x74, 0xEC, 0xC3, 0x50, 0x2D, 0x48, 0xC0,
	0x3C, 0x26, 0xE8, 0xCD, 0xF3, 0xE9, 0x63, 0x85, 0xFF, 0xF8, 0xEA, 0x31,
	0xF0, 0xAD, 0x75, 0x7C, 0x77, 0x88, 0x16, 0x56, 0x3B, 0xD8, 0x06, 0xDF,
	0xD8, 0x24, 0xF9, 0x42, 0x1C, 0x84, 0x58, 0x21, 0x1C, 0x0C, 0x85, 0x01,
	0x9E, 0x3E, 0x17, 0xFF, 0x02, 0x62, 0x61, 0x71, 0xF1, 0x04, 0x09, 0xBC,
	0xB7, 0x5D, 0x8B, 0xC9, 0x2C, 0x4D, 0x6C, 0x1E, 0x3F, 0x6E, 0x3B, 0xE0,
	0x75, 0xC0, 0x01, 0xAB, 0x66, 0x93, 0xD8, 0x46, 0xDB, 0x6A, 0x82, 0x7F,
	0x11, 0xDF, 0xB2, 0x38, 0x44, 0x5E, 0x76, 0x2A, 0xF4, 0xF9, 0xDD, 0x37,
	0xC9, 0x63, 0x0F, 0xFF, 0x4E, 0x8F, 0x73, 0x5F, 0xCF, 0x08, 0xA0, 0x0C,
	0xFF, 0x28, 0x86, 0x87, 0xC0, 0x58, 0xA3, 0x71, 0xB3, 0x62, 0xC7, 0x75,
	0x0E, 0x72, 0x11, 0x03, 0xD8, 0x0D, 0xF4, 0x85, 0xF6, 0xE5, 0xBB, 0x2F,
	0xE7, 0xE0, 0x3F, 0x9C, 0xAC, 0x75, 0xB8, 0x00, 0xCD, 0xFC, 0x87, 0xFD,
	0x88, 0x7F, 0x94, 0x61, 0x62, 0x51, 0x2F, 0xE2, 0x02, 0x81, 0xF1, 0x9F,
	0x4D, 0x19, 0x8C, 0xC5, 0x71, 0x3D, 0x37, 0xA2, 0x4D, 0x33, 0xFC, 0x73,
	0x1C, 0x82, 0xBD, 0xF2, 0xBD, 0x3E, 0xDC, 0x96, 0x03, 0xF8, 0x57, 0x72,
	0x49, 0xA6, 0x41, 0xDC, 0xAB, 0x77, 0x5D, 0xC3, 0x05, 0x9C, 0xB7, 0x1B,
	0x37, 0x6E, 0x54, 0x7F, 0x54, 0xC4, 0xB2, 0x6F, 0x98, 0x0D, 0x8F, 0x8B,
	0xFC, 0x73, 0xE3, 0xC9, 0x93, 0x27, 0xB7, 0xEE, 0xDC, 0xB9, 0xF3, 0x5F,
	0x48, 0xA7, 0x61, 0xF1, 0x16, 0x93, 0xCA, 0x46, 0x17, 0xF8, 0xF4, 0x60,
	0x01, 0x65, 0xBB, 0xF1, 0x6B, 0x12, 0x5F, 0xCF, 0xD1, 0x4F, 0x5F, 0x17,
	0x92, 0x67, 0xA4, 0x03, 0x02, 0x8E, 0x6F, 0xE9, 0x21, 0xB8, 0x07, 0xBD,
	0xD5, 0x64, 0xF9, 0x30, 0x9C, 0x64, 0x98, 0x20, 0x09, 0x2C, 0xB4, 0x8D,
	0xE5, 0x70, 0xDB, 0x19, 0x87, 0x34, 0x7C, 0x17, 0x45, 0xF9, 0xBC, 0x24,
	0xEC, 0x4B, 0x29, 0xC3, 0xF7, 0xE7, 0xA5, 0xCD, 0xB4, 0xAF, 0x92, 0x55,
	0xE1, 0xA0, 0x53, 0x02, 0x7D, 0xBF, 0x40, 0x82, 0x52, 0xF3, 0x80, 0xCD,
	0xFB, 0x40, 0x4F, 0x04, 0x95, 0x99, 0x0D, 0xFF, 0xCB, 0x65, 0xF0, 0x2B,
	0x23, 0x9F, 0x6C, 0xC6, 0x18, 0xB1, 0xCC, 0xCF, 0xD8, 0x45, 0x31, 0x13,
	0xC6, 0x25, 0x7E, 0x08, 0x6C, 0xD9, 0x2E, 0xA4, 0x13, 0x63, 0xD2, 0x38,
	0xB1, 0x3C, 0x49, 0x64, 0xF3, 0xC9, 0xE3, 0x55, 0x62, 0xE2, 0x62, 0x5F,
	0x0B, 0xA6, 0xC4, 0x83, 0x3C, 0x59, 0x37, 0xF0, 0x97, 0x1F, 0xF3, 0xD5,
	0x69, 0x41, 0xFC, 0xE0, 0xDC, 0x77, 0x45, 0x04, 0x26, 0xF0, 0x98, 0xFF,
	0x8B, 0x3C, 0xD8, 0x13, 0x12, 0xA0, 0x25, 0xF8, 0xC7, 0xF3, 0x64, 0xCB,
	0xD9, 0xF8, 0x57, 0x8B, 0x20, 0xF8, 0x96, 0x63, 0x1A, 0xF5, 0xDD, 0x1D,
	0x87, 0xFD, 0x6E, 0x57, 0x01, 0xFC, 0xC3, 0xD0, 0x9A, 0xC4, 0xCF, 0x60,
	0x67, 0x18, 0xA4, 0x73, 0x9E, 0x09, 0x3F, 0xB0, 0x8F, 0xAA, 0xE5, 0xB1,
	0x5A, 0xD4, 0xFE, 0x51, 0xFC, 0x5B, 0x2C, 0x3A, 0x02, 0x5E, 0xED, 0x1A,
	0xF8, 0x47, 0x3D, 0xB2, 0x38, 0xA0, 0xB9, 0x08, 0x73, 0x7A, 0x14, 0xFF,
	0xA5, 0xF4, 0xC7, 0x32, 0x05, 0xF6, 0x3B, 0x2D, 0xFD, 0xCF, 0xAB, 0x2E,
	0x1B, 0x69, 0x94, 0x3D, 0x8A, 0xDE, 0xF9, 0x19, 0xE0, 0xB6, 0xC9, 0x4C,
	0xF1, 0xCF, 0xBA, 0x1A, 0xC4, 0x2F, 0xF9, 0xFA, 0x70, 0x6B, 0x3C, 0x83,
	0xEA, 0xD0, 0x67, 0x0A, 0x1B, 0x06, 0xD3, 0x6E, 0xA7, 0x38, 0x72, 0x7F,
	0x06, 0x5D, 0x7E, 0xFD, 0xF5, 0xD7, 0x8F, 0xD6, 0xED, 0x9B, 0x6F, 0xBE,
	0x79, 0xE7, 0xEB, 0xAF, 0xBF, 0xAE, 0x5F, 0x7D, 0xF5, 0x55, 0xFF, 0x1F,
	0x45, 0x7F, 0xF7, 0x77, 0x7F, 0x17, 0x16, 0x7E, 0x17, 0xD0, 0xFF, 0xC9,
	0xE2, 0xFD, 0xFB, 0xF7, 0x6F, 0x7F, 0xF7, 0xDD, 0x77, 0xB7, 0x96, 0x3B,
	0x2E, 0xAF, 0xDC, 0xBE, 0x7D, 0xFB, 0x0F, 0x35, 0x5E, 0x2D, 0x5B, 0x66,
	0x90, 0x8D, 0xE0, 0x0B, 0x24, 0x76, 0x4A, 0x5C, 0xC1, 0x38, 0x9C, 0x74,
	0xAE, 0xC2, 0x32, 0xFE, 0x30, 0x61, 0x95, 0x26, 0x46, 0x15, 0x2B, 0x83,
	0xBA, 0x96, 0x24, 0xB0, 0x28, 0x4E, 0x2E, 0x74, 0x2C, 0xDF, 0xCC, 0xF2,
	0x9F, 0x1E, 0x27, 0xBA, 0x4E, 0x4B, 0x49, 0x2D, 0x3C, 0x7B, 0x75, 0x5B,
	0x05, 0xF0, 0x4B, 0xE6, 0x0F, 0xE8, 0x57, 0x32, 0x99, 0x46, 0x06, 0x3B,
	0x8F, 0x13, 0xC7, 0x29, 0x4B, 0xD7, 0x77, 0x3D, 0xC0, 0x67, 0xCE, 0x66,
	0xB6, 0x0B, 0x8E, 0x92, 0x24, 0x49, 0xD6, 0xAD, 0xD1, 0x96, 0x2C, 0xD6,
	0x50, 0x3F, 0x3E, 0xCE, 0xE4, 0x02, 0x2F, 0x2E, 0x94, 0x5D, 0x6E, 0x17,
	0x8F, 0x0A, 0x71, 0xD2, 0x20, 0xBE, 0xB8, 0x80, 0x85, 0x2B, 0x2C, 0xA3,
	0x24, 0xB7, 0xD7, 0x6A, 0xBC, 0x13, 0x91, 0xC5, 0xA2, 0x1C, 0xCA, 0x71,
	0x67, 0xF3, 0x98, 0xF7, 0x3E, 0xA3, 0x58, 0x3E, 0x9A, 0xDC, 0xA6, 0x73,
	0x4D, 0x31, 0x6D, 0x2E, 0x07, 0x70, 0x96, 0xF2, 0x51, 0xBE, 0x46, 0xFC,
	0x23, 0x29, 0xC8, 0x0A, 0xA6, 0x90, 0x8F, 0x64, 0x2E, 0xA9, 0xE1, 0xFA,
	0x4B, 0xE3, 0x5F, 0xC8, 0xDF, 0x0E, 0x09, 0xA7, 0x29, 0xFE, 0x93, 0x98,
	0xE1, 0x8B, 0x83, 0x90, 0x07, 0x32, 0xFB, 0x2D, 0xF1, 0xB7, 0x92, 0x31,
	0xC3, 0x39, 0xEB, 0x31, 0x39, 0xCE, 0x5A, 0xC0, 0xBF, 0xB2, 0xFD, 0x60,
	0xBC, 0xA7, 0x45, 0x12, 0xE3, 0x3F, 0x9B, 0x97, 0x23, 0xB2, 0x12, 0x5F,
	0xF4, 0x2B, 0x7B, 0x35, 0x3F, 0x19, 0xFE, 0x4D, 0xFB, 0x27, 0xC5, 0xFF,
	0x4C, 0x6F, 0xA4, 0x9F, 0xF1, 0x44, 0x5A, 0xD7, 0xD9, 0x84, 0xC2, 0x33,
	0xFC, 0x67, 0x71, 0x48, 0x76, 0x1E, 0x9D, 0xFF, 0x23, 0xB4, 0x21, 0x46,
	0x9A, 0xFE, 0x03, 0xBD, 0xF8, 0x01, 0xBA, 0x27, 0x0F, 0x1F, 0x3E, 0x7C,
	0xF6, 0xB7, 0x7F, 0xFB, 0xB7, 0x4F, 0x4B, 0xF2, 0xCB, 0xB9, 0xDB, 0x5D,
	0x96, 0xE5, 0xB9, 0xD2, 0xCD, 0x5F, 0x7E, 0xF9, 0xE5, 0xD6, 0xB7, 0xDF,
	0x7E, 0xBB, 0xFE, 0x72, 0xEE, 0x9D, 0xD7, 0x5F, 0x7F, 0xFD, 0x0F, 0x16,
	0x0B, 0x89, 0x50, 0xB9, 0x62, 0x92, 0xB0, 0x44, 0x61, 0x9E, 0x70, 0xEC,
	0xE7, 0xA4, 0x51, 0xEB, 0xF8, 0x32, 0x2D, 0x2C, 0xC6, 0x2C, 0x27, 0x95,
	0xBD, 0x13, 0x58, 0x7D, 0xE2, 0x4A, 0xAC, 0x94, 0xC3, 0xFF, 0x99, 0x80,
	0xB1, 0x1C, 0x88, 0x72, 0xD2, 0xD5, 0x44, 0xA8, 0x00, 0x12, 0xE0, 0x4B,
	0x13, 0x09, 0xCE, 0x73, 0xEB, 0x30, 0xD8, 0xA6, 0xC5, 0x4B, 0xD2, 0x7A,
	0x60, 0x0A, 0x80, 0x70, 0x61, 0x10, 0x12, 0x90, 0x00, 0x74, 0xE8, 0xE3,
	0xA4, 0x9B, 0xD1, 0x61, 0x27, 0xFA, 0xD9, 0xD9, 0xD8, 0xC4, 0xCF, 0x94,
	0x08, 0x79, 0x7E, 0xDC, 0x47, 0xBC, 0x90, 0xA5, 0x0B, 0xB4, 0xED, 0x2C,
	0xB4, 0x18, 0x97, 0x09, 0x9F, 0x10, 0x67, 0x6C, 0x83, 0xD9, 0x78, 0xD7,
	0x48, 0xE8, 0x3D, 0xB3, 0x6F, 0xAA, 0xA3, 0xB0, 0xA9, 0xFB, 0x6E, 0x8F,
	0xE6, 0x08, 0x9F, 0xC9, 0x31, 0x16, 0x1D, 0x53, 0x3D, 0xB3, 0xC5, 0x0B,
	0xFD, 0x81, 0xBF, 0xFC, 0xAA, 0x1A, 0xC4, 0x82, 0xD9, 0x0E, 0xFE, 0xEB,
	0xA4, 0x40, 0xC9, 0xF4, 0xF2, 0x71, 0x47, 0xF0, 0xCF, 0xC7, 0x45, 0x5F,
	0xC8, 0xCC, 0xE4, 0x48, 0xFC, 0x9B, 0xC6, 0xF1, 0x34, 0xC9, 0x8B, 0x18,
	0x4D, 0x17, 0x3E, 0x88, 0xD3, 0x6C, 0xF1, 0x54, 0x18, 0x52, 0xF8, 0x0A,
	0xBC, 0x0C, 0xD6, 0x01, 0x85, 0xFF, 0x2C, 0x8E, 0x15, 0xFD, 0xC4, 0x57,
	0x2A, 0x1F, 0x54, 0x33, 0x79, 0xA1, 0x1A, 0xDC, 0x96, 0xCC, 0xCB, 0xCC,
	0x0F, 0x1C, 0x07, 0xC6, 0xF2, 0x44, 0xEB, 0x62, 0x84, 0x3D, 0xAC, 0x47,
	0xD0, 0x7B, 0x22, 0xE3, 0xDA, 0xF8, 0x3F, 0x97, 0x86, 0xB0, 0x37, 0x2D,
	0x70, 0xDC, 0xB9, 0x74, 0x71, 0x9A, 0xEA, 0xB9, 0x87, 0x0B, 0x3E, 0x4F,
	0x85, 0xCB, 0xFA, 0x9F, 0xA1, 0xD7, 0xE2, 0x65, 0xF8, 0x5F, 0x45, 0x05,
	0xC6, 0x85, 0x6F, 0x15, 0x2D, 0x9F, 0xDB, 0xCB, 0x1D, 0x97, 0x3B, 0xB7,
	0x6E, 0xDD, 0xFA, 0x43, 0xA3, 0xB3, 0xCC, 0xE0, 0x3A, 0xAF, 0x70, 0xD3,
	0xC9, 0x69, 0x4A, 0xC8, 0x2B, 0x68, 0x37, 0x0E, 0xE4, 0x64, 0xB7, 0x80,
	0x79, 0xF1, 0x4C, 0x17, 0x5F, 0x9E, 0x80, 0x1A, 0xAF, 0xF6, 0x76, 0xAB,
	0x45, 0xB2, 0x27, 0x2C, 0x90, 0x6A, 0xE2, 0x8B, 0x2E, 0x0E, 0x0A, 0xF0,
	0xE8, 0x13, 0x61, 0x7A, 0x91, 0x75, 0xFF, 0xF0, 0x5D, 0xA9, 0xA1, 0x28,
	0x43, 0xFB, 0xD4, 0xFF, 0xB9, 0xC9, 0x02, 0x08, 0xCF, 0xE3, 0xED, 0xF8,
	0x7A, 0xE0, 0x0A, 0x55, 0xF1, 0xC0, 0xE4, 0x31, 0x49, 0x90, 0xA1, 0x5F,
	0x91, 0x89, 0x44, 0xD5, 0xC7, 0xAF, 0x7D, 0xFE, 0x9B, 0x33, 0xA6, 0x17,
	0x14, 0x05, 0xA6, 0xAC, 0x6F, 0xBA, 0xD8, 0xD4, 0x49, 0x81, 0xE8, 0x7A,
	0x66, 0xFD, 0xF5, 0xE0, 0x95, 0x13, 0xC8, 0x51, 0xAA, 0x18, 0x27, 0xBC,
	0x9D, 0xA6, 0x16, 0xBB, 0xBD, 0x22, 0x6F, 0xB6, 0x90, 0x65, 0xE7, 0x0F,
	0x35, 0xF6, 0x65, 0xB2, 0xF8, 0x64, 0x45, 0x57, 0xB0, 0x65, 0x86, 0x7F,
	0x91, 0x44, 0xE5, 0xC2, 0x8A, 0x7A, 0x91, 0xAA, 0x87, 0xF0, 0x4F, 0x0B,
	0x50, 0x97, 0xAF, 0x68, 0x07, 0x26, 0x35, 0x2D, 0x5A, 0x36, 0x36, 0xD9,
	0xC2, 0x3D, 0xE3, 0xD5, 0xF6, 0x07, 0x1D, 0x67, 0x7A, 0x65, 0x2C, 0xC1,
	0x8F, 0x1C, 0xBF, 0x19, 0xCE, 0x52, 0xFB, 0xDC, 0x26, 0x25, 0xC7, 0xF2,
	0x0B, 0x00, 0xE7, 0xB3, 0x7D, 0xF3, 0x54, 0x14, 0x0F, 0x41, 0xCF, 0x6C,
	0xE1, 0xF7, 0xDC, 0x2E, 0x7C, 0xD9, 0x75, 0x72, 0xD7, 0x99, 0xC8, 0x45,
	0xE7, 0x14, 0x2D, 0x65, 0x7F, 0xFD, 0xE3, 0x76, 0x14, 0xC7, 0x66, 0x2F,
	0x80, 0xFF, 0x9A, 0xDC, 0x39, 0x21, 0x3F, 0x0C, 0x7E, 0x42, 0xC1, 0xD0,
	0xFD, 0x52, 0xF0, 0x2F, 0x8E, 0x07, 0xFC, 0x43, 0xE1, 0xF2, 0xFA, 0xDB,
	0x6F, 0xBF, 0xFD, 0xF8, 0xC1, 0x83, 0x07, 0x4F, 0x3E, 0xFD, 0xF4, 0x53,
	0xFF, 0xC9, 0xFF, 0xEE, 0xE8, 0xF0, 0xAD, 0x22, 0xF8, 0x01, 0xBA, 0x6D,
	0xF0, 0xCF, 0x3F, 0xFF, 0xBC, 0x6E, 0xB3, 0xA2, 0xC5, 0x1D, 0x54, 0xDB,
	0x7E, 0x55, 0xE7, 0x33, 0x7B, 0x1A, 0x8D, 0x9A, 0x74, 0x4E, 0x98, 0x05,
	0x16, 0xF9, 0x01, 0x98, 0xE8, 0x04, 0x3C, 0x56, 0xE7, 0x50, 0x67, 0xE4,
	0x67, 0xF3, 0x45, 0x29, 0x00, 0x1E, 0x83, 0xC8, 0x45, 0xD0, 0xBC, 0xF7,
	0x03, 0xF1, 0x8B, 0x85, 0x1B, 0x20, 0xDB, 0xCF, 0x92, 0x63, 0x00, 0x1D,
	0xD1, 0xC3, 0x59, 0x55, 0xD2, 0x83, 0x69, 0x6C, 0xF6, 0x3E, 0x40, 0xC9,
	0x6B, 0x17, 0xC3, 0x1F, 0x9E, 0x73, 0x79, 0x66, 0xC7, 0x0A, 0x0D, 0x21,
	0x2E, 0xCC, 0x55, 0xA5, 0xAB, 0xA0, 0x9D, 0xF1, 0x32, 0xF1, 0xC0, 0xF8,
	0xCE, 0x0B, 0x74, 0xC4, 0x63, 0x8B, 0xD3, 0xDF, 0x6D, 0x08, 0x3E, 0x33,
	0x5A, 0xCC, 0x39, 0x2E, 0x44, 0x02, 0xAE, 0xA4, 0x7B, 0x15, 0xFA, 0x4D,
	0xE9, 0xEC, 0x78, 0xD1, 0xC2, 0xB4, 0xAC, 0xD3, 0x80, 0xB1, 0x04, 0x17,
	0x81, 0x0F, 0x9D, 0x2B, 0x1C, 0x47, 0x34, 0xA6, 0x58, 0x9E, 0xB4, 0x2A,
	0x6C, 0xAB, 0xE0, 0x91, 0x1A, 0xC5, 0x31, 0x51, 0xE9, 0x4E, 0x0C, 0xEA,
	0xC0, 0x98, 0x46, 0x9A, 0x76, 0xCC, 0x8F, 0x25, 0x0B, 0xE9, 0x1F, 0x16,
	0x54, 0x5F, 0xF0, 0x80, 0x06, 0xB7, 0xA1, 0x15, 0xB1, 0xB8, 0x39, 0x1F,
	0xE1, 0x63, 0x13, 0xBC, 0x06, 0xFC, 0x23, 0x0F, 0xD6, 0xB3, 0x94, 0xE9,
	0x85, 0x05, 0xE6, 0x5A, 0xBE, 0x38, 0x63, 0xBD, 0x53, 0xBD, 0x66, 0xD8,
	0xA5, 0xD8, 0x72, 0xFD, 0xCF, 0x59, 0x68, 0xBB, 0x7C, 0x77, 0xCF, 0x51,
	0xFC, 0xD7, 0x78, 0xD7, 0xA8, 0x9B, 0x26, 0x74, 0xE3, 0x17, 0x6D, 0x2B,
	0x9D, 0x0B, 0xF8, 0xAF, 0xB1, 0xC0, 0xD9, 0xE8, 0x0B, 0x2D, 0xC8, 0x30,
	0x3E, 0xE4, 0x9D, 0x3D, 0xFC, 0xFB, 0x74, 0x40, 0x9C, 0xF4, 0x53, 0x96,
	0xE7, 0x86, 0xDD, 0x79, 0x60, 0xDA, 0x44, 0xD7, 0x14, 0xFF, 0x16, 0xD7,
	0xCC, 0xC0, 0x07, 0xFC, 0xB0, 0x1D, 0xD2, 0x37, 0x7B, 0x4C, 0xD0, 0xED,
	0xE2, 0xBF, 0x9E, 0xB9, 0xFE, 0xCF, 0xF0, 0x8F, 0x2A, 0x7C, 0xF9, 0xE5,
	0x97, 0x65, 0x29, 0x5A, 0xA4, 0x7C, 0x2F, 0x5C, 0xB6, 0x93, 0xFE, 0x9F,
	0x18, 0x7F, 0xFB, 0xDB, 0xDF, 0x62, 0x52, 0x52, 0xCA, 0x1A, 0xE5, 0x93,
	0xC1, 0x40, 0x4C, 0x8E, 0x9C, 0x2C, 0x6A, 0x5C, 0x78, 0xD8, 0xA8, 0x8D,
	0x16, 0x5E, 0xCE, 0x65, 0xD0, 0xAB, 0xC0, 0x0A, 0xB7, 0xBB, 0x54, 0xA2,
	0x30, 0x1B, 0x01, 0x5D, 0xCA, 0xF0, 0xBF, 0x1F, 0x7C, 0xF8, 0x76, 0x0C,
	0x5F, 0x93, 0xAB, 0xD8, 0x4F, 0x0B, 0x6A, 0xDF, 0xB5, 0xA4, 0xE1, 0xE2,
	0x40, 0x2F, 0x1D, 0xE3, 0xD8, 0x4A, 0x00, 0x18, 0x12, 0xC6, 0xCA, 0x47,
	0x14, 0x25, 0x0C, 0xAE, 0xEE, 0x0B, 0x4E, 0x6C, 0xA5, 0x94, 0xA1, 0x98,
	0xF2, 0xA0, 0xF3, 0x4C, 0x23, 0x40, 0x56, 0x66, 0xB2, 0x48, 0xFF, 0xC2,
	0x72, 0x09, 0x40, 0x06, 0x3A, 0x56, 0x11, 0xDC, 0x7B, 0x3E, 0xCC, 0x8A,
	0xDD, 0x7E, 0x1A, 0xFC, 0xC3, 0xF1, 0x13, 0xAE, 0x34, 0x4C, 0xF8, 0x99,
	0xE6, 0x55, 0x25, 0xEC, 0x82, 0xBE, 0x34, 0x8A, 0xED, 0x24, 0xC6, 0x5D,
	0xA6, 0xA2, 0x9B, 0x15, 0x2D, 0x5D, 0x20, 0xD2, 0x63, 0x8C, 0x8B, 0x78,
	0xDE, 0xCB, 0x86, 0x61, 0xCE, 0xCD, 0xD2, 0xBB, 0x50, 0x75, 0x36, 0x9E,
	0xC4, 0x65, 0x09, 0x6E, 0x56, 0x6C, 0xEC, 0xC6, 0x06, 0xEA, 0x4A, 0x8B,
	0x9A, 0xC4, 0xBF, 0x18, 0x1F, 0x14, 0xE5, 0x85, 0x10, 0x4F, 0x1F, 0xC5,
	0x7F, 0xFB, 0xA8, 0x97, 0x2E, 0xCD, 0x0E, 0xE2, 0x5F, 0xE9, 0x8C, 0x58,
	0xC0, 0x2D, 0xCE, 0xA7, 0xDB, 0xCD, 0x73, 0x8C, 0x31, 0x47, 0x32, 0x25,
	0xFE, 0x5D, 0x14, 0xE3, 0xDF, 0x2C, 0x2D, 0xEC, 0x77, 0xF1, 0x0F, 0xFA,
	0x6F, 0xFD, 0xF8, 0x7F, 0x83, 0x5E, 0x04, 0xFF, 0x38, 0x06, 0xF1, 0x4F,
	0x7C, 0x42, 0x3C, 0xF0, 0x6F, 0xBA, 0x18, 0xE5, 0x01, 0x98, 0x0B, 0xCC,
	0x0B, 0xA1, 0x80, 0x75, 0x3F, 0x09, 0x3C, 0x05, 0xFC, 0xA3, 0x5C, 0x92,
	0xC5, 0x8F, 0xEF, 0x42, 0x4E, 0xD2, 0xA6, 0xEB, 0x76, 0x5D, 0xFC, 0x37,
	0xFD, 0x86, 0x8B, 0x82, 0x1A, 0x0B, 0x60, 0xB5, 0x76, 0x9C, 0x8D, 0xFF,
	0xD9, 0xFA, 0xCF, 0xB6, 0x1F, 0xC1, 0x3F, 0x36, 0xFC, 0x35, 0xFF, 0x0A,
	0xEF, 0xDB, 0xE1, 0x84, 0xF9, 0x37, 0x8C, 0x6E, 0xB5, 0x8F, 0xBF, 0xE3,
	0xF2, 0x45, 0x1B, 0xC4, 0x06, 0xA8, 0xE0, 0x1D, 0x2A, 0x3C, 0xA7, 0x2D,
	0x07, 0x2B, 0x7D, 0x48, 0x32, 0x67, 0x37, 0xC6, 0x34, 0xE8, 0x21, 0x27,
	0x88, 0x16, 0x2A, 0x1E, 0x13, 0xF8, 0x12, 0x7D, 0x98, 0x84, 0x44, 0x66,
	0x08, 0x1C, 0x0F, 0x24, 0x25, 0x5B, 0xE8, 0x3A, 0xE5, 0x5B, 0x4F, 0x95,
	0xAA, 0x03, 0x21, 0x8C, 0x85, 0x7E, 0x53, 0x7A, 0x0A, 0xDB, 0xBB, 0x3D,
	0x0A, 0x10, 0xCA, 0x76, 0x37, 0x31, 0xE3, 0x99, 0xE8, 0x5D, 0xDD, 0x27,
	0x49, 0xD0, 0xE2, 0x42, 0x91, 0x06, 0x35, 0xC7, 0x07, 0xCE, 0x0F, 0xDA,
	0xA2, 0x74, 0x00, 0x7A, 0x59, 0x34, 0xA0, 0x1D, 0xE8, 0x67, 0xD6, 0xBB,
	0x75, 0x1B, 0xFF, 0xB7, 0x67, 0x21, 0x3F, 0xF0, 0x55, 0x38, 0x02, 0x99,
	0xC1, 0xEE, 0x3D, 0x1C, 0x64, 0x71, 0x94, 0xF9, 0x54, 0xCC, 0xF9, 0x74,
	0xBE, 0x8E, 0xCA, 0x45, 0xBB, 0xBD, 0x8B, 0x69, 0x67, 0xB6, 0xB8, 0x7F,
	0xCD, 0x6C, 0xB7, 0xF8, 0x02, 0x0C, 0xD9, 0x11, 0x1D, 0x6B, 0xD5, 0xEF,
	0xC7, 0x1D, 0x88, 0xF3, 0x81, 0x1F, 0xA8, 0x77, 0x36, 0xFE, 0x67, 0x72,
	0x28, 0xE6, 0x0E, 0xEB, 0x45, 0xB8, 0xED, 0xF2, 0x69, 0x2E, 0xA4, 0x9E,
	0x42, 0xFE, 0x46, 0x6A, 0x3B, 0xF9, 0x87, 0x73, 0x75, 0xEB, 0xBB, 0x36,
	0xFE, 0x95, 0x9D, 0xB3, 0x79, 0xC8, 0x1A, 0xE3, 0xDF, 0x26, 0xF9, 0x94,
	0xFF, 0x6B, 0xBB, 0xE2, 0x23, 0xFA, 0x76, 0xF1, 0x8F, 0xFD, 0x07, 0xE7,
	0xF0, 0x1F, 0x05, 0xFF, 0x99, 0x0C, 0xFA, 0x61, 0xCE, 0xB3, 0xE2, 0x9F,
	0xE9, 0x54, 0xDE, 0xAB, 0x93, 0xF5, 0x7F, 0x8F, 0x9F, 0xDB, 0xFB, 0xE3,
	0x8F, 0x3F, 0xFA, 0xCD, 0x94, 0x37, 0xDE, 0x7A, 0xEB, 0xAD, 0xC7, 0x5F,
	0x7D, 0xF5, 0xD5, 0xFA, 0x9E, 0xCB, 0xF6, 0x8E, 0x8B, 0x99, 0x7E, 0x54,
	0xB4, 0x09, 0x68, 0xFF, 0x64, 0xD1, 0xEE, 0xDD, 0xBB, 0x17, 0xAA, 0x75,
	0x4B, 0x16, 0xAC, 0x26, 0xB8, 0x91, 0x0E, 0x2F, 0x33, 0x7A, 0x7F, 0x5F,
	0x28, 0x3C, 0xB0, 0xF8, 0xD8, 0x5A, 0x95, 0x8A, 0x77, 0x5A, 0xE0, 0x9C,
	0x9A, 0xC1, 0x41, 0x3F, 0xA6, 0xF7, 0x62, 0xA1, 0x3C, 0x6F, 0x61, 0xB0,
	0x3A, 0x76, 0x3A, 0xC8, 0x21, 0x5D, 0x57, 0x62, 0x10, 0x40, 0x5C, 0x7D,
	0xD6, 0x2C, 0xDE, 0x9D, 0xF1, 0xD3, 0xA5, 0x14, 0x79, 0x05, 0x44, 0xFC,
	0x2A, 0xD9, 0xA6, 0xFC, 0x3D, 0xD8, 0x65, 0x31, 0x99, 0x86, 0x2A, 0xB7,
	0x28, 0xC3, 0xCD, 0xD4, 0x9D, 0xA7, 0x02, 0x63, 0x4E, 0x4A, 0x54, 0xB9,
	0x08, 0x17, 0xF8, 0x0C, 0x3C, 0xC9, 0xC6, 0xE1, 0x2D, 0x72, 0xF6, 0x25,
	0xC5, 0x40, 0xB7, 0x03, 0xD9, 0xD5, 0x1A, 0x7E, 0xD3, 0x87, 0x93, 0x72,
	0x45, 0x7D, 0xC1, 0x14, 0x4E, 0x60, 0x68, 0x97, 0x81, 0x8E, 0xDD, 0xD7,
	0x49, 0x22, 0xA8, 0xE0, 0x67, 0xB4, 0x71, 0x3B, 0xC6, 0xFF, 0xDB, 0xE4,
	0xA6, 0xDB, 0x29, 0x3E, 0x82, 0xAA, 0x7C, 0xB7, 0x0D, 0xE2, 0xA3, 0xB0,
	0xAE, 0x6C, 0x27, 0xE8, 0x67, 0x60, 0x3B, 0xDB, 0xA6, 0x12, 0x44, 0xE7,
	0x4D, 0xF8, 0x50, 0x31, 0x87, 0x71, 0xC6, 0xF2, 0x87, 0x05, 0x0B, 0xF4,
	0x72, 0x39, 0xB2, 0x18, 0xCE, 0xF8, 0xF8, 0x31, 0xC4, 0x4A, 0xC0, 0x14,
	0xD0, 0xE2, 0x1C, 0xE3, 0x45, 0x46, 0xB8, 0x18, 0xF0, 0xF0, 0x80, 0xAD,
	0x25, 0x3A, 0xC8, 0x82, 0x98, 0xE7, 0x9E, 0x63, 0x17, 0x4E, 0xF3, 0x22,
	0xEE, 0xBA, 0x16, 0xD8, 0xAF, 0xA8, 0x27, 0xD1, 0x0F, 0xA2, 0xF1, 0x1C,
	0xC7, 0x39, 0x63, 0x8B, 0x74, 0x1A, 0x16, 0xE8, 0xEB, 0xE0, 0xDF, 0x74,
	0xEC, 0x0C, 0x18, 0x2A, 0xD0, 0x94, 0x8F, 0xCF, 0xC5, 0xBF, 0x18, 0x33,
	0xDC, 0xB9, 0x05, 0xB2, 0x2A, 0x7C, 0x38, 0xE0, 0x3F, 0xD3, 0x1D, 0xE8,
	0x58, 0xB6, 0xC4, 0xBF, 0x9F, 0x3B, 0x82, 0x7F, 0x0E, 0x15, 0x94, 0x57,
	0x8A, 0xBC, 0xB3, 0xBF, 0x8B, 0x7F, 0x36, 0xF5, 0x45, 0xF0, 0x4F, 0xF2,
	0xAB, 0xD0, 0x27, 0x14, 0xCF, 0x42, 0xD7, 0x61, 0x1E, 0xC9, 0x8E, 0x42,
	0xFD, 0x61, 0xFD, 0x47, 0x56, 0x16, 0xDB, 0x70, 0x51, 0xB1, 0xB6, 0xF5,
	0x27, 0xFF, 0x97, 0xA2, 0x45, 0xD1, 0x6F, 0x0D, 0x1F, 0x15, 0x6D, 0x04,
	0x8D, 0x78, 0x7B, 0x69, 0x17, 0x14, 0xC5, 0x05, 0x01, 0x99, 0x0D, 0x4C,
	0x8F, 0x4C, 0x02, 0xE3, 0xCF, 0xC0, 0xB9, 0x38, 0x9E, 0x79, 0x09, 0x30,
	0x87, 0xE4, 0x50, 0xC6, 0xAB, 0x36, 0x0F, 0xBC, 0xDE, 0x5D, 0x92, 0x82,
	0x52, 0x46, 0x5F, 0x91, 0xBF, 0x2E, 0x1A, 0xF4, 0x76, 0x20, 0xA2, 0xAE,
	0x04, 0xCE, 0x02, 0xFA, 0xB1, 0x6F, 0xB0, 0x10, 0xD9, 0xE6, 0x1D, 0x79,
	0x2B, 0x99, 0xDD, 0x60, 0x4A, 0xE0, 0x89, 0x7E, 0x53, 0x5B, 0x13, 0x5F,
	0x84, 0x24, 0x85, 0xF4, 0xA8, 0x33, 0xEC, 0x87, 0xE4, 0xED, 0x80, 0x98,
	0x24, 0xB4, 0x6E, 0x7B, 0xB3, 0x5B, 0x02, 0x57, 0x1C, 0x0F, 0x05, 0x13,
	0x06, 0x7C, 0x7B, 0x6F, 0x08, 0x7D, 0xB9, 0x3E, 0x56, 0x4B, 0xE7, 0x4F,
	0xE8, 0x93, 0x25, 0x82, 0x61, 0xE1, 0xE5, 0x31, 0x25, 0x0B, 0x2A, 0xB3,
	0x70, 0x25, 0xE2, 0x31, 0x6B, 0x10, 0x0F, 0x35, 0x5D, 0xCB, 0xF4, 0x95,
	0xB3, 0xF3, 0xCA, 0x64, 0xE1, 0x16, 0x4F, 0x01, 0x4F, 0xB7, 0x0B, 0x0B,
	0x15, 0xEC, 0x33, 0xB3, 0xFC, 0x8A, 0x9B, 0xF8, 0x65, 0xB8, 0xE0, 0xE2,
	0x34, 0x35, 0xD2, 0x08, 0xFF, 0x6A, 0xDF, 0x08, 0x2F, 0x60, 0x4B, 0xAD,
	0x63, 0xE1, 0xCB, 0x31, 0x97, 0x2E, 0x60, 0xD8, 0x44, 0xB2, 0x56, 0xF9,
	0x2E, 0x9C, 0xA4, 0xB8, 0x65, 0x5D, 0x53, 0xFC, 0x0B, 0x4C, 0x84, 0x85,
	0x25, 0x8B, 0x29, 0xA4, 0x41, 0xBD, 0xDB, 0x76, 0xA0, 0xB5, 0xE3, 0xB6,
	0x86, 0xA1, 0xBC, 0x8F, 0xF4, 0xE0, 0xF3, 0xED, 0xD0, 0x5E, 0x00, 0xFF,
	0xBE, 0xE5, 0xDC, 0xE9, 0x1F, 0x8A, 0xA1, 0x92, 0xF8, 0xA5, 0xE3, 0x9F,
	0xFA, 0xE4, 0xFA, 0x53, 0xA0, 0xD0, 0x75, 0x7D, 0x58, 0xD7, 0xCE, 0xA4,
	0x94, 0xC3, 0xF8, 0x67, 0xB5, 0x38, 0xFC, 0xAF, 0x83, 0x7F, 0xA3, 0xB8,
	0xBB, 0x2E, 0xFE, 0xE1, 0x18, 0xFD, 0x1C, 0x30, 0xBD, 0xFA, 0x97, 0xE2,
	0x2F, 0xB0, 0x50, 0x78, 0x56, 0x31, 0x44, 0x98, 0xE8, 0xF4, 0x3B, 0x76,
	0x0E, 0x39, 0xE3, 0xDB, 0x6F, 0xBF, 0xED, 0xE7, 0xD7, 0xFF, 0xA3, 0x08,
	0x31, 0xB7, 0xB5, 0x2B, 0x38, 0xD8, 0x06, 0xB5, 0x3B, 0x2E, 0x75, 0xFD,
	0xC9, 0x7F, 0x97, 0xDB, 0x78, 0xBA, 0x51, 0x95, 0x84, 0x3A, 0x0D, 0x1A,
	0x35, 0x54, 0x96, 0xA5, 0x0C, 0xFF, 0x53, 0xC7, 0x0D, 0x35, 0x6A, 0xE1,
	0x1C, 0xD1, 0x96, 0x42, 0x77, 0x2F, 0xCC, 0xC2, 0x7F, 0x60, 0x2E, 0x28,
	0x8F, 0x9D, 0x61, 0xB1, 0xC0, 0xC1, 0x20, 0xAA, 0x1A, 0x13, 0x27, 0xB9,
	0x33, 0xCF, 0x73, 0xF2, 0xA0, 0xC0, 0xB6, 0x66, 0x33, 0xEA, 0x10, 0x02,
	0xC4, 0x7D, 0x56, 0xAB, 0xFC, 0xCD, 0x0C, 0x99, 0x94, 0x9D, 0x37, 0xCD,
	0x1F, 0xFB, 0x5E, 0x06, 0xB0, 0x23, 0xAD, 0x4E, 0xD7, 0x93, 0x28, 0xB3,
	0xD0, 0xD5, 0x90, 0x9D, 0x16, 0x33, 0x4E, 0x3A, 0xEA, 0xAA, 0x47, 0x55,
	0xD9, 0x43, 0x80, 0x27, 0x76, 0x55, 0x33, 0x79, 0x07, 0x20, 0xF0, 0x43,
	0x7A, 0xCA, 0x95, 0x46, 0x3A, 0x63, 0xD2, 0xA8, 0x60, 0x87, 0xB2, 0x5B,
	0x09, 0x99, 0x2E, 0x80, 0x40, 0xDB, 0xD9, 0xA8, 0xE3, 0x23, 0xCD, 0x8B,
	0x31, 0x23, 0x3F, 0x92, 0x6F, 0x50, 0xDF, 0x8C, 0x77, 0x38, 0x55, 0x4F,
	0xC5, 0x0B, 0xF3, 0x28, 0x62, 0xDF, 0x6D, 0xAE, 0x13, 0xFA, 0x10, 0x73,
	0x19, 0x56, 0xCE, 0xC5, 0x3F, 0x8C, 0x61, 0x79, 0x9D, 0x8E, 0x92, 0xF2,
	0x80, 0x7F, 0xA3, 0x04, 0x8A, 0xBC, 0xEA, 0x29, 0xA3, 0x56, 0xCC, 0x2D,
	0x40, 0x8F, 0x3C, 0x86, 0x9C, 0xC6, 0xBA, 0x24, 0x7A, 0x0E, 0x3A, 0x20,
	0x0E, 0xB1, 0x4F, 0xCD, 0x1F, 0xFB, 0x32, 0x9B, 0x63, 0x5F, 0x14, 0x89,
	0x3E, 0x5D, 0xC0, 0x26, 0xB1, 0x92, 0xF1, 0x0E, 0xF1, 0x0F, 0xFB, 0xD7,
	0xC2, 0x3F, 0x8E, 0x13, 0xF2, 0x8C, 0xD4, 0xAE, 0xB4, 0xEE, 0xD8, 0x40,
	0x30, 0x62, 0x62, 0x58, 0x37, 0xD8, 0xF7, 0x38, 0xF7, 0x28, 0xB7, 0xCC,
	0x0B, 0x83, 0x7F, 0x12, 0xFC, 0xD7, 0x2A, 0x5F, 0x12, 0x3E, 0x84, 0x7F,
	0x8E, 0x63, 0x35, 0xD7, 0x94, 0x13, 0xB1, 0xB0, 0x72, 0xF9, 0x61, 0x9E,
	0x61, 0x8D, 0xAB, 0x82, 0xEF, 0xCB, 0x5C, 0xFF, 0x7B, 0x7B, 0xF0, 0xE0,
	0x41, 0x59, 0x7F, 0x39, 0x77, 0xFD, 0xEF, 0xD0, 0x6C, 0x93, 0xFF, 0xE4,
	0x7F, 0xFD, 0xE0, 0x83, 0x0F, 0x36, 0x66, 0xCB, 0x1D, 0x97, 0x02, 0xFF,
	0x1D, 0xBA, 0x20, 0xA0, 0x4B, 0xD1, 0x2F, 0x88, 0x71, 0x57, 0x4D, 0xAA,
	0x7F, 0xDE, 0x62, 0xC0, 0x51, 0x02, 0x42, 0x83, 0xFB, 0x82, 0x0C, 0xC6,
	0x63, 0xA5, 0x8B, 0xE0, 0x09, 0x7A, 0x7A, 0x15, 0x4E, 0x46, 0x63, 0x01,
	0xC6, 0x89, 0x50, 0x55, 0xDC, 0xB2, 0x71, 0x42, 0xC1, 0x79, 0x0D, 0x28,
	0xAA, 0x32, 0x89, 0x87, 0x60, 0x76, 0x1B, 0xDC, 0x3D, 0x76, 0xBC, 0x0D,
	0xA0, 0xE3, 0x3C, 0x87, 0x7A, 0xCC, 0x12, 0x63, 0x25, 0xF4, 0xFB, 0x69,
	0xB3, 0x78, 0xB5, 0xA8, 0x74, 0xC8, 0x74, 0xB1, 0x53, 0xC2, 0xE7, 0x98,
	0x29, 0x89, 0x0C, 0x3C, 0xA7, 0xBE, 0x75, 0x55, 0xE9, 0x9C, 0xB9, 0x6E,
	0xEB, 0x71, 0x5B, 0xE8, 0x87, 0xDB, 0x95, 0x90, 0x90, 0xBC, 0x61, 0xB1,
	0x3B, 0x24, 0x4A, 0xD3, 0xF6, 0x4D, 0x41, 0x16, 0x06, 0x50, 0xA2, 0x11,
	0xE7, 0x83, 0xEE, 0x13, 0x3E, 0x46, 0xFF, 0x47, 0x45, 0x2E, 0x88, 0x07,
	0x16, 0xB7, 0xAA, 0x12, 0x0A, 0xF1, 0xCC, 0x16, 0x3C, 0x25, 0x53, 0xEA,
	0x31, 0x69, 0x67, 0xE1, 0x1F, 0xFA, 0xB8, 0xC0, 0x44, 0xDD, 0x0A, 0x7D,
	0x06, 0x99, 0x89, 0x6F, 0x87, 0x78, 0x05, 0xCC, 0x96, 0xBD, 0xB9, 0xE1,
	0x3C, 0x92, 0xF1, 0x16, 0x7D, 0x29, 0x5F, 0xC8, 0x63, 0xD3, 0x78, 0x18,
	0x84, 0x91, 0xCE, 0x22, 0xD5, 0xBC, 0x10, 0xFE, 0xA9, 0x8F, 0x75, 0x0E,
	0xE3, 0xED, 0x05, 0xF0, 0x0F, 0x39, 0x5D, 0x2D, 0xD6, 0x1D, 0xD3, 0x6A,
	0xF1, 0xC4, 0x05, 0x1E, 0xD7, 0x02, 0x27, 0x25, 0x9D, 0x0B, 0xAC, 0x27,
	0x83, 0xAF, 0x05, 0xFB, 0xC0, 0xE3, 0x9F, 0x0B, 0xFF, 0x40, 0x73, 0x08,
	0xFF, 0x66, 0xA6, 0xDE, 0xA5, 0x9B, 0xE2, 0x9F, 0xD7, 0x2C, 0xCC, 0x99,
	0x81, 0x18, 0x62, 0x55, 0xF0, 0x30, 0xDC, 0xE2, 0x18, 0xB5, 0x4D, 0xF0,
	0xDF, 0xDB, 0xFA, 0xCB, 0xB9, 0xE9, 0xB7, 0x8A, 0x56, 0x1E, 0x4B, 0xD1,
	0xD2, 0x4F, 0x2E, 0x77, 0x5C, 0xEA, 0x72, 0x9B, 0xA6, 0xDE, 0xBD, 0x7B,
	0x97, 0x69, 0x37, 0x79, 0x18, 0x64, 0xA2, 0xA9, 0xAF, 0x09, 0x4A, 0x80,
	0x33, 0x90, 0x4A, 0x2C, 0x7C, 0x30, 0x90, 0x4F, 0xC2, 0x6D, 0x48, 0x1C,
	0x3C, 0x21, 0x43, 0xCD, 0x80, 0xF4, 0xAC, 0xDB, 0x2C, 0x66, 0x58, 0x59,
	0x06, 0x54, 0x06, 0x44, 0x57, 0xB3, 0x1E, 0xAB, 0xB0, 0x51, 0x6F, 0x35,
	0x77, 0x7A, 0xD0, 0x89, 0xB8, 0x5F, 0x35, 0xD6, 0x58, 0x04, 0x0D, 0x4C,
	0x85, 0xFF, 0x36, 0x12, 0x0E, 0x26, 0x6A, 0x5C, 0x14, 0x0E, 0xC9, 0x8B,
	0xA7, 0x1B, 0x0E, 0xAA, 0xD0, 0xC7, 0x94, 0x0D, 0x36, 0xFA, 0xAF, 0x2F,
	0x58, 0x94, 0x04, 0x0B, 0xEA, 0x0C, 0x3A, 0x74, 0x79, 0xD8, 0x47, 0xBA,
	0x85, 0xE2, 0x08, 0x78, 0x07, 0x7D, 0x51, 0x3F, 0x90, 0x6B, 0x62, 0x7F,
	0x68, 0x6D, 0xCC, 0xF4, 0x6E, 0x12, 0xDA, 0x66, 0x07, 0x5A, 0xE2, 0xBF,
	0x10, 0x2C, 0x3C, 0xA7, 0xA4, 0x0F, 0xEA, 0x31, 0xE0, 0x12, 0x31, 0x66,
	0xB1, 0x28, 0x08, 0xE7, 0xC1, 0x97, 0x33, 0xBD, 0x87, 0x45, 0x2A, 0xB1,
	0x73, 0x17, 0xFF, 0x84, 0xDD, 0xAE, 0x7B, 0x5B, 0xC0, 0xF0, 0x2E, 0x65,
	0xE5, 0x05, 0xCD, 0xCF, 0x73, 0xF2, 0x6E, 0xF2, 0x66, 0xC5, 0x08, 0xDA,
	0x11, 0xF4, 0x71, 0x5D, 0xE1, 0x3D, 0xA5, 0x59, 0x5C, 0x1C, 0x8A, 0x19,
	0xD4, 0xFB, 0x48, 0x3C, 0x60, 0x92, 0x77, 0x9D, 0xDC, 0x0F, 0x5D, 0xD8,
	0x19, 0xF8, 0x47, 0xBB, 0x4A, 0x91, 0x45, 0x5A, 0x69, 0x32, 0x06, 0x5B,
	0x54, 0xBE, 0xA1, 0xE3, 0x29, 0xFE, 0xED, 0x94, 0xB7, 0x4B, 0x26, 0x9B,
	0x62, 0xDC, 0xE9, 0xB2, 0xB8, 0x19, 0xF0, 0xCF, 0xE2, 0x91, 0xBD, 0xC0,
	0x86, 0xBC, 0x60, 0xA9, 0xF1, 0x2E, 0xF8, 0x3F, 0x09, 0xFE, 0x6B, 0x52,
	0xD8, 0x1C, 0xC1, 0x3F, 0xF1, 0xE5, 0x8B, 0x81, 0x01, 0x97, 0x2A, 0x77,
	0xB8, 0x9F, 0x59, 0x67, 0xC1, 0x7F, 0x50, 0xDD, 0xC6, 0xF9, 0x3C, 0x1B,
	0xFF, 0x28, 0x76, 0xFD, 0xB3, 0x3E, 0x2A, 0x92, 0x27, 0x1A, 0x8F, 0xFE,
	0x93, 0xFF, 0x4B, 0xD7, 0xAD, 0xA5, 0x70, 0xB9, 0xFD, 0xF4, 0xE9, 0xD3,
	0x3B, 0xAF, 0xBC, 0xF2, 0xCA, 0x17, 0xB0, 0xC0, 0xB8, 0xD4, 0x50, 0x5D,
	0xA1, 0x12, 0x4C, 0xCB, 0x46, 0x05, 0xE1, 0x25, 0xFF, 0x81, 0xB6, 0x76,
	0x3E, 0x38, 0x00, 0xC1, 0xC7, 0x72, 0x07, 0xC3, 0xE2, 0xBB, 0x13, 0x5D,
	0x57, 0xD8, 0xF6, 0x85, 0x1F, 0x16, 0xC9, 0xFE, 0x0C, 0x11, 0xED, 0x10,
	0x93, 0x55, 0x90, 0x46, 0x4C, 0x7E, 0x48, 0x12, 0xFE, 0x16, 0xBB, 0x4A,
	0x90, 0x08, 0x74, 0x37, 0x67, 0xE2, 0x43, 0xBC, 0xED, 0x16, 0xAE, 0x14,
	0x8D, 0xFC, 0x8B, 0xB9, 0xF0, 0x84, 0xF9, 0x98, 0xFC, 0x38, 0x18, 0xF1,
	0x18, 0xC7, 0xB0, 0x0A, 0xEE, 0x03, 0xA1, 0x5B, 0xF0, 0x99, 0xF3, 0xA8,
	0x63, 0x05, 0x6E, 0xE4, 0x77, 0x17, 0x5F, 0x33, 0xD0, 0x66, 0xCD, 0x55,
	0x16, 0x73, 0xCD, 0xDF, 0x94, 0xF0, 0x7D, 0x3F, 0xEF, 0xB6, 0x14, 0xBC,
	0xAA, 0xC1, 0xE4, 0x00, 0xB6, 0x30, 0x5F, 0x06, 0x66, 0xB0, 0x19, 0x78,
	0xCB, 0xBB, 0x1F, 0xA4, 0x47, 0x7A, 0x25, 0x3C, 0xF9, 0xDA, 0x6D, 0xC9,
	0x8E, 0x71, 0x9E, 0xDD, 0x24, 0xB3, 0xE1, 0xB1, 0x4F, 0xB6, 0x5F, 0x4F,
	0x6C, 0xF4, 0x02, 0xA7, 0x1A, 0xE2, 0x40, 0xC5, 0x2E, 0xFA, 0x1A, 0xFB,
	0xCF, 0xC1, 0x3F, 0xEB, 0x20, 0xF2, 0x4E, 0xB0, 0x7D, 0x27, 0x86, 0xBB,
	0x2C, 0xC6, 0xBF, 0xD0, 0x05, 0x4C, 0xEC, 0x7A, 0x17, 0x8C, 0x61, 0xC5,
	0xD7, 0x0E, 0x34, 0xC6, 0xA0, 0xDA, 0xDF, 0x19, 0x6F, 0x33, 0xFD, 0x8F,
	0xE0, 0xBF, 0x94, 0x92, 0xE2, 0x1F, 0xE9, 0x49, 0xE7, 0x8D, 0x5C, 0xA9,
	0x64, 0x07, 0xF0, 0x4F, 0x32, 0x6A, 0x3D, 0xDD, 0x35, 0x39, 0x1B, 0xFF,
	0x99, 0x2C, 0x60, 0xC4, 0x32, 0xB8, 0xD8, 0x51, 0xBE, 0x9B, 0xE2, 0x72,
	0x0F, 0xFF, 0x40, 0x7A, 0x6D, 0xFC, 0xAF, 0x39, 0x29, 0xF9, 0x45, 0xE9,
	0x5D, 0xFC, 0x27, 0x98, 0x9A, 0xEA, 0x6A, 0xC2, 0x4F, 0x7B, 0x3A, 0xF2,
	0x79, 0xC7, 0x79, 0x42, 0x7B, 0x08, 0xFF, 0x3F, 0xFC, 0xF0, 0xC3, 0xF6,
	0xDE, 0xED, 0xF2, 0xD4, 0xE7, 0x8D, 0xE5, 0x06, 0xCA, 0xE3, 0xA5, 0x26,
	0x79, 0xB2, 0xD4, 0x24, 0xEB, 0xB7, 0x8A, 0x9E, 0xBA, 0x18, 0xB3, 0x78,
	0x25, 0xB6, 0x7E, 0x6E, 0x1A, 0xFC, 0x72, 0xEE, 0xF2, 0xB9, 0x73, 0xFF,
	0xFE, 0xFD, 0x3F, 0x00, 0x4D, 0x6F, 0x4B, 0x51, 0xA3, 0x12, 0x54, 0xBF,
	0xE2, 0x39, 0xA8, 0x3C, 0x3B, 0x8C, 0xC7, 0x0E, 0xC5, 0x4A, 0xEB, 0x73,
	0x7D, 0x54, 0x92, 0xE8, 0x80, 0x60, 0x80, 0x61, 0x52, 0x55, 0xC9, 0x94,
	0x1D, 0xA9, 0x68, 0x3C, 0xA0, 0x88, 0x9F, 0x9C, 0xAC, 0x02, 0x8B, 0x2A,
	0x9E, 0x4E, 0x92, 0xDE, 0xD6, 0x45, 0x7E, 0x61, 0x5D, 0xB2, 0xFD, 0xA1,
	0xB0, 0xEC, 0x0C, 0x29, 0xA9, 0x1D, 0x48, 0x24, 0x2A, 0xE9, 0xA7, 0xC5,
	0x0A, 0x8E, 0xB7, 0x24, 0x30, 0x33, 0x40, 0xB3, 0xCB, 0x5A, 0x81, 0xA7,
	0x80, 0x2D, 0x65, 0x17, 0x7D, 0xB5, 0xB0, 0x6D, 0x04, 0x30, 0xB1, 0xBF,
	0x5F, 0x49, 0xAD, 0xFB, 0xFE, 0x38, 0x06, 0xE7, 0xD3, 0x68, 0x51, 0x63,
	0xFB, 0x31, 0xF1, 0xE2, 0x58, 0xE0, 0x27, 0x6D, 0x44, 0xFA, 0x83, 0x85,
	0xC9, 0xD1, 0x96, 0x15, 0x4A, 0x33, 0x7A, 0xD7, 0xDF, 0x4C, 0xCC, 0xDD,
	0x46, 0x94, 0xF8, 0x9F, 0x17, 0x37, 0x5C, 0x00, 0x99, 0x5F, 0x15, 0xC5,
	0x20, 0xEB, 0xA0, 0xF0, 0x2F, 0x30, 0x62, 0x40, 0x1B, 0x2E, 0x36, 0x84,
	0x5E, 0x43, 0x9C, 0x29, 0xCC, 0xD9, 0x3C, 0xE9, 0x0F, 0x8B, 0xA2, 0xCF,
	0x1B, 0x9E, 0x4B, 0xF4, 0xB4, 0x89, 0x0D, 0xAA, 0x10, 0x53, 0x0B, 0xC9,
	0xB4, 0x31, 0xCE, 0x33, 0x19, 0x47, 0xF0, 0x6F, 0x66, 0x03, 0xFE, 0x69,
	0xDE, 0xB6, 0xE1, 0x4A, 0x87, 0x24, 0x9F, 0xED, 0xE2, 0x9F, 0x79, 0x15,
	0x51, 0xF8, 0xCE, 0xF0, 0x4F, 0x7A, 0x54, 0xE0, 0xC3, 0x2F, 0x9F, 0x86,
	0x22, 0x46, 0xAD, 0x0B, 0x14, 0x4F, 0x03, 0xB6, 0xB3, 0x31, 0x26, 0xF0,
	0xEF, 0xBA, 0x24, 0x31, 0x71, 0x08, 0xFF, 0x55, 0x5C, 0xEC, 0xED, 0xB4,
	0xDD, 0x1C, 0x9D, 0xE9, 0x61, 0xB9, 0xAE, 0x87, 0xF0, 0xEF, 0xAD, 0x5D,
	0x00, 0xDA, 0x84, 0xDF, 0x2E, 0xFE, 0xBD, 0x70, 0x31, 0xF8, 0x5F, 0x45,
	0xF6, 0xBC, 0x68, 0x79, 0x56, 0xE0, 0x3D, 0xA7, 0x2B, 0x8B, 0xC5, 0x8B,
	0xBF, 0x9C, 0xDB, 0x5B, 0x53, 0xC0, 0x27, 0x28, 0x2B, 0x4C, 0xD0, 0xF8,
	0x82, 0x00, 0xC0, 0xAD, 0xE9, 0x40, 0x32, 0x18, 0x53, 0x84, 0x6C, 0x03,
	0x99, 0xE1, 0xB6, 0x35, 0x01, 0xBD, 0xF2, 0xD8, 0x7A, 0x5A, 0xD4, 0x4F,
	0x42, 0x4A, 0x7C, 0x5F, 0xC7, 0x2C, 0x7E, 0x5D, 0xB9, 0x9C, 0x8A, 0x0D,
	0xDF, 0x16, 0xE6, 0xD1, 0xC0, 0xB8, 0x1D, 0xD6, 0xE7, 0x8D, 0x93, 0x76,
	0x6D, 0x66, 0x87, 0x0A, 0x17, 0x6D, 0xC1, 0xFD, 0xF6, 0x51, 0x09, 0xDA,
	0x79, 0x87, 0x85, 0x84, 0xE9, 0x94, 0x0C, 0xF6, 0x05, 0x30, 0x0C, 0x02,
	0x98, 0xC6, 0xF7, 0x55, 0x5E, 0x31, 0xDD, 0xD8, 0xEE, 0xAE, 0xB8, 0x48,
	0x5A, 0xC0, 0x7E, 0x2C, 0x3A, 0xDC, 0xA7, 0xC0, 0x53, 0xDD, 0x35, 0x09,
	0xE3, 0x28, 0x26, 0x7A, 0x0C, 0xB1, 0x4C, 0x8B, 0xC5, 0x0C, 0x87, 0x28,
	0x17, 0x9F, 0xE1, 0x98, 0x30, 0x10, 0x6C, 0xC2, 0x2D, 0x82, 0x96, 0xFC,
	0xD9, 0xB7, 0x15, 0xAE, 0x82, 0xE1, 0xAB, 0x94, 0x72, 0xC1, 0x67, 0xFF,
	0x24, 0xFB, 0x55, 0xC9, 0x3C, 0xC0, 0x23, 0xE0, 0x5E, 0x0E, 0x00, 0x7F,
	0x19, 0x61, 0x4C, 0xE1, 0xDF, 0x4E, 0x17, 0x40, 0x1C, 0x8F, 0x2F, 0x8C,
	0x7F, 0xD0, 0xC9, 0xD8, 0xF7, 0x16, 0xFD, 0x60, 0x89, 0x2C, 0xC5, 0x2F,
	0xC4, 0x95, 0xFA, 0x71, 0xC6, 0x86, 0xF7, 0x8A, 0xF3, 0x46, 0xFB, 0x9C,
	0xE3, 0x30, 0xFE, 0x87, 0xBB, 0x9A, 0x59, 0x13, 0xBA, 0x0D, 0x39, 0x2D,
	0xE1, 0xB3, 0x2B, 0xE3, 0x28, 0xFE, 0xF1, 0x50, 0xB0, 0x9A, 0xE2, 0xBF,
	0x94, 0xF0, 0x2B, 0xB9, 0xBB, 0xF8, 0x57, 0x3C, 0xCE, 0xC5, 0x3F, 0xEB,
	0x4F, 0x18, 0x90, 0xF8, 0x37, 0x11, 0x9F, 0x3E, 0x8F, 0x18, 0x57, 0x40,
	0xFB, 0xAF, 0x02, 0xFF, 0x68, 0x57, 0xD2, 0x42, 0x7C, 0xA2, 0x6D, 0x25,
	0x49, 0x1B, 0x47, 0xF1, 0x8F, 0x7E, 0xB4, 0x97, 0xB8, 0xFE, 0x63, 0x63,
	0x1D, 0xB7, 0xEA, 0x06, 0xDF, 0x71, 0x59, 0xBF, 0x0E, 0x0D, 0x2F, 0xE7,
	0x76, 0xDD, 0x6C, 0x74, 0x4C, 0x70, 0x9A, 0x48, 0x52, 0x28, 0x14, 0x9F,
	0xC5, 0x2A, 0x7C, 0x55, 0x32, 0x3E, 0x28, 0x5C, 0xC6, 0x62, 0x03, 0xCF,
	0xF3, 0xB8, 0xB0, 0x00, 0xDB, 0x24, 0xE8, 0x29, 0x00, 0xBB, 0x9E, 0x70,
	0x8B, 0x2E, 0x5C, 0x85, 0xAB, 0xBC, 0x00, 0x41, 0x8A, 0x2F, 0x90, 0x85,
	0x04, 0x6E, 0x26, 0xAF, 0xA0, 0x5C, 0x6E, 0x4D, 0x02, 0x27, 0x44, 0x14,
	0x3E, 0x5B, 0xAF, 0xA7, 0x62, 0xC7, 0xD0, 0x3E, 0x4A, 0x3E, 0xCA, 0x57,
	0xD3, 0x63, 0x4A, 0xBE, 0x7D, 0xD7, 0xA2, 0x1D, 0xBC, 0x48, 0xF4, 0x45,
	0xBE, 0xF1, 0xC3, 0x7D, 0x4E, 0x9A, 0xAA, 0xE8, 0xEA, 0x3C, 0xEA, 0xE9,
	0x0A, 0xD2, 0xA0, 0xBF, 0x98, 0xE9, 0xDB, 0x8C, 0x46, 0x49, 0x8E, 0x6D,
	0x40, 0x5D, 0x61, 0xAE, 0x2B, 0xF1, 0xB0, 0xF6, 0xB5, 0xE9, 0x82, 0x7D,
	0xA6, 0x41, 0xC4, 0x05, 0x8E, 0x02, 0x27, 0xCA, 0xC5, 0x84, 0x2C, 0xEF,
	0x26, 0xA0, 0xAF, 0x98, 0x67, 0xD2, 0x0A, 0xD9, 0x3F, 0x2B, 0x6A, 0xC3,
	0xB8, 0xCC, 0x36, 0x38, 0x51, 0x9B, 0x7D, 0x8C, 0x29, 0x2E, 0xF8, 0xD0,
	0xC6, 0x70, 0x01, 0x60, 0x09, 0xFE, 0x81, 0xFE, 0x6C, 0xFC, 0x27, 0xBA,
	0xA2, 0x1E, 0x68, 0xD3, 0x80, 0xFF, 0x4C, 0xA0, 0xD9, 0x70, 0xC7, 0x45,
	0xE2, 0x9F, 0xE3, 0x86, 0xF5, 0xC1, 0x39, 0x54, 0xF3, 0x8A, 0x79, 0x86,
	0xED, 0x98, 0xCC, 0x59, 0xC8, 0xB7, 0x99, 0x7F, 0xDC, 0xBE, 0xA2, 0x73,
	0xE3, 0xE1, 0x63, 0xCF, 0x5D, 0xCA, 0x55, 0xA0, 0x87, 0x5C, 0x68, 0x3D,
	0xE7, 0x9D, 0x8B, 0x7F, 0x5C, 0xD0, 0x92, 0xDC, 0x13, 0xF0, 0x5F, 0xC7,
	0xBB, 0x10, 0xA1, 0x98, 0x20, 0x9E, 0x38, 0xC7, 0x53, 0xFC, 0xA3, 0x9E,
	0x78, 0x5C, 0xF4, 0xC5, 0xDB, 0x21, 0xFC, 0xA3, 0xBD, 0x2F, 0x03, 0xFF,
	0xE4, 0x93, 0x8E, 0xFF, 0x9A, 0x14, 0xA2, 0xA2, 0x75, 0x31, 0x2A, 0x86,
	0x50, 0x69, 0x8B, 0xB8, 0xE6, 0x35, 0x0D, 0x65, 0x85, 0xC2, 0xCF, 0x4F,
	0x29, 0xC1, 0x40, 0x3F, 0xC5, 0x3F, 0xB7, 0xF5, 0x97, 0x73, 0xD5, 0x3B,
	0x2E, 0xEB, 0xD7, 0xA1, 0xEB, 0x87, 0x1F, 0x7E, 0x58, 0x9D, 0x68, 0x6D,
	0xCB, 0xB3, 0xA5, 0x50, 0x2D, 0x26, 0xC9, 0x02, 0x83, 0x0A, 0x8D, 0xE9,
	0x2F, 0x8C, 0x26, 0x0E, 0x2A, 0x42, 0xEB, 0x34, 0x61, 0xD5, 0x1A, 0x5F,
	0xC4, 0x03, 0x9D, 0x42, 0xF2, 0xC6, 0x7E, 0x1F, 0x87, 0x3A, 0xA1, 0x8E,
	0x2E, 0x0F, 0x27, 0xA6, 0x15, 0x06, 0xA1, 0x90, 0x01, 0x9D, 0x4D, 0xD9,
	0x8A, 0x01, 0x89, 0x20, 0xB4, 0xB1, 0xA9, 0x3E, 0x1F, 0x8B, 0x77, 0x86,
	0x18, 0xD8, 0xDB, 0x16, 0x1E, 0x65, 0x24, 0x2C, 0x82, 0xAD, 0x55, 0x80,
	0xD7, 0xB2, 0xE3, 0xA0, 0xE4, 0x29, 0x51, 0x9B, 0x00, 0x6D, 0xB8, 0xB3,
	0x51, 0x4A, 0x91, 0xBC, 0xD8, 0x7F, 0x30, 0x67, 0x45, 0x00, 0x9E, 0x0B,
	0xBB, 0x2C, 0x39, 0x07, 0x13, 0x80, 0xCE, 0x8C, 0x16, 0x2C, 0x4A, 0x66,
	0x83, 0x5E, 0x16, 0xE7, 0x31, 0xD8, 0x01, 0xC0, 0xF6, 0x7D, 0x4C, 0x7A,
	0xA8, 0xA7, 0x99, 0xC9, 0x3B, 0x7C, 0x7D, 0x31, 0x6C, 0xF2, 0x66, 0x0B,
	0xDE, 0xC0, 0x03, 0x7D, 0xC5, 0xE4, 0x48, 0x83, 0xB1, 0x67, 0x36, 0xBD,
	0xCA, 0x32, 0xC5, 0x5F, 0x74, 0x63, 0x32, 0xC7, 0x79, 0xAA, 0x49, 0x51,
	0x17, 0x0A, 0xD5, 0xC6, 0xC4, 0xED, 0xE9, 0x45, 0xCA, 0x8B, 0xE0, 0x1F,
	0xCF, 0x55, 0x61, 0x34, 0x9C, 0xDF, 0xB3, 0x5F, 0x2E, 0x34, 0x30, 0x3F,
	0x21, 0x61, 0xB7, 0x79, 0x34, 0x91, 0xE4, 0xF1, 0xB6, 0x7A, 0x8A, 0x2B,
	0x65, 0xC7, 0x2C, 0x9E, 0xD1, 0xD7, 0x96, 0xC4, 0x8A, 0x99, 0x4D, 0x1F,
	0x45, 0xB5, 0xAD, 0xF4, 0x53, 0xA6, 0x67, 0xA6, 0x0B, 0xC4, 0x7A, 0x4A,
	0x43, 0x0B, 0x9A, 0x11, 0xCB, 0x43, 0xF8, 0x47, 0x9B, 0x9A, 0x4C, 0xF9,
	0x48, 0x96, 0x64, 0x3B, 0x79, 0x15, 0xF2, 0x02, 0xFE, 0x01, 0xC3, 0x98,
	0xB7, 0x42, 0x7E, 0xB0, 0x04, 0xCB, 0x3E, 0x46, 0xFC, 0xAF, 0xB9, 0x7F,
	0x71, 0xF8, 0x9F, 0xC5, 0x16, 0xB7, 0x04, 0x3F, 0x21, 0x9F, 0x32, 0x2E,
	0x8A, 0x58, 0xFF, 0x7D, 0xBE, 0xCC, 0xC6, 0x7F, 0x97, 0x61, 0x2F, 0x69,
	0xFD, 0xF7, 0xE6, 0xFF, 0x86, 0x88, 0x55, 0x77, 0x62, 0x7F, 0x64, 0xB4,
	0xFD, 0x77, 0xE8, 0xE5, 0x8E, 0xCB, 0xAD, 0xC7, 0x8F, 0x1F, 0xDF, 0x5E,
	0x9E, 0x37, 0xDD, 0x59, 0xF6, 0xBF, 0xA8, 0x71, 0x61, 0xB4, 0xA6, 0xDC,
	0xC0, 0x2C, 0xC3, 0x44, 0x62, 0x04, 0x06, 0x41, 0x0F, 0x14, 0xC4, 0x85,
	0x01, 0x08, 0x30, 0x10, 0x81, 0x67, 0xD7, 0x25, 0xE1, 0x3B, 0x04, 0x28,
	0x04, 0x58, 0xAF, 0x9E, 0xE1, 0x9D, 0x04, 0xD7, 0x65, 0xF8, 0x8A, 0xA1,
	0x8F, 0x11, 0x39, 0x21, 0xF0, 0x26, 0x3E, 0x86, 0xE7, 0xF0, 0xD8, 0x6C,
	0x7A, 0x37, 0x66, 0x6B, 0xF8, 0x55, 0x58, 0x4F, 0xA6, 0x15, 0x0A, 0x7C,
	0x4E, 0x20, 0x66, 0xFB, 0xCF, 0x2C, 0xB9, 0xA1, 0x1F, 0x99, 0xAF, 0xB0,
	0x63, 0x28, 0x0C, 0x69, 0x3F, 0x00, 0x0A, 0x75, 0xE6, 0x18, 0xF0, 0xE4,
	0xCF, 0x7A, 0xC2, 0xA2, 0xD0, 0xE7, 0x47, 0x9D, 0x67, 0x1D, 0x33, 0xF3,
	0xCC, 0x86, 0xBB, 0x84, 0x83, 0xDF, 0x55, 0x1C, 0xD7, 0xB8, 0x10, 0x1B,
	0xD8, 0x95, 0xC6, 0x39, 0x8E, 0x2F, 0xE3, 0xD7, 0xED, 0x33, 0x1C, 0xB0,
	0x5E, 0xFD, 0x78, 0x42, 0xEF, 0x34, 0x4D, 0xA5, 0xF9, 0x3B, 0x06, 0x14,
	0x26, 0x03, 0x0E, 0xD5, 0x38, 0xA1, 0x53, 0x9A, 0x58, 0x29, 0x36, 0x95,
	0x3F, 0x87, 0x77, 0x51, 0x2C, 0xC1, 0xFF, 0xCC, 0x9E, 0x4C, 0x97, 0x3D,
	0xFC, 0x03, 0x1F, 0x2C, 0xAC, 0xFA, 0x16, 0xF0, 0x33, 0x5C, 0x0C, 0x79,
	0x1F, 0xDA, 0x00, 0xC7, 0x66, 0x07, 0x70, 0x2C, 0x6C, 0x19, 0xE2, 0x90,
	0xE6, 0x2A, 0x8C, 0xAB, 0xE9, 0x7A, 0x33, 0xE6, 0xB9, 0x97, 0x89, 0xFF,
	0x6B, 0xB4, 0xEE, 0x4A, 0x7C, 0xB1, 0x54, 0xE1, 0x1F, 0xF4, 0x2E, 0x89,
	0x4E, 0xE5, 0x0C, 0xBC, 0x0C, 0xB8, 0xA4, 0x3C, 0x12, 0xF8, 0xF2, 0x7E,
	0xC6, 0x67, 0x86, 0xA9, 0x03, 0xED, 0x85, 0xF0, 0x5F, 0x9F, 0x5F, 0xD0,
	0x0E, 0x39, 0x93, 0xC6, 0x98, 0xC5, 0x22, 0x23, 0x2D, 0xF8, 0x20, 0xC6,
	0x07, 0x9D, 0x8E, 0xBE, 0x6B, 0x77, 0x24, 0xB6, 0x38, 0x86, 0x27, 0xBA,
	0x49, 0xFC, 0xE3, 0x4F, 0xFE, 0x1B, 0xBC, 0xE3, 0x62, 0xF4, 0x93, 0xFF,
	0x1E, 0x5C, 0x57, 0xCB, 0xE3, 0x22, 0xFB, 0x9B, 0xBF, 0xF9, 0x9B, 0x1B,
	0x9F, 0x7E, 0xFA, 0xE9, 0xCD, 0xFB, 0xF7, 0xEF, 0xDF, 0xF9, 0xEE, 0xBB,
	0xEF, 0x6E, 0xBD, 0xFA, 0xEA, 0xAB, 0x77, 0x16, 0x66, 0xAF, 0x3C, 0x7A,
	0xF4, 0xE8, 0x15, 0x3B, 0xFD, 0x0F, 0xA3, 0x9B, 0x4B, 0xBB, 0xF1, 0xE4,
	0xC9, 0x93, 0xAD, 0x7A, 0x5A, 0xF6, 0xCB, 0xB2, 0xCF, 0xCA, 0xC8, 0x80,
	0x5C, 0x68, 0x2B, 0xD0, 0xAE, 0x63, 0x37, 0x3A, 0xEF, 0x83, 0xE3, 0xDA,
	0x8E, 0xAD, 0xC9, 0xE9, 0xFC, 0x57, 0x79, 0xEB, 0x4E, 0x1B, 0xB3, 0x1E,
	0x5B, 0x3B, 0x2E, 0x20, 0xA3, 0x38, 0x2D, 0xC8, 0x0B, 0x3A, 0x36, 0x59,
	0x1B, 0x1F, 0x97, 0xB3, 0x6C, 0x57, 0xE7, 0xF4, 0x7F, 0x83, 0x80, 0x7A,
	0x39, 0x1D, 0x9D, 0x73, 0x5B, 0x7D, 0xDF, 0x79, 0x75, 0xDD, 0x5C, 0x17,
	0xA2, 0x35, 0x18, 0xE3, 0xFA, 0x38, 0x5F, 0xB7, 0x51, 0xD9, 0xA1, 0x16,
	0x38, 0xE6, 0x17, 0x1A, 0xF8, 0xBC, 0xB8, 0x6E, 0x6D, 0x5B, 0x41, 0x57,
	0xF4, 0xC7, 0x5E, 0x22, 0x76, 0x9F, 0xB3, 0x6F, 0x5D, 0x4F, 0x9F, 0xBB,
	0x6E, 0x03, 0xFA, 0xC4, 0xF5, 0xC4, 0x58, 0x68, 0xFB, 0x57, 0x99, 0xFF,
	0xA0, 0x6F, 0xD0, 0x05, 0xF8, 0x19, 0xF8, 0xCC, 0xE7, 0x0A, 0x6D, 0x42,
	0xFD, 0xA4, 0x8D, 0xEE, 0x17, 0xD2, 0xB1, 0xFB, 0xC6, 0x20, 0x36, 0x69,
	0x8C, 0x99, 0x28, 0x08, 0x5C, 0x1E, 0xC5, 0x01, 0xC6, 0x9B, 0x9A, 0x9B,
	0x8A, 0xB4, 0x66, 0x87, 0xEF, 0xA8, 0x74, 0x5B, 0xC8, 0x87, 0x19, 0x3E,
	0x5D, 0xFF, 0xE2, 0x72, 0x9B, 0xAF, 0xB8, 0x6F, 0x88, 0x3D, 0x9C, 0x0F,
	0x9A, 0x9B, 0x0B, 0xFE, 0x2F, 0xF8, 0xBF, 0xE0, 0x9F, 0xFC, 0x71, 0xC1,
	0x7F, 0x97, 0x55, 0x81, 0xD7, 0xB3, 0x5B, 0xB7, 0x6E, 0x6D, 0x45, 0xC9,
	0x72, 0x93, 0x64, 0x2D, 0x50, 0x7E, 0xBD, 0x73, 0xE7, 0xCE, 0xA3, 0xA5,
	0x88, 0xFA, 0xF5, 0xE7, 0x9F, 0x7F, 0xFE, 0x65, 0x39, 0x7E, 0xF4, 0xF6,
	0xDB, 0x6F, 0x3F, 0xFE, 0xF2, 0xCB, 0x2F, 0xB7, 0x6F, 0x14, 0x19, 0x17,
	0x2E, 0xB0, 0x5D, 0x03, 0x67, 0xBB, 0xE3, 0xD2, 0x3E, 0x77, 0xF0, 0xB3,
	0x08, 0x59, 0xEF, 0xC2, 0x78, 0xF1, 0xE2, 0xFF, 0x90, 0xB1, 0x00, 0x0F,
	0x4C, 0x2A, 0x4A, 0x71, 0x9C, 0xC8, 0x42, 0x93, 0xE4, 0xC6, 0x18, 0x4C,
	0x60, 0x61, 0xE7, 0x60, 0x60, 0x61, 0x30, 0x88, 0x04, 0x85, 0xC9, 0xE0,
	0x99, 0x83, 0x02, 0x9C, 0x57, 0xC8, 0xA1, 0x3C, 0x11, 0x7D, 0x3C, 0xF6,
	0x83, 0x6D, 0xDD, 0x77, 0x9C, 0x8C, 0x95, 0x8C, 0x0C, 0x78, 0x9E, 0x28,
	0x55, 0x10, 0x50, 0x00, 0x0F, 0xE0, 0x12, 0x49, 0x7D, 0xB0, 0xDF, 0x22,
	0xF8, 0xAB, 0x58, 0x04, 0x86, 0x04, 0x4C, 0x73, 0x63, 0x68, 0x53, 0xB3,
	0xBF, 0x90, 0x3F, 0x32, 0x99, 0x66, 0x3A, 0xC9, 0x86, 0x45, 0xC3, 0xC6,
	0xA4, 0x6D, 0x04, 0x5C, 0x03, 0xBE, 0x01, 0x44, 0xC2, 0xAF, 0xBC, 0xB0,
	0xB1, 0x2F, 0x03, 0x1D, 0x25, 0xA1, 0xC2, 0x8B, 0x9E, 0x3D, 0x4F, 0x84,
	0x46, 0xAD, 0x28, 0x7B, 0x2D, 0x26, 0xF2, 0x90, 0x18, 0x58, 0x1F, 0x6C,
	0x94, 0xD4, 0x67, 0x0B, 0xAE, 0xB1, 0x5C, 0xD0, 0x87, 0xF7, 0x4B, 0x26,
	0xCB, 0x62, 0x72, 0x1F, 0xF0, 0x37, 0x19, 0x5B, 0x45, 0xBC, 0x85, 0x45,
	0xE0, 0x82, 0xFF, 0x0B, 0xFE, 0xED, 0x82, 0x7F, 0x3F, 0xE7, 0xB2, 0x2F,
	0xF8, 0x87, 0xF3, 0x30, 0xC7, 0x4F, 0x97, 0x92, 0x62, 0x2D, 0x5A, 0x56,
	0x43, 0xB7, 0xC2, 0x65, 0xF9, 0x3C, 0x5A, 0x6E, 0x96, 0x3C, 0x5A, 0x0A,
	0x97, 0x47, 0xCB, 0x93, 0x9E, 0xC7, 0xEB, 0xD7, 0xA1, 0x57, 0x76, 0xEF,
	0xBF, 0xFF, 0xFE, 0xD3, 0x8F, 0x3F, 0xFE, 0xF8, 0x19, 0xDC, 0x1D, 0x94,
	0x85, 0xCB, 0x8D, 0x37, 0xDF, 0x7C, 0xF3, 0xD6, 0x37, 0xDF, 0x7C, 0xB3,
	0x7D, 0x1D, 0x7A, 0xFD, 0xDC, 0xBE, 0x7D, 0xFB, 0xCE, 0xAF, 0xBF, 0xFE,
	0xBA, 0x1E, 0x7B, 0x51, 0x83, 0x85, 0x8B, 0xDD, 0x8C, 0x95, 0x2C, 0x56,
	0x66, 0x5C, 0xC5, 0x07, 0x03, 0x6C, 0xBC, 0x0A, 0xC1, 0x40, 0x18, 0xAE,
	0x56, 0x6E, 0x8E, 0x57, 0x1E, 0x81, 0x17, 0x25, 0x38, 0xB3, 0x7C, 0x32,
	0xD4, 0x95, 0xCB, 0x50, 0xAD, 0x92, 0x3D, 0xB3, 0x8A, 0x93, 0x81, 0x80,
	0x57, 0x93, 0x6C, 0x9F, 0x09, 0x1B, 0x7B, 0xBB, 0x19, 0xAB, 0xFC, 0x70,
	0x05, 0x93, 0xD9, 0x84, 0xC9, 0x56, 0xF8, 0x29, 0xF8, 0xD6, 0x62, 0x2B,
	0x96, 0xF8, 0x88, 0x12, 0x27, 0x26, 0x34, 0xD7, 0x7B, 0xD0, 0x85, 0x92,
	0x1D, 0x27, 0x17, 0xE5, 0x73, 0x63, 0x9F, 0x10, 0xA8, 0x8C, 0x12, 0x48,
	0x9A, 0xA8, 0x27, 0xFE, 0xA9, 0x89, 0x7E, 0xA8, 0x47, 0x11, 0x8B, 0xCD,
	0x70, 0x77, 0x80, 0xE6, 0x45, 0xC9, 0x0A, 0xF2, 0x4C, 0x24, 0x35, 0x48,
	0x1E, 0xFD, 0x78, 0x96, 0xE4, 0x8D, 0xEC, 0xB4, 0x1C, 0x0B, 0x8C, 0xB7,
	0xE1, 0xCA, 0xF2, 0xA6, 0xBE, 0x3A, 0x62, 0x99, 0x43, 0xAC, 0xDD, 0xD4,
	0x57, 0x6D, 0x7C, 0xFE, 0x82, 0xFF, 0x0B, 0xFE, 0x2F, 0xF8, 0xBF, 0xE0,
	0xFF, 0x08, 0xFE, 0xB7, 0xC2, 0xC5, 0x9E, 0xDF, 0x49, 0xF1, 0xC2, 0x65,
	0xFD, 0x3C, 0x5A, 0x3F, 0xF7, 0xEE, 0xDD, 0x7B, 0xB4, 0xDC, 0x7D, 0xF9,
	0xF5, 0x4F, 0x7F, 0xFA, 0xD3, 0xD3, 0xD6, 0xBF, 0x16, 0xF8, 0xB1, 0x70,
	0x81, 0x67, 0x9A, 0xEB, 0x67, 0x2B, 0x4A, 0xD6, 0xC2, 0x65, 0xBD, 0xBB,
	0xF2, 0xFD, 0xF7, 0xDF, 0xAF, 0x3F, 0x40, 0x77, 0xFB, 0x97, 0x5F, 0x7E,
	0x59, 0x0B, 0x98, 0xF5, 0xA6, 0xCB, 0xF6, 0xA8, 0x68, 0x39, 0x77, 0xD5,
	0x1C, 0x51, 0x44, 0x15, 0x96, 0x55, 0x67, 0xD9, 0x6D, 0xA5, 0xBD, 0xEA,
	0x3D, 0xBB, 0xF2, 0x0A, 0x8E, 0x70, 0x5E, 0x4F, 0xF4, 0x95, 0x5C, 0xC9,
	0xC0, 0x9D, 0x24, 0xBB, 0x01, 0x78, 0x37, 0xF3, 0xAB, 0xA6, 0x41, 0xEF,
	0x84, 0x76, 0xAF, 0x92, 0x0E, 0xE3, 0xBD, 0x91, 0x3D, 0x43, 0x70, 0x80,
	0x1E, 0xD9, 0x55, 0x85, 0x09, 0x7B, 0x07, 0xBF, 0x82, 0x2C, 0xA9, 0xBB,
	0xE5, 0x49, 0x63, 0x3A, 0x9E, 0xCE, 0x0D, 0x89, 0x63, 0x27, 0xB1, 0x15,
	0xB1, 0x48, 0x48, 0x19, 0x22, 0x11, 0x28, 0x9D, 0x65, 0xCC, 0x65, 0x73,
	0x3B, 0x6B, 0xB3, 0x31, 0x37, 0xC7, 0xDB, 0xBE, 0xA9, 0xAE, 0xAE, 0x83,
	0xE9, 0x45, 0x80, 0x13, 0x69, 0x49, 0x78, 0x64, 0xF1, 0x6E, 0x99, 0xFD,
	0x33, 0xBA, 0xCC, 0x37, 0x90, 0x84, 0xD7, 0xB1, 0xE9, 0x55, 0xFF, 0x05,
	0xFF, 0x17, 0xFC, 0x27, 0xE7, 0x2E, 0xF8, 0xBF, 0xE0, 0xDF, 0x65, 0xFB,
	0xE3, 0x9F, 0x27, 0xCB, 0x8D, 0x91, 0xC7, 0x4B, 0x09, 0xF2, 0xF8, 0xD1,
	0xA3, 0x47, 0xDB, 0x5D, 0x97, 0xF6, 0x59, 0x09, 0x7F, 0x7D, 0xEF, 0xBD,
	0xF7, 0x9E, 0x7E, 0xFA, 0xE9, 0xA7, 0x5E, 0xB8, 0xF8, 0xBB, 0x83, 0xA7,
	0xC2, 0x65, 0xB9, 0x1D, 0x73, 0xB5, 0xDC, 0x8E, 0xE9, 0x8F, 0x8B, 0xDE,
	0x78, 0xE3, 0x8D, 0x5B, 0x7F, 0xFF, 0xF7, 0x7F, 0xEF, 0x77, 0x5D, 0x6E,
	0xAF, 0x6D, 0xED, 0x5F, 0xE8, 0x6F, 0x2C, 0x85, 0x4B, 0xB8, 0xE3, 0x62,
	0xBA, 0x9A, 0x5F, 0x2B, 0x1D, 0x7B, 0xFE, 0xF8, 0x6A, 0xDA, 0xB8, 0x32,
	0xAE, 0xCB, 0xB8, 0xB2, 0x8C, 0x0B, 0x57, 0x0B, 0x4B, 0xDF, 0x76, 0xAC,
	0xF8, 0xB9, 0x9C, 0xB6, 0x0D, 0xBA, 0x00, 0x2F, 0xE7, 0x2D, 0x69, 0x9F,
	0xD7, 0x64, 0x27, 0xFE, 0xA8, 0x03, 0xDA, 0x31, 0xB1, 0x69, 0xD3, 0x31,
	0xB3, 0x97, 0x6C, 0x92, 0x57, 0x3F, 0x30, 0xDE, 0xF7, 0x07, 0x3A, 0xE1,
	0x1B, 0xE9, 0x0F, 0xB4, 0x85, 0x65, 0x8A, 0xF3, 0xF2, 0xCA, 0x17, 0xF9,
	0x25, 0xBA, 0x38, 0x0F, 0x4E, 0xAA, 0xDC, 0xD8, 0xF7, 0x9B, 0x0D, 0x82,
	0xEF, 0x20, 0xB7, 0xF5, 0x99, 0xD3, 0xA3, 0xDE, 0x07, 0xE2, 0x2B, 0xD8,
	0x0C, 0xF3, 0x2E, 0xE7, 0x9F, 0xFD, 0xD5, 0xFA, 0x3A, 0xD8, 0x81, 0xC6,
	0xC7, 0x6C, 0xE3, 0x69, 0xCE, 0x66, 0xFE, 0x09, 0x8D, 0x75, 0xF2, 0x3E,
	0xB2, 0xB1, 0x34, 0x9A, 0x1E, 0xFF, 0xC4, 0xD7, 0xF5, 0x19, 0xE6, 0x90,
	0xF4, 0x91, 0xD8, 0xE2, 0x39, 0x11, 0xBA, 0xA3, 0x5E, 0x68, 0xAF, 0xF4,
	0xB3, 0xB2, 0x6F, 0xA7, 0x5D, 0xF0, 0x3F, 0x8E, 0xBF, 0xE0, 0xDF, 0x2E,
	0xF8, 0x77, 0x19, 0xFF, 0xC6, 0xF0, 0xEF, 0x74, 0x6B, 0x31, 0x82, 0x77,
	0x5D, 0xD6, 0xA2, 0x65, 0xBB, 0xEB, 0xF2, 0xFA, 0xEB, 0xAF, 0x3F, 0xFE,
	0x87, 0x7F, 0xF8, 0x87, 0x5F, 0x5B, 0xFF, 0xFA, 0x59, 0x6F, 0xB6, 0x3C,
	0xDD, 0x04, 0xB5, 0x3B, 0x2E, 0x37, 0xFD, 0x2D, 0xE9, 0x0F, 0xDB, 0x57,
	0xA2, 0xDF, 0x7D, 0xF7, 0xDD, 0xFA, 0xD9, 0x67, 0x9F, 0xD9, 0x52, 0xB4,
	0xAC, 0xFF, 0xAF, 0xE8, 0xD9, 0x0F, 0x3F, 0xFC, 0xB0, 0x55, 0x46, 0xCB,
	0xA3, 0xA2, 0x27, 0x4D, 0xA8, 0x0B, 0x0C, 0x3F, 0x5E, 0x87, 0xA0, 0x73,
	0x05, 0x21, 0x30, 0x66, 0x81, 0x8D, 0xC1, 0x93, 0x01, 0xDA, 0x38, 0x91,
	0x01, 0x5D, 0xF1, 0x60, 0x52, 0x49, 0x07, 0x26, 0xC5, 0xFC, 0x58, 0xE8,
	0x12, 0x92, 0x94, 0x8D, 0x95, 0x7F, 0xE7, 0xE9, 0x81, 0xE3, 0x63, 0x68,
	0x72, 0x3C, 0xC0, 0x2B, 0xF2, 0x54, 0x4D, 0x05, 0xC6, 0x24, 0x91, 0xA0,
	0xCC, 0x4D, 0x27, 0x00, 0x9E, 0x99, 0x4E, 0x16, 0x68, 0x77, 0xB0, 0x97,
	0xF5, 0x35, 0x4A, 0x1C, 0xCE, 0x1B, 0x92, 0xE7, 0x40, 0x83, 0xBA, 0xA0,
	0xFE, 0x94, 0xF0, 0x3D, 0xD0, 0x43, 0xC0, 0xF3, 0xB1, 0xF2, 0x8B, 0x02,
	0x35, 0xD3, 0x8B, 0xA4, 0x20, 0x13, 0xB0, 0x8A, 0x2B, 0x8E, 0x4D, 0x4C,
	0x66, 0x1E, 0x6F, 0x9C, 0xAC, 0x31, 0xBE, 0x2C, 0x26, 0x2C, 0xA6, 0x0F,
	0x76, 0x5B, 0xD2, 0xD0, 0x1F, 0xEE, 0x6B, 0xF4, 0x1D, 0xCE, 0x1D, 0x2E,
	0xBE, 0x62, 0x71, 0xF3, 0x16, 0xE6, 0xC2, 0x6D, 0xB1, 0xE8, 0x7B, 0x4C,
	0xDA, 0xB8, 0x20, 0xF4, 0xD8, 0x85, 0xB1, 0x5D, 0x16, 0xCE, 0x35, 0xF8,
	0xB6, 0xEB, 0x77, 0xC1, 0xBF, 0x05, 0x1F, 0xDA, 0x05, 0xFF, 0x17, 0xFC,
	0x5F, 0xF0, 0x9F, 0xE1, 0xDF, 0xEB, 0x08, 0xAF, 0x25, 0xD6, 0x81, 0x4F,
	0x5F, 0x7D, 0xF5, 0xD5, 0x67, 0xCB, 0x5D, 0x99, 0xA7, 0x37, 0x6E, 0xDC,
	0x78, 0x0A, 0x74, 0xEB, 0x4D, 0x95, 0xF1, 0x37, 0x78, 0x36, 0x09, 0xED,
	0xB7, 0x70, 0x1E, 0x3E, 0x7C, 0x78, 0xF5, 0xC9, 0x27, 0x9F, 0xAC, 0x05,
	0xC9, 0xCD, 0xE5, 0x71, 0xD1, 0xFA, 0x48, 0x68, 0x7D, 0x5C, 0xD4, 0xBF,
	0x4D, 0x64, 0xED, 0x1D, 0x98, 0xE5, 0x73, 0xB5, 0xDE, 0x80, 0x59, 0x8A,
	0x99, 0xAD, 0x78, 0x59, 0xF6, 0xEB, 0xB2, 0x3F, 0x05, 0x51, 0xA3, 0x77,
	0x5A, 0x45, 0xB2, 0x9D, 0x5B, 0xC7, 0x37, 0xBE, 0x83, 0x93, 0x7C, 0xEC,
	0xF3, 0x9B, 0x3F, 0x66, 0xCE, 0x87, 0x8E, 0xA7, 0xC1, 0x22, 0xE4, 0x59,
	0xD3, 0xBD, 0xAA, 0xF3, 0xA0, 0x6B, 0xA7, 0x69, 0xB6, 0xA0, 0x6D, 0xA5,
	0x1D, 0x57, 0x9B, 0xFB, 0xA3, 0xA0, 0x0D, 0x24, 0x77, 0xD0, 0xA1, 0xF1,
	0xCD, 0x82, 0x25, 0xB5, 0xCB, 0x04, 0x78, 0x49, 0xEF, 0x40, 0x83, 0xBA,
	0x08, 0x99, 0xA9, 0x5C, 0x18, 0x67, 0x2C, 0xA3, 0xCD, 0x49, 0xB0, 0x0F,
	0xF9, 0x66, 0xBA, 0x28, 0x79, 0xE0, 0x5F, 0x6B, 0x3A, 0x1A, 0xC7, 0x10,
	0xCA, 0x4B, 0xCE, 0xF1, 0x98, 0x92, 0xF1, 0x22, 0x3B, 0x6A, 0x8B, 0x5B,
	0x3F, 0x2E, 0x8D, 0x97, 0x9C, 0x57, 0x1E, 0x2F, 0xEC, 0x4A, 0xE7, 0xCE,
	0xED, 0x14, 0x18, 0x49, 0x17, 0x7E, 0x94, 0x93, 0xD9, 0x92, 0xF1, 0xF6,
	0xB9, 0x06, 0x6C, 0x76, 0xBB, 0xDC, 0x9F, 0x49, 0x2C, 0xA0, 0xDF, 0x2E,
	0xF8, 0xBF, 0xE0, 0xDF, 0xEC, 0x82, 0xFF, 0x0B, 0xFE, 0x9F, 0xB7, 0x19,
	0xFE, 0x0D, 0x64, 0x60, 0xE1, 0xB2, 0x7D, 0x5E, 0x7B, 0xED, 0xB5, 0xC7,
	0x4B, 0xE1, 0xF2, 0x68, 0xB9, 0x69, 0xD2, 0x8B, 0x19, 0x3B, 0x7D, 0x9B,
	0x28, 0xBC, 0xE3, 0x72, 0x13, 0xBF, 0x62, 0xFD, 0xE7, 0x7F, 0xFE, 0xE7,
	0xBD, 0x1A, 0x5A, 0x2A, 0xA8, 0xA7, 0xDF, 0x7C, 0xF3, 0xCD, 0x9A, 0x40,
	0xAE, 0x7E, 0xF3, 0x9B, 0xDF, 0x94, 0x9F, 0x7E, 0xFA, 0xA9, 0x36, 0x46,
	0x5B, 0xE1, 0x02, 0x41, 0xB7, 0x29, 0x74, 0xE7, 0xCE, 0x1D, 0x5B, 0x9E,
	0x51, 0x6D, 0xCE, 0xC5, 0x7D, 0x57, 0xDC, 0x9D, 0x05, 0xB4, 0x83, 0x71,
	0xC2, 0xE9, 0x75, 0xA1, 0x2D, 0x2B, 0x2D, 0x8C, 0xE9, 0x4E, 0xF2, 0x3E,
	0x4C, 0x1A, 0xD0, 0xDF, 0x27, 0xDA, 0x79, 0x18, 0x55, 0x7F, 0x08, 0x86,
	0x36, 0xC6, 0xE9, 0xAF, 0xD6, 0xF1, 0x4D, 0x57, 0x4C, 0x2C, 0x5B, 0x6B,
	0xBC, 0x7B, 0x1F, 0xFF, 0x66, 0x07, 0xD9, 0x38, 0xC8, 0x5C, 0xCF, 0x61,
	0x73, 0xDA, 0x55, 0x56, 0x1B, 0x53, 0x1A, 0x4D, 0xE0, 0x2B, 0x7C, 0xB3,
	0xE9, 0xC9, 0xF6, 0xD2, 0xB6, 0xD3, 0xB3, 0xDF, 0xA0, 0xDF, 0x6D, 0x09,
	0xBF, 0x4D, 0x91, 0xCD, 0x13, 0xF3, 0xC3, 0xBE, 0x35, 0x98, 0xDC, 0xBE,
	0x6C, 0x6C, 0x66, 0xDB, 0xD1, 0xB8, 0x68, 0x81, 0x5F, 0x80, 0x17, 0xCF,
	0x49, 0x98, 0x4F, 0xD4, 0x93, 0x65, 0x70, 0x3C, 0xA2, 0xEE, 0x6B, 0xDC,
	0x34, 0x3D, 0x7B, 0xC5, 0x8F, 0x71, 0x4F, 0x3C, 0x65, 0x0C, 0xAC, 0x63,
	0x80, 0x97, 0xF3, 0xED, 0x32, 0x14, 0x0F, 0xB2, 0x17, 0xF9, 0x22, 0xBE,
	0xBA, 0x1C, 0x94, 0x09, 0xFC, 0x7A, 0x92, 0x6B, 0xB1, 0xDC, 0xF5, 0x77,
	0xDF, 0xB0, 0xED, 0x85, 0x7E, 0xAF, 0x07, 0xF0, 0xC0, 0xB1, 0x3C, 0xC8,
	0xBD, 0xE0, 0xFF, 0x82, 0x7F, 0xBB, 0xE0, 0xFF, 0x82, 0xFF, 0x63, 0xF8,
	0xAF, 0xED, 0x7C, 0x28, 0x5E, 0x7E, 0xFC, 0xF1, 0x47, 0x7C, 0xAA, 0xB3,
	0xF9, 0x7D, 0xBD, 0xDB, 0xF2, 0xF1, 0xC7, 0x1F, 0x57, 0xFE, 0x7D, 0x18,
	0x9C, 0x80, 0xD2, 0x3E, 0x57, 0x16, 0xBF, 0x1A, 0x7D, 0x03, 0x3E, 0x7E,
	0xCE, 0x69, 0x6D, 0xB9, 0xBD, 0x63, 0x3F, 0xFF, 0xFC, 0xB3, 0x8F, 0xAF,
	0xCB, 0xF1, 0xB6, 0x5D, 0xFA, 0xFA, 0xF1, 0xB2, 0xDF, 0x83, 0x6A, 0x39,
	0xAE, 0x8D, 0xDE, 0x60, 0x7C, 0xA8, 0x24, 0x9D, 0x27, 0xF0, 0x36, 0x18,
	0x6F, 0xC0, 0xCF, 0x94, 0x0E, 0x44, 0xBF, 0x1D, 0xA3, 0x8C, 0x44, 0x66,
	0xD7, 0x93, 0x75, 0x16, 0x74, 0x66, 0xA2, 0xB2, 0x24, 0x7D, 0xDD, 0x3F,
	0xDB, 0x04, 0xB2, 0xCE, 0x4E, 0xEF, 0xB4, 0xCE, 0xD3, 0xFB, 0x9A, 0xFD,
	0xA8, 0x13, 0xF6, 0x1B, 0xF9, 0xD0, 0x7D, 0x6E, 0xE7, 0x36, 0x90, 0x91,
	0x5E, 0xA9, 0x29, 0x9D, 0x49, 0x0F, 0x9F, 0x6B, 0x4B, 0x74, 0xF0, 0xF3,
	0xEE, 0x8B, 0xCE, 0x0B, 0xC6, 0x9B, 0xC5, 0xF9, 0x09, 0xB6, 0x39, 0x8F,
	0x9D, 0xB1, 0x9C, 0xB0, 0xD9, 0x2E, 0x19, 0x67, 0x99, 0xBE, 0x13, 0x9A,
	0xD4, 0x37, 0x2A, 0x96, 0xED, 0x34, 0xFF, 0x05, 0xF8, 0x55, 0xF0, 0x4B,
	0x99, 0xC4, 0xF4, 0x9E, 0xBC, 0xA1, 0x6F, 0x6D, 0x59, 0x2C, 0xCC, 0x62,
	0x5B, 0xB4, 0xD9, 0x79, 0x9E, 0xF3, 0x0B, 0xFE, 0x2F, 0xF8, 0xBF, 0xE0,
	0xFF, 0x82, 0xFF, 0x23, 0xF8, 0xF7, 0xE3, 0x67, 0xCB, 0x5D, 0x96, 0x67,
	0x4B, 0xC1, 0xE2, 0xC5, 0xCB, 0xF6, 0xB2, 0xEE, 0x3B, 0xEF, 0xBC, 0xF3,
	0xE4, 0xF3, 0xCF, 0x3F, 0x7F, 0xF6, 0xDE, 0x7B, 0xEF, 0x55, 0x7F, 0x31,
	0x97, 0xF5, 0x28, 0xBC, 0x5D, 0x2A, 0x9C, 0xB2, 0x54, 0x38, 0xE5, 0xDD,
	0x77, 0xDF, 0xBD, 0xF1, 0xD9, 0x67, 0x9F, 0x6D, 0xC5, 0xCA, 0xF2, 0xD8,
	0xE8, 0x6A, 0xB9, 0xFB, 0xC2, 0xBF, 0xDD, 0x82, 0x45, 0x8F, 0xDD, 0xBD,
	0x7B, 0x77, 0xDB, 0xFE, 0xF0, 0xC3, 0x0F, 0x66, 0x3A, 0x78, 0xCE, 0x6E,
	0x2B, 0xCF, 0xC6, 0xAF, 0xEF, 0x63, 0x1F, 0xD1, 0xAD, 0xEF, 0xE4, 0x14,
	0xD7, 0x01, 0xF5, 0xA1, 0xFD, 0xB2, 0xD2, 0x32, 0x4F, 0x3F, 0x7F, 0x54,
	0x1F, 0xEA, 0xEF, 0x3C, 0xD1, 0x5E, 0xD6, 0x21, 0xD1, 0x9B, 0xD9, 0x6D,
	0xE3, 0x7D, 0x6C, 0x36, 0x3E, 0xD3, 0xC5, 0x79, 0x34, 0x9D, 0xF6, 0xF4,
	0xEE, 0xFC, 0x95, 0x0E, 0x96, 0xB7, 0xF5, 0x3C, 0xDF, 0xCE, 0xEF, 0x3C,
	0xD7, 0x2B, 0xD0, 0xE5, 0x11, 0xA3, 0x1C, 0x3F, 0xF3, 0xF5, 0x8E, 0x4D,
	0x43, 0x3C, 0x5C, 0x53, 0xF7, 0xA9, 0xCC, 0xD9, 0x9C, 0x65, 0x31, 0x85,
	0x7C, 0x66, 0x71, 0xCA, 0x32, 0x8F, 0xD0, 0xDE, 0xBB, 0x77, 0xAF, 0xFB,
	0x32, 0x8B, 0xD7, 0x3D, 0xBF, 0x1D, 0xA5, 0x21, 0x19, 0x03, 0x4E, 0xF6,
	0xC6, 0x81, 0x4E, 0x17, 0xFC, 0xDB, 0x05, 0xFF, 0x6A, 0xE0, 0x05, 0xFF,
	0x17, 0xFC, 0x43, 0x3F, 0xDE, 0x5D, 0xE1, 0x47, 0x47, 0xCF, 0x1E, 0x3E,
	0x7C, 0x68, 0x9F, 0x7C, 0xF2, 0xC9, 0x33, 0xA0, 0xED, 0x2D, 0x30, 0xFC,
	0xE0, 0x83, 0x0F, 0xAE, 0x3E, 0xFA, 0xE8, 0xA3, 0xF5, 0x9F, 0x1A, 0x95,
	0x3F, 0xFE, 0xF1, 0x8F, 0xE5, 0xCB, 0x2F, 0xBF, 0x5C, 0x8B, 0x97, 0x70,
	0x97, 0x65, 0x29, 0x62, 0xD6, 0x6F, 0x22, 0x95, 0x6F, 0xBF, 0xFD, 0xD6,
	0x54, 0x5B, 0xFF, 0x41, 0x63, 0xFB, 0x5F, 0x47, 0xB5, 0xED, 0x67, 0x8A,
	0x87, 0x4A, 0x7A, 0xDD, 0x2E, 0xF4, 0x35, 0xE1, 0x5B, 0xEE, 0xDF, 0xBF,
	0x6F, 0xDF, 0x7D, 0xF7, 0x9D, 0xF3, 0x64, 0x1E, 0x28, 0x03, 0x65, 0x2B,
	0x79, 0x8A, 0x66, 0x3B, 0x5E, 0x64, 0x94, 0x45, 0x86, 0x99, 0x00, 0xA4,
	0xE0, 0x77, 0x76, 0x63, 0x79, 0x3B, 0xFA, 0x6E, 0xF4, 0xAB, 0xAF, 0x57,
	0xBB, 0xB1, 0xBF, 0xE9, 0x59, 0x79, 0x5F, 0xD8, 0x19, 0xF4, 0xF6, 0x7D,
	0xDE, 0x26, 0x2D, 0x5C, 0x05, 0xCD, 0xFC, 0x89, 0xFF, 0x94, 0x93, 0xE6,
	0x3E, 0xD8, 0x02, 0x34, 0x83, 0x1D, 0xCA, 0x36, 0x1E, 0xBB, 0x26, 0xC4,
	0xA5, 0x80, 0x2E, 0xA0, 0x8F, 0xBC, 0x9A, 0x72, 0x7A, 0xE1, 0x6B, 0x63,
	0xBE, 0xAC, 0x23, 0xC5, 0x96, 0x79, 0xDC, 0xD1, 0xD0, 0x23, 0x31, 0xCB,
	0x7A, 0x84, 0x71, 0x36, 0xFA, 0x35, 0x9D, 0x37, 0xD7, 0x45, 0xC8, 0xCA,
	0x70, 0xC1, 0xF2, 0xC2, 0x31, 0xC7, 0xB9, 0x8F, 0x75, 0xDF, 0xAB, 0xB9,
	0x9A, 0xD8, 0x34, 0x9C, 0xBF, 0xE0, 0x5F, 0xB7, 0x0B, 0xFE, 0x3B, 0xCD,
	0x60, 0x87, 0xB2, 0x8D, 0xC7, 0x5E, 0xF0, 0xFF, 0x6F, 0x0A, 0xFF, 0x2E,
	0xBF, 0x17, 0x2F, 0xCB, 0x9D, 0x96, 0x67, 0xEB, 0x9D, 0x16, 0x1B, 0x8B,
	0x1A, 0xB3, 0xAC, 0x70, 0xA1, 0x7F, 0x43, 0xE0, 0x77, 0x54, 0xAE, 0x7E,
	0xF7, 0xBB, 0xDF, 0x95, 0xDF, 0xFF, 0xFE, 0xF7, 0xE5, 0xED, 0xB7, 0xDF,
	0xBE, 0x5A, 0x0A, 0x99, 0x61, 0x1C, 0xF1, 0xDA, 0x98, 0x3C, 0x78, 0xF0,
	0xA0, 0x7C, 0xFD, 0xF5, 0xD7, 0x2C, 0x2C, 0x0B, 0xA0, 0x42, 0x86, 0x6C,
	0x74, 0xC0, 0xA3, 0xF7, 0xBF, 0xF5, 0xD6, 0x5B, 0xF5, 0xAB, 0xAF, 0xBE,
	0x0A, 0x80, 0x72, 0xBA, 0x65, 0x6B, 0xCB, 0x36, 0xBD, 0x5D, 0xD8, 0xC6,
	0x06, 0x5D, 0x84, 0x0C, 0x73, 0x9E, 0xEB, 0xF6, 0xEA, 0xEA, 0x0A, 0xC7,
	0x64, 0x76, 0xD9, 0xC2, 0xDB, 0x9A, 0x5E, 0xB5, 0xED, 0x2B, 0xFB, 0x5C,
	0x5E, 0xE6, 0x83, 0x54, 0x77, 0x8B, 0xFE, 0xD9, 0xE8, 0x57, 0x7B, 0xBD,
	0xAD, 0x3C, 0x41, 0x6E, 0xD7, 0x63, 0x6D, 0x6B, 0x1F, 0x9F, 0xB3, 0xBC,
	0x75, 0xB9, 0x60, 0x93, 0xDB, 0x6E, 0xA8, 0xBB, 0xB0, 0x73, 0x97, 0xA7,
	0xB0, 0x13, 0x69, 0x54, 0xFF, 0x76, 0x0E, 0xE6, 0x9D, 0x69, 0x7A, 0x1F,
	0xCD, 0xAF, 0x29, 0xDE, 0x4E, 0xE3, 0xBA, 0xA3, 0x8F, 0xF0, 0xFC, 0x3A,
	0x4F, 0x6D, 0xEE, 0x59, 0x96, 0xB9, 0x2E, 0x2A, 0x9E, 0xAC, 0xCD, 0x0B,
	0xCD, 0xB1, 0xB4, 0xC9, 0xE9, 0x50, 0x07, 0x8E, 0x0F, 0x8C, 0x2B, 0xEC,
	0xF3, 0x96, 0xC4, 0x99, 0x91, 0x9F, 0xD8, 0x7F, 0xCA, 0xFE, 0x8D, 0xC6,
	0xF7, 0x91, 0x07, 0xFA, 0x24, 0x89, 0xDD, 0xC1, 0xCE, 0x0B, 0xFE, 0x2F,
	0xF8, 0x57, 0x3C, 0xED, 0x82, 0xFF, 0xDE, 0x77, 0xC1, 0xBF, 0xE1, 0x79,
	0x2C, 0x54, 0xD6, 0xF6, 0x6C, 0xB9, 0x89, 0x52, 0xD7, 0x9B, 0x28, 0x70,
	0x6E, 0xDA, 0xCA, 0x7A, 0xD7, 0x05, 0xB6, 0xFE, 0xAE, 0x8B, 0x7F, 0xB3,
	0x68, 0x7D, 0xD5, 0xF8, 0xF6, 0x52, 0xCC, 0xF4, 0x5F, 0xD5, 0xF5, 0x4F,
	0xEB, 0xBB, 0xBD, 0x3C, 0x62, 0xBA, 0xC3, 0xE7, 0xDA, 0xB8, 0xBE, 0x6D,
	0x34, 0xB7, 0x15, 0xBF, 0xF5, 0x1C, 0x1C, 0x23, 0x3D, 0xF2, 0x42, 0x39,
	0x8A, 0xE7, 0x1D, 0x3E, 0xEF, 0xFA, 0x91, 0x3C, 0x3C, 0x17, 0xC6, 0xAF,
	0x7D, 0x99, 0x2D, 0x20, 0xAB, 0xD3, 0xF9, 0xC7, 0x79, 0xB1, 0x8F, 0xD6,
	0xE3, 0x3D, 0xB9, 0x13, 0xBB, 0x6F, 0x0B, 0xDB, 0x6E, 0x83, 0x4D, 0x77,
	0xC4, 0xF8, 0x70, 0x0E, 0xF7, 0x5D, 0x57, 0xF4, 0x39, 0xCD, 0x53, 0xD0,
	0x91, 0x7C, 0x71, 0x5B, 0xD0, 0x05, 0x7D, 0x7D, 0x8C, 0x8F, 0x4B, 0xEC,
	0xBC, 0xCD, 0x71, 0x60, 0x3A, 0x5E, 0x06, 0xBF, 0x24, 0x72, 0x83, 0x8E,
	0xCA, 0x37, 0x18, 0x03, 0xA6, 0x63, 0x35, 0xF8, 0x88, 0x7D, 0x89, 0xF3,
	0x9E, 0xCD, 0x0D, 0xEF, 0xB3, 0xCC, 0xCC, 0x0E, 0x9E, 0x13, 0xA3, 0x58,
	0x14, 0x3A, 0xDF, 0x46, 0x7F, 0x63, 0x9C, 0x09, 0x5D, 0xFA, 0x58, 0x31,
	0x27, 0x77, 0x84, 0x5D, 0x0A, 0xE3, 0x12, 0xAF, 0x76, 0xC1, 0xFF, 0x05,
	0xFF, 0x17, 0xFC, 0x5F, 0xF0, 0x7F, 0x7D, 0xFC, 0xDF, 0x5A, 0x1E, 0x09,
	0xF9, 0x2F, 0xF2, 0xDF, 0x5C, 0xF7, 0xEB, 0xF3, 0xFF, 0xF8, 0x8E, 0x9F,
	0xF3, 0xDA, 0xCA, 0xC0, 0x0B, 0x98, 0x75, 0x0B, 0xC5, 0xCC, 0x26, 0x64,
	0x79, 0xA4, 0xB4, 0xBD, 0xB4, 0xBB, 0x0A, 0x03, 0xE1, 0x37, 0x92, 0xCF,
	0x4D, 0xD3, 0x2F, 0xFC, 0xDE, 0xE4, 0xCF, 0xCA, 0xB7, 0xF1, 0x93, 0x74,
	0x4D, 0xEE, 0x4D, 0x97, 0xED, 0x7A, 0xF8, 0x96, 0xE8, 0x6F, 0x20, 0xFD,
	0x4C, 0x96, 0xD3, 0x01, 0xFD, 0x4D, 0xC1, 0xA7, 0xDB, 0x8C, 0x7D, 0x70,
	0x8E, 0x65, 0xDE, 0xCC, 0xEC, 0xA7, 0x31, 0xC1, 0xA7, 0x2C, 0xC7, 0xE9,
	0x70, 0x92, 0xD9, 0x97, 0x40, 0x7B, 0x33, 0xB3, 0xF7, 0xC8, 0xDC, 0xAC,
	0x3A, 0x24, 0xBE, 0x90, 0x76, 0xA8, 0xB9, 0xC2, 0xD8, 0xC0, 0x31, 0xE8,
	0x37, 0xC1, 0x5B, 0xC5, 0xC4, 0x6C, 0x2E, 0xA4, 0x2E, 0xA8, 0x0F, 0xEE,
	0x27, 0xF2, 0x64, 0xFC, 0xE1, 0x39, 0xD6, 0x99, 0xFC, 0x2C, 0xE7, 0x09,
	0x3F, 0x1C, 0x2B, 0x89, 0x5E, 0xC1, 0x6F, 0x1C, 0x07, 0xC9, 0x9C, 0xCD,
	0x3E, 0x41, 0x4F, 0xE4, 0xC7, 0x7E, 0x40, 0x3A, 0xF6, 0x9D, 0x98, 0xAF,
	0x1B, 0x76, 0xC1, 0xFF, 0x05, 0xFF, 0x17, 0xFC, 0xCF, 0x7C, 0x70, 0xC1,
	0xFF, 0x4E, 0x8C, 0xB5, 0xCF, 0x15, 0x6C, 0xFB, 0xEB, 0x28, 0xED, 0xBF,
	0x89, 0x9F, 0x5F, 0xB0, 0x50, 0x0B, 0xD5, 0x0F, 0xFC, 0x3B, 0xF5, 0xF4,
	0xB3, 0x16, 0x38, 0x58, 0x35, 0xF9, 0x5D, 0x1C, 0x45, 0xD7, 0x78, 0x4E,
	0x79, 0xCD, 0xE8, 0x7D, 0x1F, 0x8B, 0x2C, 0x8B, 0x95, 0x5A, 0x69, 0xFF,
	0x22, 0xDC, 0xD8, 0x39, 0xC2, 0x36, 0xA9, 0x03, 0xCB, 0x9B, 0xE9, 0x7B,
	0xD4, 0x27, 0x33, 0xFE, 0x6D, 0x7F, 0xD7, 0x37, 0xC9, 0xE7, 0xEA, 0x5C,
	0xDD, 0x66, 0x1F, 0xB7, 0x17, 0xFC, 0x5B, 0xC8, 0xA7, 0xA9, 0x2D, 0x99,
	0x9F, 0x33, 0x7A, 0xF4, 0x91, 0xE0, 0x93, 0xD9, 0x76, 0x95, 0xC5, 0xD1,
	0x01, 0xDF, 0x5D, 0x25, 0x3A, 0x19, 0xDB, 0x9F, 0xF0, 0xBC, 0x52, 0xBE,
	0x9A, 0xF9, 0x31, 0x93, 0xAF, 0xC6, 0xCD, 0xE8, 0xFD, 0xF8, 0x3A, 0xB1,
	0x88, 0x73, 0x6A, 0xFB, 0x7E, 0x42, 0x4C, 0x5D, 0x5D, 0xF0, 0x7F, 0xC1,
	0x3F, 0xF9, 0x34, 0xB5, 0x25, 0xF3, 0x73, 0x46, 0x7F, 0xC1, 0xBF, 0xED,
	0xE9, 0xFF, 0x6F, 0x09, 0xFF, 0xBD, 0x38, 0x01, 0x5A, 0x13, 0xDB, 0x97,
	0xDA, 0x24, 0x53, 0x37, 0x0A, 0x82, 0x3A, 0xF4, 0xDB, 0x0B, 0xCA, 0x01,
	0x9E, 0x85, 0x69, 0xF0, 0x1C, 0xC9, 0x66, 0x27, 0x71, 0x35, 0x57, 0x14,
	0x7F, 0xA0, 0x49, 0xF5, 0x46, 0x87, 0xB3, 0x1C, 0xEC, 0x17, 0x20, 0x0F,
	0x3C, 0x20, 0x88, 0x06, 0x7B, 0x48, 0x46, 0xE0, 0xAF, 0xFC, 0x2A, 0xFC,
	0xCE, 0xAD, 0xA8, 0xFE, 0xC6, 0x9B, 0x65, 0x96, 0xBA, 0x53, 0xF9, 0x26,
	0x32, 0xB2, 0xB9, 0xEA, 0xFC, 0x93, 0x98, 0x28, 0x19, 0x3F, 0x1C, 0x2B,
	0xE4, 0x0C, 0xF3, 0x00, 0xFB, 0x87, 0xF5, 0x57, 0x00, 0x52, 0xB1, 0xEC,
	0x7D, 0x24, 0x0B, 0xD9, 0xCA, 0xD8, 0x01, 0xFF, 0x06, 0x9D, 0x05, 0x6D,
	0x99, 0xF0, 0xEC, 0xC7, 0xEC, 0x2B, 0x8A, 0x71, 0x35, 0x46, 0xB5, 0x59,
	0xFC, 0x0C, 0xB1, 0xAA, 0xC6, 0xD0, 0xD8, 0x0B, 0xFE, 0xA3, 0x5E, 0x17,
	0xFC, 0x8F, 0xE7, 0x2E, 0xF8, 0xBF, 0xE0, 0xFF, 0x85, 0xDA, 0xFF, 0x07,
	0x88, 0x58, 0x3E, 0xBA, 0x52, 0xDA, 0x44, 0x8C, 0x00, 0x00, 0x00, 0x00,
	0x49, 0x45, 0x4E, 0x44, 0xAE, 0x42, 0x60, 0x82
};
