#pragma once
#include <cstdint>

inline std::uint8_t menu_bg_data[38317] = {
	0x89, 0x50, 0x4E, 0x47, 0x0D, 0x0A, 0x1A, 0x0A, 0x00, 0x00, 0x00, 0x0D, 
	0x49, 0x48, 0x44, 0x52, 0x00, 0x00, 0x04, 0x8C, 0x00, 0x00, 0x03, 0x84, 
	0x08, 0x06, 0x00, 0x00, 0x00, 0xC3, 0xA2, 0xAA, 0x4C, 0x00, 0x00, 0x00, 
	0x01, 0x73, 0x52, 0x47, 0x42, 0x00, 0xAE, 0xCE, 0x1C, 0xE9, 0x00, 0x00, 
	0x00, 0x04, 0x67, 0x41, 0x4D, 0x41, 0x00, 0x00, 0xB1, 0x8F, 0x0B, 0xFC, 
	0x61, 0x05, 0x00, 0x00, 0x00, 0x09, 0x70, 0x48, 0x59, 0x73, 0x00, 0x00, 
	0x0E, 0xC3, 0x00, 0x00, 0x0E, 0xC3, 0x01, 0xC7, 0x6F, 0xA8, 0x64, 0x00, 
	0x00, 0x95, 0x42, 0x49, 0x44, 0x41, 0x54, 0x78, 0x5E, 0xED, 0xFD, 0x69, 
	0x97, 0xE3, 0x46, 0x83, 0xDF, 0x69, 0xD7, 0xAB, 0x19, 0x77, 0x4B, 0xAA, 
	0xBD, 0xB4, 0x55, 0x69, 0xBF, 0x75, 0x6F, 0xBD, 0xEF, 0xB6, 0xDB, 0x6E, 
	0xF7, 0x78, 0x99, 0x19, 0xCF, 0xD8, 0x9E, 0xE7, 0xFB, 0x7F, 0x99, 0x7C, 
	0x0E, 0x93, 0xC9, 0x24, 0xF1, 0x8F, 0xC0, 0x46, 0x22, 0x12, 0x20, 0xF3, 
	0x7A, 0x71, 0x1D, 0x49, 0x24, 0x00, 0x92, 0x19, 0xC1, 0xD4, 0xC1, 0xEF, 
	0x04, 0x90, 0x2F, 0xFE, 0xDB, 0x0F, 0xFF, 0x7C, 0xF7, 0x1F, 0x3E, 0xFD, 
	0xDD, 0xBD, 0xFF, 0xF8, 0xE9, 0xEF, 0x3B, 0xFE, 0xE5, 0xD1, 0x3F, 0x3C, 
	0xFA, 0x4F, 0x1D, 0xFF, 0x58, 0xF5, 0xAF, 0x15, 0xB9, 0xCD, 0xDE, 0xFE, 
	0x38, 0xA7, 0xC7, 0xDF, 0xBD, 0x5E, 0xBE, 0x8F, 0xC3, 0xFB, 0x7B, 0xF4, 
	0x71, 0xE7, 0x6F, 0x1F, 0xFD, 0xF3, 0xC7, 0xBF, 0x7B, 0xB0, 0xFB, 0xF7, 
	0xBF, 0xBD, 0xFB, 0xF7, 0xE1, 0xDF, 0x7D, 0x1B, 0x3E, 0xFE, 0x4D, 0xC5, 
	0x5F, 0x3F, 0xFA, 0xB7, 0xDF, 0x1E, 0xFC, 0xD5, 0xBD, 0x7F, 0x0A, 0xFF, 
	0x98, 0xBE, 0xF9, 0xCB, 0x8E, 0x7F, 0xB8, 0xF7, 0x17, 0x8F, 0xFE, 0xFE, 
	0xD1, 0x9F, 0xDF, 0xFB, 0xBB, 0xAF, 0xFF, 0xE2, 0xC4, 0x9F, 0xDF, 0xFD, 
	0xED, 0x88, 0xBF, 0xB9, 0xF7, 0x67, 0x8F, 0xFE, 0xFA, 0xD1, 0x1F, 0xEF, 
	0xFD, 0x55, 0xC7, 0x1F, 0x06, 0xFD, 0xE5, 0xA3, 0xDF, 0xDF, 0xFB, 0x8B, 
	0xAF, 0x4E, 0xFD, 0xEE, 0xEE, 0xCF, 0xAB, 0x7E, 0xFB, 0xE8, 0xCF, 0xBE, 
	0xFC, 0xDD, 0x83, 0xDD, 0xBF, 0xFF, 0xF6, 0xEE, 0x8F, 0x1D, 0xBF, 0xDE, 
	0xFD, 0x21, 0x7D, 0xE8, 0xFA, 0xFD, 0xBD, 0xDF, 0x3C, 0xFA, 0xDD, 0xA3, 
	0x5F, 0xEE, 0xFD, 0xB6, 0xE3, 0xE7, 0xC2, 0xAF, 0x55, 0x3F, 0x3D, 0xFA, 
	0xCD, 0xA3, 0x1F, 0xEF, 0xFD, 0xD2, 0xF1, 0xC3, 0xDD, 0xCF, 0xEF, 0x7F, 
	0x0C, 0xBB, 0xC7, 0x8E, 0x7E, 0x0A, 0x3F, 0xBE, 0x3B, 0xF8, 0xFE, 0xDE, 
	0x0F, 0x1D, 0xDF, 0x15, 0xBE, 0x7F, 0xFB, 0xE9, 0xD1, 0x77, 0xE9, 0xDD, 
	0xA9, 0x8F, 0x77, 0x9F, 0xDE, 0xA6, 0x6F, 0x3B, 0x3E, 0xBE, 0xFD, 0x78, 
	0xF7, 0xF1, 0xFE, 0x9F, 0x7B, 0xDF, 0x3E, 0xFA, 0xE6, 0xDE, 0x37, 0xE1, 
	0xEB, 0xB7, 0x5F, 0x77, 0xBD, 0xE9, 0xFA, 0xEA, 0xD1, 0x57, 0xF7, 0xBE, 
	0xEC, 0xF8, 0xF2, 0xEE, 0xC3, 0xEB, 0xF4, 0xA1, 0xE3, 0x7D, 0x78, 0xF7, 
	0xEA, 0xE0, 0xFD, 0xDE, 0xEB, 0x53, 0xEF, 0xEE, 0xDE, 0xBE, 0x7E, 0xDF, 
	0xF5, 0xEA, 0x5D, 0xC7, 0x9B, 0x7B, 0x6F, 0x1F, 0xBD, 0x0E, 0xAF, 0x3A, 
	0xDE, 0x00, 0x00, 0x00, 0xF0, 0x84, 0x5E, 0xFC, 0x7F, 0xBF, 0xF9, 0x2F, 
	0x77, 0x7F, 0x7C, 0xFF, 0x9B, 0x7B, 0x7F, 0x76, 0xEF, 0xD7, 0x41, 0x7F, 
	0xDE, 0xF1, 0xDB, 0xAA, 0xBF, 0x08, 0xF9, 0xFC, 0xD1, 0xFE, 0x38, 0xF9, 
	0x1A, 0xE9, 0xF0, 0xFE, 0x1E, 0xBD, 0xDB, 0xF9, 0xE5, 0xD1, 0x1F, 0x06, 
	0xFD, 0x7C, 0xF7, 0xFB, 0x11, 0xBF, 0x4B, 0x6F, 0x0F, 0x7E, 0xDA, 0x7B, 
	0xD7, 0xF5, 0xDB, 0xF4, 0xF6, 0xC7, 0x8E, 0x5F, 0x7B, 0xFD, 0x70, 0xEF, 
	0x37, 0x6F, 0xBA, 0x7E, 0x29, 0x7C, 0xDF, 0xF1, 0xF3, 0x9B, 0x1F, 0xEE, 
	0x7E, 0xBE, 0xFF, 0x67, 0xDD, 0x4F, 0x1D, 0xDF, 0xDD, 0xFD, 0xF4, 0xFA, 
	0xE8, 0xC7, 0xF4, 0xE6, 0xE0, 0xD3, 0xDE, 0xEB, 0xAE, 0x1F, 0x0A, 0x1F, 
	0x3B, 0xBE, 0x7F, 0xF4, 0x6D, 0xD5, 0x77, 0xE9, 0x55, 0xD7, 0xA7, 0x7B, 
	0xDF, 0xF4, 0xFA, 0xD8, 0xF1, 0xF5, 0xDD, 0xB7, 0x93, 0x7C, 0xF5, 0xE8, 
	0x9B, 0x41, 0x5F, 0xDE, 0x7D, 0xFD, 0x72, 0xD8, 0x57, 0xBD, 0x3E, 0xDC, 
	0xFB, 0x72, 0xC4, 0x87, 0x2F, 0xDE, 0xF7, 0x7A, 0xDF, 0xF1, 0x6E, 0xD4, 
	0xBB, 0x7B, 0x6F, 0x4F, 0x74, 0x1F, 0x7B, 0xDB, 0xF1, 0xE6, 0xEE, 0x4D, 
	0xFA, 0xBC, 0xEB, 0xF5, 0xA3, 0xD7, 0x55, 0xAF, 0x0A, 0xAF, 0x3A, 0x5E, 
	0xA6, 0xCF, 0x0E, 0x5E, 0xEE, 0x7D, 0xDE, 0xF5, 0x45, 0xFA, 0xAC, 0xEB, 
	0xF3, 0x7B, 0x5F, 0xF4, 0xFA, 0xAC, 0xE3, 0x73, 0x00, 0x00, 0x00, 0x9E, 
	0xD0, 0x68, 0x30, 0xEA, 0x06, 0xA2, 0x9A, 0x32, 0x10, 0x8D, 0x39, 0x8D, 
	0x45, 0x35, 0xF9, 0x1E, 0xF6, 0xEF, 0xEB, 0x68, 0x1F, 0x8C, 0x6A, 0xA6, 
	0x04, 0xA4, 0x5F, 0xEE, 0x7E, 0x1F, 0x7E, 0x77, 0xAF, 0x16, 0x8C, 0x1E, 
	0x74, 0x82, 0x52, 0x2D, 0x18, 0x75, 0xFD, 0x7A, 0x2F, 0x63, 0xD1, 0x49, 
	0x30, 0x1A, 0xF1, 0xCB, 0xDB, 0xEF, 0xBB, 0x22, 0x22, 0x65, 0x30, 0xEA, 
	0xFA, 0x6E, 0x1F, 0x8D, 0x46, 0x7D, 0xBA, 0xF7, 0x18, 0x8E, 0x1E, 0xFC, 
	0x50, 0xF8, 0xD8, 0x71, 0x0C, 0x46, 0x35, 0xBB, 0x48, 0xF4, 0xB1, 0xAB, 
	0x1A, 0x8C, 0x6A, 0x6A, 0xC1, 0xA8, 0x54, 0xC6, 0xA2, 0x6E, 0x30, 0x4A, 
	0x19, 0x8C, 0xBE, 0x79, 0xD9, 0x35, 0x27, 0x18, 0x65, 0x1C, 0x4A, 0x1F, 
	0xBE, 0x58, 0x33, 0x18, 0x95, 0xDE, 0x7C, 0xBE, 0x53, 0x86, 0xA3, 0x32, 
	0x20, 0xED, 0x23, 0xD2, 0x96, 0x82, 0x51, 0x37, 0x16, 0x09, 0x46, 0x00, 
	0x00, 0x00, 0x4F, 0x4D, 0x30, 0x12, 0x8C, 0x04, 0x23, 0xC1, 0x48, 0x30, 
	0x02, 0x00, 0x00, 0xA0, 0x63, 0x91, 0x60, 0x34, 0x27, 0x1A, 0xE5, 0xE5, 
	0x68, 0x35, 0x43, 0xB1, 0x48, 0x30, 0xCA, 0x40, 0x94, 0x32, 0x0C, 0xF5, 
	0x11, 0x8C, 0x6E, 0x3F, 0x18, 0x95, 0x91, 0x48, 0x30, 0x02, 0x00, 0x00, 
	0x60, 0x8A, 0x05, 0x82, 0xD1, 0xF4, 0x68, 0x34, 0x3F, 0x16, 0xCD, 0x09, 
	0x46, 0x53, 0xEF, 0x69, 0x74, 0xDD, 0xC1, 0xA8, 0x0C, 0x44, 0x5D, 0x65, 
	0x18, 0xEA, 0xB3, 0x74, 0x30, 0x3A, 0xDC, 0xC3, 0x48, 0x30, 0xEA, 0x23, 
	0x18, 0x09, 0x46, 0x00, 0x00, 0x00, 0xD7, 0xA2, 0x13, 0x8C, 0xF6, 0xD1, 
	0x68, 0x28, 0x18, 0x1D, 0xA3, 0x4F, 0xC6, 0xA0, 0x73, 0x8D, 0x45, 0xA4, 
	0x7C, 0x3F, 0x3B, 0x65, 0x2C, 0x9A, 0x13, 0x8C, 0x76, 0x37, 0xBA, 0xCE, 
	0x68, 0x14, 0x37, 0xC1, 0x1E, 0x09, 0x46, 0x29, 0x83, 0xD1, 0xDE, 0x94, 
	0x9B, 0x60, 0xFF, 0x58, 0xC4, 0xA2, 0x7D, 0x30, 0x3A, 0x11, 0x37, 0xC4, 
	0xDE, 0xDF, 0x00, 0xFB, 0xA0, 0x16, 0x8C, 0x6A, 0x32, 0x16, 0xF5, 0x07, 
	0xA3, 0x94, 0xC1, 0x68, 0xFC, 0x26, 0xD8, 0xDD, 0x90, 0x94, 0x37, 0xC1, 
	0xFE, 0xD4, 0xEB, 0x9B, 0x7B, 0x19, 0x88, 0x52, 0x19, 0x8B, 0xFA, 0xD4, 
	0x82, 0x51, 0xD7, 0xD7, 0xBD, 0xBE, 0xBC, 0x97, 0xC1, 0x28, 0xDD, 0x5A, 
	0x30, 0x4A, 0x65, 0x40, 0xEA, 0x46, 0xA4, 0x63, 0x30, 0x7A, 0xD0, 0x09, 
	0x4A, 0xBB, 0x48, 0xF4, 0xEA, 0xE8, 0xB3, 0x1D, 0xC1, 0x08, 0x00, 0x00, 
	0xE0, 0x5A, 0xDC, 0x07, 0xA3, 0xFF, 0xDF, 0xAF, 0xFF, 0xB5, 0x77, 0x95, 
	0x51, 0x5F, 0x30, 0x5A, 0x22, 0x1A, 0x75, 0x8F, 0x97, 0xAF, 0x55, 0x0F, 
	0x46, 0x7F, 0x7C, 0x37, 0x1C, 0x8C, 0xCA, 0x40, 0x94, 0x86, 0x83, 0x51, 
	0x11, 0x8B, 0x46, 0x82, 0x51, 0x19, 0x8A, 0x2E, 0x0B, 0x46, 0x9D, 0x58, 
	0x24, 0x18, 0x15, 0xCA, 0x30, 0xD4, 0x47, 0x30, 0xCA, 0x40, 0x94, 0x04, 
	0x23, 0x00, 0x00, 0x00, 0xFA, 0xCC, 0x0C, 0x46, 0xCB, 0x45, 0xA3, 0x29, 
	0xB1, 0xA8, 0x1E, 0x8C, 0x32, 0x14, 0xCD, 0x0B, 0x46, 0x65, 0x2C, 0x1A, 
	0x09, 0x46, 0x03, 0xB1, 0x68, 0x4A, 0x30, 0xCA, 0x40, 0x94, 0x6E, 0x3B, 
	0x18, 0x75, 0x63, 0x91, 0x60, 0xB4, 0xD5, 0x60, 0x54, 0xC6, 0x22, 0xC1, 
	0x08, 0x00, 0x00, 0xE0, 0x79, 0xEB, 0x09, 0x46, 0xC7, 0x68, 0x94, 0x01, 
	0x67, 0x89, 0x68, 0x74, 0x6E, 0x2C, 0xEA, 0x0F, 0x46, 0x53, 0x2F, 0x47, 
	0xCB, 0x50, 0xD4, 0x2A, 0x18, 0x4D, 0x5B, 0x5D, 0x24, 0x18, 0x75, 0x63, 
	0x91, 0x60, 0xF4, 0x7C, 0x82, 0xD1, 0x3E, 0x16, 0x09, 0x46, 0x00, 0x00, 
	0x00, 0x5B, 0x75, 0x66, 0x30, 0x2A, 0xA3, 0xD1, 0x7D, 0x38, 0xFA, 0x30, 
	0x2C, 0xB7, 0x2F, 0x8F, 0x39, 0x12, 0x8C, 0xDE, 0xED, 0xFC, 0xE6, 0x51, 
	0x19, 0x8E, 0xCA, 0x88, 0x94, 0xC1, 0x28, 0x15, 0xF1, 0xE8, 0xED, 0xC1, 
	0xCF, 0x7B, 0x79, 0x7F, 0xA3, 0x50, 0xC6, 0xA2, 0xCB, 0x82, 0x51, 0xCA, 
	0x60, 0xD4, 0x55, 0x06, 0xA3, 0xD4, 0x1F, 0x8C, 0xF6, 0x7E, 0xEC, 0xA8, 
	0x05, 0xA3, 0xF0, 0x7A, 0xA7, 0x16, 0x8C, 0xEA, 0x8A, 0x9B, 0x60, 0x57, 
	0x03, 0xD2, 0x31, 0x18, 0x1D, 0x6E, 0x7E, 0xDD, 0x7F, 0x13, 0xEC, 0xAF, 
	0x07, 0xB5, 0x0B, 0x46, 0xA5, 0x0C, 0x46, 0xE9, 0xC3, 0xA3, 0xF7, 0x15, 
	0xEF, 0x0A, 0xEF, 0xC3, 0xBB, 0x7B, 0x6F, 0x8F, 0xAE, 0x2A, 0x18, 0x75, 
	0xF5, 0x07, 0xA3, 0x9A, 0x8C, 0x45, 0x82, 0x11, 0x00, 0x00, 0xC0, 0x53, 
	0x7B, 0xF1, 0xBF, 0x7E, 0xE9, 0x0B, 0x46, 0xE7, 0x45, 0xA3, 0xE9, 0xF2, 
	0x58, 0x23, 0xB1, 0xE8, 0x3E, 0x18, 0x1D, 0x63, 0xD1, 0x6D, 0x04, 0xA3, 
	0x32, 0x10, 0xA5, 0x32, 0x12, 0x3D, 0xE7, 0x60, 0x54, 0x06, 0xA2, 0x74, 
	0x1A, 0x8C, 0x32, 0x10, 0xA5, 0x32, 0x14, 0x09, 0x46, 0xCB, 0x04, 0xA3, 
	0xDD, 0x5F, 0x49, 0x13, 0x8C, 0x00, 0x00, 0x00, 0xAE, 0xD9, 0x8B, 0xFF, 
	0xF5, 0xCB, 0x7F, 0x1E, 0x08, 0x46, 0xFB, 0x68, 0x94, 0x31, 0xA7, 0x94, 
	0x31, 0x68, 0x48, 0xEE, 0x5B, 0x2A, 0x42, 0x51, 0x65, 0x75, 0xD1, 0x94, 
	0x60, 0x94, 0x71, 0x28, 0x15, 0xB1, 0x48, 0x30, 0x2A, 0xB4, 0x0C, 0x46, 
	0xB5, 0x4B, 0xD2, 0xFA, 0x63, 0xD1, 0x78, 0x30, 0xCA, 0x4B, 0xD2, 0x32, 
	0x10, 0xA5, 0x32, 0x14, 0x09, 0x46, 0x82, 0x11, 0x00, 0x00, 0x00, 0x3B, 
	0xF7, 0xC1, 0xE8, 0xFF, 0xFB, 0xCD, 0x31, 0x18, 0xD5, 0xA2, 0x51, 0x06, 
	0x9D, 0x61, 0x19, 0x88, 0xA6, 0x45, 0xA2, 0x83, 0x22, 0x14, 0x9D, 0x19, 
	0x8B, 0xCE, 0x0A, 0x46, 0x33, 0x63, 0xD1, 0xBA, 0xC1, 0xE8, 0xFB, 0xDB, 
	0x0B, 0x46, 0x83, 0xAB, 0x8B, 0xE6, 0x04, 0xA3, 0xF1, 0xCB, 0xD1, 0x04, 
	0xA3, 0x73, 0x82, 0xD1, 0x31, 0x16, 0x15, 0xC1, 0xA8, 0x13, 0x88, 0x6A, 
	0xC1, 0xA8, 0x76, 0xC3, 0xEB, 0x3E, 0x19, 0x8B, 0x04, 0x23, 0x00, 0x00, 
	0x80, 0xA7, 0xF6, 0x10, 0x8C, 0xFE, 0x4B, 0x27, 0x1A, 0x9D, 0x13, 0x8C, 
	0xF2, 0xC6, 0xD6, 0x7D, 0xCA, 0x98, 0x34, 0x1E, 0x95, 0x8A, 0x80, 0xF4, 
	0xE8, 0xF8, 0x1E, 0x4F, 0x83, 0xD7, 0x1F, 0xDF, 0x97, 0x71, 0xA8, 0xA6, 
	0x08, 0x46, 0x8F, 0xCA, 0x58, 0x54, 0x0F, 0x46, 0x71, 0x03, 0xEC, 0x41, 
	0x19, 0x8B, 0xEA, 0xCA, 0x60, 0xF4, 0x63, 0x25, 0x16, 0x1D, 0x4D, 0xBB, 
	0x09, 0x76, 0x19, 0x8A, 0xEA, 0xCA, 0x60, 0xD4, 0x89, 0x47, 0xF7, 0xB1, 
	0xA8, 0x1B, 0x8C, 0xD2, 0x70, 0x2C, 0xEA, 0x0B, 0x46, 0x0F, 0x5E, 0x9D, 
	0xCA, 0x58, 0xD4, 0xA7, 0x3F, 0x18, 0xA5, 0x0C, 0x46, 0xE9, 0x34, 0x16, 
	0xB5, 0x0F, 0x46, 0xA5, 0x0C, 0x46, 0xE9, 0x18, 0x8C, 0x6A, 0x2A, 0xC1, 
	0xE8, 0x8B, 0x37, 0x83, 0x5E, 0x3F, 0x7A, 0xBD, 0xF7, 0x84, 0xC1, 0x28, 
	0x8D, 0x07, 0x23, 0x00, 0x00, 0x00, 0xE6, 0x29, 0x23, 0xD0, 0x1C, 0x27, 
	0xC1, 0xE8, 0xBF, 0xEC, 0x57, 0xE7, 0x54, 0x82, 0xD1, 0x2E, 0xCE, 0x64, 
	0xC4, 0x29, 0x65, 0x00, 0x9A, 0x23, 0x8F, 0x35, 0x25, 0x16, 0x1D, 0x83, 
	0x51, 0xC6, 0xA2, 0x29, 0xC1, 0xA8, 0x8C, 0x44, 0xEB, 0x07, 0xA3, 0xDF, 
	0x44, 0x30, 0xDA, 0xC7, 0xA2, 0xFE, 0x60, 0xD4, 0x8D, 0x45, 0x65, 0x30, 
	0x5A, 0x32, 0x16, 0x4D, 0x09, 0x46, 0xE3, 0xAB, 0x8B, 0x04, 0xA3, 0x21, 
	0x19, 0x88, 0x52, 0x19, 0x89, 0xDA, 0x05, 0xA3, 0x32, 0x16, 0x4D, 0xBD, 
	0x1C, 0x4D, 0x30, 0x02, 0x00, 0x00, 0xD8, 0x86, 0x32, 0x02, 0xCD, 0x11, 
	0xC1, 0x68, 0x17, 0x5B, 0x32, 0x16, 0xED, 0x83, 0xD1, 0x78, 0x34, 0xCA, 
	0x08, 0x34, 0x55, 0x1E, 0x67, 0x5E, 0x2C, 0x5A, 0x3E, 0x18, 0x95, 0xA1, 
	0xE8, 0xF2, 0x60, 0xF4, 0xA3, 0x60, 0x74, 0x73, 0xC1, 0xA8, 0x0C, 0x44, 
	0xE9, 0xAA, 0x82, 0xD1, 0xE8, 0xEA, 0xA2, 0xA7, 0x0A, 0x46, 0x5F, 0x08, 
	0x46, 0x00, 0x00, 0x00, 0x8B, 0x28, 0x23, 0xD0, 0x1C, 0x65, 0x30, 0x7A, 
	0xF7, 0x4B, 0x6F, 0x30, 0x1A, 0x0E, 0x47, 0x19, 0x82, 0xC6, 0xE4, 0xFE, 
	0x73, 0x62, 0xD1, 0x31, 0x18, 0x75, 0x63, 0xD1, 0x83, 0xB8, 0xA7, 0xD1, 
	0x1F, 0x7A, 0x4D, 0x09, 0x48, 0xFD, 0x11, 0xA9, 0x75, 0x30, 0xDA, 0xFF, 
	0xF7, 0xF1, 0xB1, 0x5F, 0x46, 0xD4, 0x83, 0xD1, 0x89, 0xB7, 0x07, 0xDF, 
	0xED, 0x45, 0x34, 0xEA, 0xDE, 0xCF, 0xA8, 0xBC, 0xA7, 0xD1, 0x50, 0x2C, 
	0xAA, 0x05, 0xA3, 0x94, 0xC1, 0x28, 0x2D, 0x17, 0x8C, 0x6A, 0xCA, 0x40, 
	0x94, 0x8A, 0x7B, 0x19, 0xBD, 0x3C, 0xF8, 0xF2, 0x5E, 0x06, 0xA3, 0x54, 
	0x0F, 0x46, 0x65, 0x18, 0xEA, 0x93, 0x81, 0x68, 0x7A, 0x2C, 0xAA, 0x07, 
	0xA3, 0x6E, 0x3C, 0x3A, 0xC8, 0x58, 0x74, 0x66, 0x30, 0x1A, 0x54, 0x09, 
	0x46, 0x9F, 0xBF, 0x1C, 0xF4, 0xF9, 0xA3, 0x2F, 0xF6, 0x1E, 0xC2, 0x91, 
	0x80, 0x04, 0x00, 0x00, 0x70, 0xAE, 0x32, 0x02, 0xCD, 0x51, 0x0D, 0x46, 
	0x87, 0xD0, 0x32, 0x14, 0x8D, 0xCA, 0x70, 0x94, 0x41, 0xA8, 0x26, 0xF7, 
	0xA9, 0xCB, 0xD7, 0x29, 0xF5, 0xAD, 0x2E, 0x2A, 0x63, 0x51, 0x7F, 0x30, 
	0x9A, 0xBA, 0xE2, 0xA8, 0x1E, 0x8C, 0xA6, 0xC7, 0xA2, 0x39, 0xC1, 0x28, 
	0x6F, 0x7A, 0x2D, 0x18, 0x8D, 0x13, 0x8C, 0x76, 0x32, 0x10, 0x25, 0xC1, 
	0x08, 0x00, 0x00, 0xE0, 0xB9, 0x29, 0x23, 0xD0, 0x1C, 0x2F, 0xFE, 0xE7, 
	0x2F, 0xFB, 0x58, 0xD4, 0x0D, 0x46, 0xB5, 0x68, 0x94, 0xD1, 0x66, 0x28, 
	0x1E, 0x9D, 0x2F, 0x8F, 0x5B, 0x1A, 0x88, 0x45, 0x95, 0x60, 0x54, 0x86, 
	0xA2, 0x32, 0x18, 0x95, 0x81, 0x28, 0x5D, 0x1E, 0x8C, 0x32, 0x0E, 0xD5, 
	0xD4, 0x83, 0xD1, 0xC9, 0x25, 0x6A, 0x23, 0xB6, 0x1F, 0x8C, 0xCA, 0x48, 
	0x24, 0x18, 0x8D, 0xC7, 0x22, 0xC1, 0x28, 0x7F, 0xE9, 0x01, 0x00, 0x00, 
	0x30, 0xAE, 0x8C, 0x40, 0x73, 0xDC, 0x07, 0xA3, 0xFF, 0x35, 0x10, 0x8C, 
	0x8E, 0xD1, 0x28, 0xC3, 0xCD, 0xB2, 0xC1, 0x28, 0x8F, 0x57, 0x37, 0x2F, 
	0x16, 0xF5, 0x07, 0xA3, 0xCB, 0x56, 0x17, 0xCD, 0x0B, 0x46, 0x53, 0x57, 
	0x17, 0x65, 0x30, 0x9A, 0xB7, 0xBA, 0xE8, 0x97, 0xB7, 0xDD, 0x58, 0x24, 
	0x18, 0xA5, 0x32, 0x10, 0xA5, 0x25, 0x83, 0xD1, 0xD3, 0xDE, 0xBF, 0x48, 
	0x30, 0x02, 0x00, 0x00, 0x20, 0x95, 0x11, 0x68, 0x8E, 0xC7, 0x60, 0x54, 
	0x46, 0xA3, 0x8C, 0x2F, 0x19, 0x6F, 0x4A, 0x19, 0x81, 0x4A, 0x79, 0x89, 
	0xDA, 0xF8, 0xE5, 0x6A, 0xB5, 0x58, 0xD4, 0x27, 0xDF, 0x73, 0x19, 0x8A, 
	0xCA, 0x60, 0x54, 0x06, 0xA2, 0x54, 0x8B, 0x45, 0x7D, 0x06, 0x02, 0xD2, 
	0xDB, 0x53, 0x7D, 0xC1, 0xA8, 0xDF, 0x2F, 0x1D, 0x19, 0x8B, 0xCA, 0xD5, 
	0x45, 0x85, 0x5D, 0x50, 0xBA, 0xF7, 0xDD, 0xBD, 0x8C, 0x45, 0x35, 0x19, 
	0x8C, 0x3A, 0xF1, 0xA8, 0xE3, 0xE3, 0xBD, 0xEF, 0xDF, 0x7C, 0x3A, 0x51, 
	0x0B, 0x46, 0x35, 0xB5, 0x60, 0xF4, 0x4D, 0xA1, 0x0C, 0x45, 0x65, 0x30, 
	0x1A, 0x8A, 0x47, 0x19, 0x87, 0xBE, 0x89, 0xC7, 0xFA, 0x63, 0xD1, 0x3E, 
	0x18, 0x95, 0x37, 0xBD, 0xEE, 0xFA, 0xB2, 0xF7, 0xAF, 0xA6, 0xBD, 0xBF, 
	0x97, 0x81, 0x28, 0x65, 0x20, 0x4A, 0x19, 0x88, 0x52, 0x06, 0xA2, 0x94, 
	0xC1, 0x28, 0xBD, 0xFE, 0xBC, 0xAB, 0x8C, 0x45, 0x82, 0x11, 0x00, 0x00, 
	0xC0, 0x75, 0x29, 0x23, 0xD0, 0x1C, 0x2F, 0xFE, 0xE7, 0x2F, 0xFF, 0xF9, 
	0xEE, 0x7F, 0xFD, 0x66, 0x67, 0x1F, 0x8D, 0xFA, 0x83, 0xD1, 0x78, 0x38, 
	0xCA, 0xD8, 0x53, 0xCA, 0x48, 0x34, 0x25, 0x14, 0x9D, 0x17, 0x8B, 0x76, 
	0x9F, 0xA1, 0x0C, 0x45, 0x73, 0x57, 0x17, 0xCD, 0x09, 0x46, 0x03, 0xB1, 
	0xE8, 0x0A, 0x83, 0x51, 0x06, 0xA2, 0x94, 0xC1, 0xA8, 0x1B, 0x8B, 0x3E, 
	0x4D, 0x8C, 0x45, 0xC7, 0x60, 0x94, 0xAB, 0x8B, 0x52, 0x19, 0x8A, 0xFA, 
	0x63, 0xD1, 0xF3, 0x0B, 0x46, 0x65, 0x20, 0x4A, 0x82, 0x11, 0x00, 0x00, 
	0xC0, 0x73, 0x53, 0x46, 0xA0, 0x39, 0x4E, 0x82, 0xD1, 0x3E, 0x1A, 0x1D, 
	0x42, 0x4A, 0x19, 0x60, 0xD2, 0xAF, 0x77, 0x7F, 0x76, 0x30, 0x3B, 0x18, 
	0xE5, 0xE3, 0x4B, 0xC7, 0xA2, 0x8C, 0x44, 0xF5, 0x60, 0x54, 0xC6, 0xA1, 
	0x34, 0x35, 0x16, 0x8D, 0x04, 0xA3, 0x4E, 0x2C, 0xFA, 0xA9, 0x88, 0x45, 
	0x82, 0x91, 0x60, 0x94, 0x81, 0x28, 0x95, 0x91, 0xE8, 0xF9, 0x04, 0xA3, 
	0xF2, 0x97, 0x1E, 0x00, 0x00, 0x00, 0xE3, 0xCA, 0x08, 0x34, 0x47, 0x04, 
	0xA3, 0xFF, 0x3C, 0x23, 0x18, 0xFD, 0xE6, 0xEE, 0xCF, 0x52, 0x11, 0x7B, 
	0x4A, 0x19, 0x87, 0xD2, 0x53, 0xC5, 0xA2, 0xF5, 0x82, 0xD1, 0xF2, 0xB1, 
	0x68, 0xDD, 0x60, 0x54, 0xBB, 0x1C, 0x6D, 0x6B, 0xC1, 0x28, 0x63, 0xD1, 
	0x73, 0x0D, 0x46, 0x65, 0x28, 0xDA, 0x64, 0x30, 0xB2, 0xBA, 0x08, 0x00, 
	0x00, 0x60, 0x01, 0x65, 0x04, 0x9A, 0xE3, 0xC5, 0xFF, 0xD8, 0x48, 0x30, 
	0xCA, 0xED, 0x86, 0xF5, 0xC7, 0xA2, 0x9A, 0x32, 0x1C, 0xF5, 0x47, 0xA4, 
	0xF1, 0xA0, 0x54, 0x0B, 0x48, 0x03, 0xB1, 0x68, 0x42, 0x30, 0x4A, 0x19, 
	0x8C, 0xBA, 0xCA, 0x58, 0xF4, 0xCB, 0x9B, 0xD2, 0xCF, 0xF7, 0x6A, 0xC1, 
	0x68, 0xAF, 0x7B, 0x43, 0xEC, 0xCB, 0x83, 0x51, 0xB1, 0xE2, 0xA8, 0x72, 
	0xD3, 0xEB, 0x7A, 0x40, 0x7A, 0x08, 0x46, 0x23, 0x3E, 0xBE, 0xFE, 0x66, 
	0xA2, 0xAF, 0xEF, 0x7D, 0xDB, 0xF1, 0xD5, 0x7D, 0x34, 0x3A, 0x55, 0x06, 
	0xA4, 0xAE, 0xE1, 0x1B, 0x5E, 0x97, 0xFA, 0x83, 0xD1, 0xDE, 0xF1, 0x26, 
	0xD8, 0x7D, 0x37, 0xC2, 0x7E, 0xD7, 0xB1, 0x76, 0x30, 0x1A, 0xBB, 0x09, 
	0xF6, 0xCB, 0x7B, 0x19, 0x8A, 0xEA, 0xC1, 0xE8, 0x8B, 0x91, 0x60, 0x74, 
	0x8C, 0x45, 0x82, 0x11, 0x00, 0x00, 0xC0, 0x72, 0xCA, 0x08, 0x34, 0xC7, 
	0x7D, 0x30, 0xFA, 0x9F, 0x95, 0x60, 0x34, 0x25, 0x1A, 0x5D, 0x1A, 0x8C, 
	0xF2, 0xB9, 0x69, 0xE6, 0xC5, 0xA2, 0x9D, 0x32, 0x12, 0x9D, 0x1B, 0x8C, 
	0xFA, 0x56, 0x1C, 0x0D, 0x04, 0xA3, 0x09, 0x97, 0xA3, 0xA5, 0x32, 0x12, 
	0xCD, 0x0B, 0x46, 0xF3, 0x62, 0xD1, 0x9A, 0xC1, 0xE8, 0xE4, 0x86, 0xD7, 
	0x23, 0xCA, 0x30, 0xD4, 0x67, 0xAD, 0x60, 0x54, 0x46, 0xA2, 0xEB, 0x0D, 
	0x46, 0xE3, 0x7F, 0x35, 0xAD, 0x3F, 0x18, 0xD5, 0x56, 0x17, 0x09, 0x46, 
	0x00, 0x00, 0x00, 0x4F, 0xAF, 0x8C, 0x40, 0x73, 0x3C, 0x06, 0xA3, 0x83, 
	0x6E, 0x30, 0x1A, 0xBE, 0x01, 0xF6, 0x39, 0xC1, 0xE8, 0x32, 0x6B, 0xC6, 
	0xA2, 0x32, 0x18, 0x2D, 0x71, 0x39, 0x5A, 0x2A, 0x03, 0x51, 0x37, 0x16, 
	0x2D, 0x1F, 0x8C, 0x2E, 0x89, 0x45, 0xE7, 0x05, 0xA3, 0x5C, 0x5D, 0x24, 
	0x18, 0xB5, 0x0D, 0x46, 0x63, 0xF7, 0x2F, 0x1A, 0x0B, 0x46, 0x19, 0x8B, 
	0xE6, 0x07, 0xA3, 0x32, 0x12, 0x09, 0x46, 0x00, 0x00, 0x00, 0xAD, 0x95, 
	0x11, 0x68, 0x8E, 0x22, 0x18, 0x9D, 0x46, 0xA3, 0x63, 0x30, 0x1A, 0x8F, 
	0x47, 0x07, 0x65, 0xE4, 0x19, 0x72, 0xB8, 0x17, 0x51, 0x3E, 0x5E, 0xB3, 
	0x74, 0x2C, 0x9A, 0x1B, 0x8C, 0x2E, 0x5F, 0x5D, 0xB4, 0x44, 0x30, 0x2A, 
	0x62, 0xD1, 0x26, 0x82, 0x51, 0xF7, 0xB1, 0x0C, 0x44, 0x29, 0x83, 0x51, 
	0xC6, 0xA1, 0x54, 0x46, 0xA1, 0x21, 0xE3, 0xC1, 0x28, 0xEF, 0x5F, 0x54, 
	0xB3, 0x64, 0x30, 0x1A, 0x8F, 0x45, 0xDD, 0x60, 0x34, 0x2F, 0x16, 0xBD, 
	0x2B, 0x02, 0x51, 0x1A, 0x0B, 0x46, 0xE7, 0x5D, 0x8E, 0x26, 0x18, 0x01, 
	0x00, 0x00, 0x6C, 0x5B, 0x19, 0x81, 0xE6, 0x78, 0xF1, 0x3F, 0x7E, 0xF9, 
	0xD7, 0x99, 0xC1, 0x68, 0x38, 0x1E, 0x95, 0xA1, 0xA7, 0x8C, 0x3E, 0xA5, 
	0xDC, 0x6E, 0xCA, 0x3E, 0x47, 0x7F, 0xAC, 0xF8, 0xC3, 0xA3, 0x5F, 0xBA, 
	0x2A, 0x71, 0xA8, 0xBB, 0xCD, 0xCF, 0x77, 0xBF, 0xAF, 0xA9, 0xC6, 0xA2, 
	0x6E, 0x30, 0x4A, 0x45, 0x40, 0xAA, 0xF8, 0xF5, 0xDD, 0x8F, 0x1D, 0xB9, 
	0x9A, 0x28, 0x95, 0xB1, 0xE8, 0xFB, 0x8E, 0xE2, 0x66, 0xD7, 0x9D, 0x60, 
	0xB4, 0xBF, 0xE1, 0xF5, 0xCF, 0x6F, 0xBA, 0x32, 0x18, 0xFD, 0xF4, 0xE6, 
	0x53, 0xC7, 0x8F, 0x11, 0x91, 0xCA, 0xD5, 0x45, 0x5D, 0x19, 0x88, 0xF6, 
	0xBE, 0x7D, 0x74, 0xBA, 0xB2, 0xA8, 0xF4, 0xCD, 0xDD, 0xA7, 0x50, 0x46, 
	0xA1, 0x63, 0x18, 0xAA, 0xE9, 0xC6, 0xA2, 0xBC, 0x01, 0xF6, 0x2E, 0x16, 
	0xF5, 0x05, 0xA3, 0x2F, 0xEF, 0x7D, 0x3D, 0xE2, 0xAB, 0x57, 0x1F, 0x3A, 
	0x32, 0x10, 0x1D, 0x4D, 0xBB, 0xE1, 0x75, 0xB9, 0xBA, 0x28, 0x6E, 0x82, 
	0xFD, 0x45, 0x57, 0x06, 0xA3, 0xDD, 0x0A, 0xA3, 0x53, 0xFB, 0x50, 0xF4, 
	0xE6, 0x51, 0x06, 0xA2, 0xAE, 0xF2, 0xF2, 0xB3, 0xB4, 0x0F, 0x45, 0xC7, 
	0x1B, 0x5E, 0x0F, 0x9B, 0x1A, 0x8C, 0xBE, 0x78, 0xF4, 0xF8, 0x97, 0xD1, 
	0x2A, 0x7F, 0x21, 0x6D, 0x1F, 0x8C, 0xCA, 0x5F, 0x5C, 0x00, 0x00, 0x00, 
	0xB4, 0xF5, 0x10, 0x8C, 0xFE, 0x8F, 0x07, 0xE5, 0x65, 0x69, 0xE3, 0xF1, 
	0x28, 0x83, 0xD1, 0x39, 0x32, 0x12, 0x5D, 0x16, 0x8B, 0x8E, 0xC1, 0x68, 
	0x7E, 0x2C, 0xAA, 0x06, 0xA3, 0x09, 0xAB, 0x8B, 0x6A, 0x32, 0x0E, 0xA5, 
	0x5F, 0x23, 0x18, 0x8D, 0xC5, 0xA2, 0xB3, 0x82, 0xD1, 0x48, 0x2C, 0xBA, 
	0xFD, 0x60, 0xB4, 0x5B, 0x55, 0x24, 0x18, 0xF5, 0x2B, 0x03, 0x51, 0x5A, 
	0x37, 0x18, 0x95, 0xBF, 0xB4, 0x00, 0x00, 0x00, 0x68, 0xEF, 0xC5, 0xFF, 
	0xFB, 0xF3, 0xBF, 0xDE, 0xFD, 0x8F, 0x5F, 0x0E, 0xC1, 0x68, 0xAF, 0x88, 
	0x2A, 0x83, 0xF1, 0xA8, 0x45, 0x30, 0xCA, 0xE7, 0xEB, 0x32, 0x12, 0x5D, 
	0x16, 0x8B, 0xAE, 0x70, 0x75, 0xD1, 0x02, 0xC1, 0xA8, 0x8C, 0x45, 0xDD, 
	0x60, 0xB4, 0x8F, 0x45, 0xC7, 0x60, 0x54, 0x5E, 0x8E, 0x56, 0x1A, 0x8A, 
	0x45, 0xDB, 0x08, 0x46, 0x19, 0x8A, 0x8E, 0xB1, 0xE8, 0xFA, 0x82, 0x51, 
	0x37, 0x16, 0x09, 0x46, 0x00, 0x00, 0x00, 0x2C, 0xE1, 0x31, 0x18, 0x9D, 
	0x46, 0xA3, 0x3F, 0xBC, 0xFB, 0xF9, 0x41, 0x25, 0xB2, 0x14, 0xF1, 0xA8, 
	0x3F, 0x18, 0x65, 0xC8, 0x39, 0xC8, 0xF0, 0x33, 0x2D, 0x14, 0x75, 0x83, 
	0x52, 0x1E, 0x73, 0x48, 0xF5, 0xBE, 0x45, 0x95, 0x58, 0x54, 0x93, 0xB1, 
	0xE8, 0xE8, 0xA7, 0x47, 0x19, 0x8B, 0xA6, 0x04, 0xA3, 0x5C, 0x5D, 0x74, 
	0x6F, 0xF0, 0x7E, 0x46, 0xB5, 0x80, 0xF4, 0x7D, 0x21, 0xEF, 0x57, 0x54, 
	0x04, 0xA3, 0xF0, 0x53, 0xE1, 0x53, 0x47, 0x06, 0xA3, 0x74, 0xE9, 0xFD, 
	0x8B, 0x4A, 0x65, 0x30, 0xAA, 0xFB, 0xFA, 0x51, 0x06, 0xA3, 0xAE, 0xA9, 
	0xC1, 0xE8, 0xE8, 0xEB, 0x47, 0x65, 0x2C, 0xAA, 0x05, 0xA3, 0xAF, 0x5E, 
	0x76, 0x2D, 0x1E, 0x8C, 0xC2, 0xBB, 0x8E, 0xB7, 0x85, 0xBC, 0x87, 0xD1, 
	0x51, 0x2D, 0x20, 0x95, 0x81, 0x28, 0x5D, 0x1A, 0x8C, 0xF6, 0xF7, 0x35, 
	0x3A, 0xCA, 0x78, 0xD4, 0xB9, 0x7F, 0x91, 0x60, 0x04, 0x00, 0x00, 0xB0, 
	0x09, 0x9D, 0x60, 0x74, 0x70, 0x0C, 0x46, 0xE3, 0xD1, 0x28, 0x83, 0x51, 
	0xC6, 0x9A, 0x9A, 0x32, 0x06, 0x1D, 0xD5, 0xC2, 0xD3, 0x69, 0x30, 0xCA, 
	0x63, 0x8D, 0xA9, 0xC6, 0xA2, 0x22, 0x18, 0x95, 0xA1, 0x68, 0x38, 0x16, 
	0x0D, 0x07, 0xA3, 0x8C, 0x43, 0x35, 0x45, 0x30, 0x1A, 0xBD, 0x01, 0xF6, 
	0x78, 0x30, 0x2A, 0x23, 0xD1, 0x70, 0x2C, 0x9A, 0x1E, 0x8C, 0xCA, 0x50, 
	0xD4, 0x26, 0x18, 0x65, 0x14, 0x1A, 0xB2, 0x56, 0x30, 0x8A, 0x58, 0x74, 
	0x35, 0xC1, 0xA8, 0xB6, 0xE2, 0xE8, 0xB5, 0x60, 0x04, 0x00, 0x00, 0x40, 
	0x55, 0x35, 0x18, 0xED, 0x1C, 0xC2, 0x48, 0x06, 0xA2, 0x54, 0x04, 0xA3, 
	0x09, 0xD1, 0xA8, 0x8C, 0x41, 0xE5, 0x31, 0xF2, 0xF9, 0xFB, 0x6D, 0x66, 
	0x9A, 0x16, 0x8B, 0xCE, 0x09, 0x46, 0xFD, 0xB1, 0x68, 0x7A, 0x30, 0xBA, 
	0x6C, 0x75, 0xD1, 0x12, 0xC1, 0xA8, 0x8C, 0x45, 0x97, 0x06, 0xA3, 0x32, 
	0x10, 0xA5, 0x65, 0x82, 0xD1, 0xD4, 0x58, 0x34, 0xE7, 0x86, 0xD7, 0x4B, 
	0x07, 0xA3, 0x7D, 0x2C, 0x12, 0x8C, 0x2E, 0x0B, 0x46, 0xF9, 0x0B, 0x0B, 
	0x00, 0x00, 0x80, 0xA7, 0xB1, 0x40, 0x30, 0xAA, 0x78, 0x9F, 0xEA, 0xC1, 
	0x28, 0x23, 0x51, 0x5F, 0x30, 0xCA, 0xFD, 0xA7, 0x78, 0x8A, 0x58, 0x54, 
	0x0B, 0x46, 0x19, 0x86, 0x6A, 0x5A, 0xAC, 0x2E, 0x5A, 0x26, 0x18, 0xD5, 
	0x62, 0xD1, 0xF3, 0x0A, 0x46, 0xC7, 0x58, 0x54, 0x0F, 0x46, 0xD3, 0x62, 
	0xD1, 0x9C, 0xD5, 0x45, 0xDB, 0x0E, 0x46, 0x97, 0xC7, 0xA2, 0xE1, 0x60, 
	0x74, 0x8C, 0x45, 0x0F, 0xC1, 0xA8, 0xB3, 0xBA, 0x48, 0x30, 0x02, 0x00, 
	0x00, 0x58, 0xCB, 0x8B, 0xFF, 0xF7, 0x97, 0xFF, 0x74, 0xB7, 0xFB, 0x4B, 
	0x69, 0xE7, 0x06, 0xA3, 0x6A, 0x34, 0xEA, 0x0B, 0x46, 0x95, 0x30, 0xD4, 
	0xE7, 0xDC, 0x50, 0x54, 0xBE, 0xCE, 0xD0, 0xFB, 0xCA, 0x78, 0xB4, 0xF7, 
	0xFB, 0x77, 0x3B, 0x19, 0x8A, 0x4A, 0xC7, 0x9B, 0x5F, 0x9F, 0xDE, 0x00, 
	0xBB, 0xFB, 0x78, 0xC6, 0xA2, 0xBD, 0x1F, 0x3B, 0xE6, 0xC6, 0xA2, 0x7D, 
	0x30, 0xAA, 0x29, 0x23, 0x52, 0x7F, 0x4C, 0xAA, 0x05, 0xA4, 0x5A, 0x30, 
	0x2A, 0x23, 0x51, 0x3D, 0x16, 0x7D, 0xBA, 0xFB, 0xE1, 0xF5, 0xC7, 0x42, 
	0x06, 0xA3, 0xBD, 0xFE, 0x1B, 0x60, 0x7F, 0x2A, 0x64, 0x2C, 0x9A, 0x13, 
	0x8C, 0xCA, 0xCB, 0xD1, 0xF6, 0x76, 0x8F, 0xEF, 0xCD, 0x0F, 0x46, 0xE1, 
	0xE5, 0x4E, 0x7F, 0x30, 0x1A, 0x53, 0x8F, 0x45, 0xE7, 0x07, 0xA3, 0x32, 
	0x14, 0x75, 0x83, 0x51, 0x71, 0xFF, 0xA2, 0x11, 0xAF, 0xEE, 0xBD, 0x3A, 
	0xCA, 0x48, 0x74, 0xFA, 0xDC, 0x17, 0x2F, 0xEF, 0x5E, 0x7E, 0xF1, 0xAA, 
	0x6B, 0x20, 0x16, 0x95, 0x6A, 0xC1, 0x08, 0x00, 0x00, 0xE0, 0x16, 0x94, 
	0x41, 0x66, 0xEB, 0xEE, 0x83, 0xD1, 0xFF, 0xFB, 0xCB, 0xBF, 0xDE, 0x3B, 
	0x0D, 0x47, 0x73, 0x82, 0xD1, 0x98, 0x8C, 0x41, 0x93, 0x64, 0x04, 0x9A, 
	0x6A, 0x46, 0x2C, 0xEA, 0x0F, 0x46, 0x65, 0x1C, 0x4A, 0x53, 0x62, 0x51, 
	0xFF, 0x8A, 0xA3, 0xB5, 0x83, 0x51, 0x19, 0x8B, 0x5A, 0x04, 0xA3, 0x32, 
	0x14, 0x6D, 0x21, 0x18, 0x1D, 0x63, 0xD1, 0x70, 0x30, 0x2A, 0x63, 0xD1, 
	0xD3, 0x05, 0xA3, 0x32, 0x12, 0xD5, 0x63, 0x91, 0x60, 0x04, 0x00, 0x00, 
	0x70, 0x1D, 0xCA, 0x20, 0xB3, 0x75, 0x9D, 0x60, 0x74, 0xEA, 0x2A, 0x83, 
	0xD1, 0x13, 0xC5, 0xA2, 0x7A, 0x30, 0x2A, 0x1F, 0x2B, 0x43, 0xD1, 0x3A, 
	0xB1, 0x68, 0x4A, 0x30, 0xAA, 0xC7, 0xA2, 0x39, 0xC1, 0x68, 0xEA, 0xEA, 
	0xA2, 0x63, 0x30, 0x3A, 0x2F, 0x16, 0x09, 0x46, 0x7D, 0xB1, 0xE8, 0xBA, 
	0x83, 0xD1, 0x17, 0x82, 0x11, 0x00, 0x00, 0x70, 0xC3, 0xCA, 0x20, 0xB3, 
	0x75, 0xA3, 0xC1, 0x68, 0x1F, 0x8D, 0x2E, 0x0F, 0x47, 0x45, 0x10, 0x7A, 
	0x88, 0x3A, 0xBD, 0xCF, 0x47, 0x0C, 0xFA, 0x43, 0xC6, 0xA1, 0xB4, 0x6A, 
	0x2C, 0x2A, 0x83, 0x51, 0x19, 0x8A, 0xD6, 0x0B, 0x46, 0x2D, 0x2E, 0x47, 
	0x5B, 0x2F, 0x18, 0x4D, 0x8D, 0x45, 0x19, 0x8A, 0x5A, 0x05, 0xA3, 0xE1, 
	0x7B, 0x18, 0x8D, 0x11, 0x8C, 0x04, 0x23, 0x00, 0x00, 0xE0, 0x39, 0x28, 
	0x83, 0xCC, 0xD6, 0x4D, 0x0A, 0x46, 0x69, 0x1F, 0x90, 0xE6, 0x45, 0xA4, 
	0x43, 0xC0, 0xC9, 0xC7, 0x8F, 0xCF, 0x67, 0xF4, 0xE9, 0xC6, 0xA2, 0x5D, 
	0xD0, 0x29, 0x22, 0x51, 0x11, 0x8A, 0xCE, 0x8F, 0x45, 0xC7, 0xCF, 0x74, 
	0x94, 0x9F, 0xBB, 0x74, 0xB8, 0xF1, 0x75, 0x19, 0x91, 0xCA, 0x50, 0x54, 
	0xFA, 0xF5, 0xED, 0x41, 0x19, 0x8E, 0xF6, 0xA6, 0xC6, 0xA2, 0x39, 0xC1, 
	0xA8, 0x8C, 0x45, 0xFB, 0x60, 0x14, 0xDE, 0x74, 0xE5, 0x8A, 0xA3, 0xE2, 
	0x72, 0xB4, 0x5D, 0x30, 0x3A, 0xF1, 0x7D, 0xAF, 0x6F, 0x1F, 0x65, 0x30, 
	0x4A, 0x65, 0x2C, 0xEA, 0xFA, 0xF8, 0xA8, 0x8C, 0x45, 0xF5, 0xD5, 0x45, 
	0xDD, 0x60, 0x94, 0xB1, 0xA8, 0x6B, 0x42, 0x2C, 0x1A, 0x0C, 0x46, 0x35, 
	0xE3, 0xC1, 0x28, 0x6F, 0x82, 0xBD, 0x4C, 0x30, 0xAA, 0xDD, 0xF0, 0xBA, 
	0x4E, 0x30, 0x02, 0x00, 0x00, 0x68, 0xA1, 0x0C, 0x32, 0x5B, 0xF7, 0xE2, 
	0xFF, 0xF9, 0xE5, 0x3F, 0xDD, 0xFD, 0x3F, 0x95, 0x60, 0x34, 0x16, 0x8D, 
	0x4E, 0x65, 0xFC, 0x39, 0x57, 0xC6, 0x9F, 0x7D, 0x28, 0xDA, 0xC7, 0xA2, 
	0x6A, 0x30, 0xEA, 0x0B, 0x45, 0xB3, 0x63, 0xD1, 0xCE, 0x72, 0xC1, 0x28, 
	0xC3, 0x50, 0x9F, 0xB9, 0xB1, 0xA8, 0x3F, 0x18, 0x95, 0x91, 0x68, 0x4E, 
	0x30, 0x1A, 0x8B, 0x45, 0x2D, 0x82, 0x51, 0xC6, 0xA1, 0x9A, 0x0C, 0x44, 
	0x69, 0x7E, 0x30, 0x1A, 0x5E, 0x5D, 0x34, 0x3B, 0x18, 0xF5, 0x5E, 0x8E, 
	0x56, 0x33, 0x35, 0x16, 0x1D, 0x1F, 0xCF, 0x58, 0xD4, 0x3E, 0x18, 0x59, 
	0x61, 0x04, 0x00, 0x00, 0xD0, 0x46, 0x19, 0x64, 0xB6, 0xEE, 0xC5, 0xFF, 
	0xF3, 0xCB, 0xBF, 0xDC, 0x1D, 0xA2, 0x51, 0x86, 0xA3, 0x32, 0x90, 0xD4, 
	0x65, 0xF8, 0x39, 0xD7, 0x7D, 0x24, 0x7A, 0x54, 0x86, 0x9D, 0xC7, 0x15, 
	0x47, 0x0F, 0xDB, 0x2C, 0x12, 0x8B, 0xEE, 0x83, 0xD1, 0x72, 0xB1, 0x68, 
	0xDB, 0xAB, 0x8B, 0xCE, 0x0B, 0x46, 0xC7, 0x58, 0xD4, 0x17, 0x8C, 0xBA, 
	0xB1, 0x68, 0x89, 0x60, 0x94, 0x71, 0xA8, 0xA6, 0x5D, 0x30, 0xFA, 0x72, 
	0xC5, 0x60, 0x34, 0x75, 0x75, 0x51, 0x19, 0x8C, 0xCA, 0x50, 0x34, 0x2F, 
	0x18, 0x8D, 0xC6, 0xA2, 0x27, 0x0E, 0x46, 0xE5, 0x2F, 0x58, 0x00, 0x00, 
	0x80, 0x6B, 0x55, 0x06, 0x99, 0xAD, 0x3B, 0x09, 0x46, 0x07, 0xFB, 0x70, 
	0xB4, 0x53, 0x46, 0x92, 0x7E, 0x19, 0x7F, 0xCE, 0xF3, 0x10, 0x8A, 0x0E, 
	0x2A, 0xC1, 0xE8, 0x18, 0x94, 0x0E, 0xD1, 0x68, 0x3C, 0x14, 0xDD, 0x42, 
	0x2C, 0xEA, 0x0F, 0x46, 0x65, 0x24, 0xEA, 0x0F, 0x46, 0x65, 0x2C, 0x9A, 
	0x17, 0x8C, 0x6A, 0xB1, 0x68, 0x4E, 0x30, 0x6A, 0x71, 0x39, 0x5A, 0x3D, 
	0x18, 0x95, 0xB1, 0x48, 0x30, 0xCA, 0x40, 0x94, 0x46, 0x83, 0xD1, 0xEC, 
	0x58, 0x34, 0x2F, 0x18, 0x59, 0x5D, 0x04, 0x00, 0x00, 0xDC, 0xAE, 0x32, 
	0xC8, 0x6C, 0x5D, 0x25, 0x18, 0x1D, 0x65, 0x10, 0x29, 0xC3, 0xC9, 0xD2, 
	0xC1, 0x28, 0x74, 0xC2, 0xCE, 0xC1, 0xC9, 0x0A, 0xA4, 0x89, 0xB1, 0xA8, 
	0x4F, 0x11, 0x8F, 0x76, 0x37, 0xBE, 0x7E, 0xF4, 0x73, 0x8F, 0x9F, 0x1E, 
	0xE5, 0xCF, 0xE7, 0x78, 0x03, 0xEC, 0xA3, 0x8C, 0x45, 0xD3, 0x82, 0x51, 
	0xDE, 0xFC, 0xBA, 0x7E, 0x03, 0xEC, 0x32, 0x1E, 0x8D, 0x45, 0xA4, 0xF9, 
	0xB1, 0xA8, 0x16, 0x8C, 0x52, 0x19, 0x90, 0xBA, 0x11, 0xA9, 0x0C, 0x47, 
	0x1F, 0xEF, 0xBE, 0x7B, 0x7D, 0x50, 0xC6, 0xA2, 0x29, 0xC1, 0xE8, 0x68, 
	0xE2, 0x0D, 0xB0, 0xC3, 0x37, 0x8F, 0xBE, 0xDA, 0x8B, 0x60, 0x94, 0xB1, 
	0xA8, 0xE6, 0xF2, 0xFB, 0x17, 0x0D, 0xDB, 0xDF, 0x00, 0xBB, 0xEF, 0x26, 
	0xD8, 0x53, 0x2F, 0x47, 0x3B, 0x3F, 0x18, 0xA5, 0x57, 0x9F, 0x1F, 0x4C, 
	0x0D, 0x46, 0x53, 0x63, 0xD1, 0x43, 0x30, 0x02, 0x00, 0x00, 0xB8, 0x32, 
	0x65, 0x18, 0xEA, 0x53, 0x06, 0x99, 0xAD, 0x1B, 0x09, 0x46, 0xF5, 0xBF, 
	0x00, 0x56, 0x8F, 0x47, 0xBB, 0xBF, 0x32, 0x36, 0xAC, 0x08, 0x42, 0x63, 
	0x3A, 0xA1, 0xA8, 0x6E, 0x28, 0x16, 0xED, 0x57, 0x25, 0xD5, 0x65, 0x28, 
	0x9A, 0x16, 0x8B, 0x8E, 0xC1, 0x28, 0x7F, 0x1E, 0x19, 0x8A, 0xFA, 0x82, 
	0xD1, 0x79, 0xB1, 0xA8, 0x0C, 0x46, 0x65, 0x24, 0x1A, 0x0B, 0x46, 0xDF, 
	0x9D, 0x15, 0x8C, 0x6A, 0x97, 0xA3, 0xA5, 0x32, 0x16, 0x0D, 0x07, 0xA3, 
	0x63, 0x2C, 0xAA, 0x07, 0xA3, 0x32, 0x0A, 0x0D, 0x59, 0x27, 0x18, 0xCD, 
	0x5B, 0x5D, 0xB4, 0x66, 0x30, 0x9A, 0x76, 0x39, 0xDA, 0xBA, 0xC1, 0xE8, 
	0xE1, 0x72, 0x34, 0x00, 0x00, 0x80, 0x2B, 0x53, 0x86, 0xA1, 0x3E, 0x65, 
	0x90, 0xD9, 0xBA, 0x17, 0xFF, 0xFD, 0xE7, 0x7F, 0xB9, 0xFB, 0xEF, 0x3F, 
	0x97, 0xB1, 0xA8, 0x1B, 0x8C, 0xCA, 0x40, 0x52, 0x06, 0xA3, 0x71, 0x19, 
	0x7B, 0x2E, 0x56, 0x09, 0x41, 0xB5, 0x20, 0x34, 0xF4, 0xDC, 0x53, 0xC6, 
	0xA2, 0xF3, 0x83, 0xD1, 0x13, 0xAD, 0x2E, 0x1A, 0x0C, 0x46, 0x65, 0x28, 
	0x9A, 0x12, 0x8B, 0xB6, 0x1D, 0x8C, 0x1E, 0x62, 0x51, 0xF3, 0x60, 0x34, 
	0x3F, 0x16, 0x09, 0x46, 0x00, 0x00, 0x00, 0xDB, 0x57, 0x86, 0xA1, 0x3E, 
	0x65, 0x90, 0xD9, 0xBA, 0xC7, 0x60, 0x74, 0x6A, 0x8D, 0x60, 0x34, 0x6B, 
	0x05, 0xD2, 0x40, 0x0C, 0xAA, 0x05, 0xA1, 0xBE, 0xC7, 0x4B, 0x3F, 0x77, 
	0x94, 0xC1, 0x28, 0x43, 0x51, 0xBF, 0xDF, 0x4E, 0xFC, 0x6B, 0x69, 0xBF, 
	0x76, 0xFC, 0x58, 0x35, 0x29, 0x16, 0xBD, 0x3B, 0xF8, 0x7E, 0xAF, 0x08, 
	0x46, 0x79, 0x3F, 0xA3, 0xF2, 0x9E, 0x46, 0x3F, 0xBD, 0xF9, 0xFE, 0x41, 
	0x19, 0x8E, 0x7E, 0x7A, 0xF3, 0xE9, 0xDE, 0xDC, 0x60, 0x94, 0xB1, 0xE8, 
	0xDE, 0xEB, 0x53, 0xB5, 0x60, 0x54, 0x93, 0xA1, 0xE8, 0xFC, 0x58, 0x74, 
	0xF4, 0xD5, 0xA3, 0xBC, 0x8F, 0xD1, 0xD7, 0x1D, 0x95, 0x60, 0x74, 0xEF, 
	0x43, 0xAF, 0x2F, 0x3B, 0xDE, 0x17, 0x3E, 0x8C, 0x38, 0xC6, 0xA2, 0x7A, 
	0x30, 0x2A, 0xEE, 0x67, 0xF4, 0xC5, 0xCE, 0xDB, 0x47, 0xF3, 0x83, 0x51, 
	0x19, 0x88, 0xD2, 0x70, 0x30, 0x2A, 0xED, 0xEF, 0x61, 0x74, 0xF4, 0xC5, 
	0xBD, 0x8C, 0x45, 0x82, 0x11, 0x00, 0x00, 0x70, 0xBD, 0xCA, 0x30, 0xD4, 
	0xA7, 0x0C, 0x32, 0x5B, 0xF7, 0xE2, 0xBF, 0xFF, 0xFC, 0x1F, 0x8B, 0x60, 
	0x74, 0xEA, 0x77, 0x6F, 0xDB, 0x05, 0xA3, 0xBC, 0x64, 0x6D, 0x34, 0x1A, 
	0x15, 0x81, 0x67, 0x38, 0x14, 0x9D, 0x6E, 0x93, 0x8F, 0x95, 0x96, 0x8B, 
	0x45, 0xFB, 0x60, 0x54, 0xC6, 0xA1, 0x74, 0x4E, 0x2C, 0xAA, 0x06, 0xA3, 
	0xC7, 0x58, 0xD4, 0x1F, 0x8C, 0xCA, 0x58, 0xD4, 0x17, 0x8C, 0x32, 0x14, 
	0x1D, 0x83, 0x51, 0xC6, 0xA2, 0xB3, 0x82, 0xD1, 0x48, 0x2C, 0xBA, 0x9E, 
	0x60, 0x54, 0x46, 0xA2, 0x36, 0xC1, 0xA8, 0x8C, 0x45, 0xE7, 0x04, 0xA3, 
	0x32, 0x10, 0xCD, 0x5B, 0x5D, 0x74, 0x0C, 0x46, 0x7D, 0x37, 0xBD, 0x1E, 
	0x8E, 0x45, 0x82, 0x11, 0x00, 0x00, 0x70, 0x8B, 0xCA, 0x30, 0xD4, 0xA7, 
	0x0C, 0x32, 0x5B, 0xF7, 0x10, 0x8C, 0x76, 0xAB, 0x8C, 0x0E, 0x2A, 0xC1, 
	0xE8, 0xDE, 0xCF, 0x85, 0x0C, 0x42, 0xE3, 0xCA, 0x40, 0xD4, 0x55, 0x46, 
	0xA5, 0xBE, 0x50, 0x74, 0x1A, 0x83, 0xA6, 0x05, 0xA1, 0x21, 0xE3, 0xB1, 
	0x68, 0x4E, 0x30, 0x9A, 0xB2, 0xBA, 0xA8, 0x1B, 0x8B, 0xA6, 0x07, 0xA3, 
	0x22, 0x16, 0x6D, 0x78, 0x75, 0xD1, 0x39, 0xC1, 0xA8, 0x0C, 0x45, 0xED, 
	0x83, 0xD1, 0x70, 0x2C, 0x12, 0x8C, 0x8E, 0xB1, 0xE8, 0xD2, 0xD5, 0x45, 
	0xFD, 0xC1, 0x28, 0x7F, 0xE9, 0x02, 0x00, 0x00, 0x5C, 0x83, 0x32, 0x0C, 
	0xF5, 0x29, 0x83, 0xCC, 0xD6, 0x55, 0x82, 0x51, 0xD7, 0x50, 0x30, 0x4A, 
	0xBF, 0x4F, 0xA3, 0xC1, 0x28, 0x9F, 0xAF, 0x04, 0xA3, 0x22, 0xEE, 0xD4, 
	0x22, 0x4F, 0x3E, 0x77, 0x62, 0x77, 0xCC, 0x7C, 0xAC, 0xF7, 0x38, 0x65, 
	0x24, 0x6A, 0x11, 0x8B, 0xCA, 0x60, 0x54, 0x86, 0xA2, 0x5A, 0x2C, 0xAA, 
	0x06, 0xA3, 0x27, 0x5A, 0x5D, 0x74, 0x4E, 0x30, 0x2A, 0x62, 0xD1, 0xD9, 
	0xC1, 0x28, 0x43, 0xD1, 0x31, 0x18, 0x65, 0x1C, 0xAA, 0x29, 0x43, 0xD1, 
	0x9C, 0xD5, 0x45, 0x65, 0x30, 0xBA, 0xF4, 0x72, 0xB4, 0x36, 0xC1, 0xE8, 
	0x18, 0x8B, 0xB6, 0x1B, 0x8C, 0x32, 0x14, 0x09, 0x46, 0x00, 0x00, 0xC0, 
	0x75, 0x2B, 0xC3, 0x50, 0x9F, 0x32, 0xC8, 0x6C, 0xDD, 0x8B, 0xFF, 0x7B, 
	0x17, 0x8C, 0x7E, 0xF9, 0x97, 0xBD, 0xC1, 0x60, 0x94, 0xCE, 0x09, 0x46, 
	0xE3, 0xC6, 0x83, 0x51, 0x37, 0xF0, 0xF4, 0x06, 0xA3, 0xFB, 0x63, 0x3D, 
	0x88, 0xE7, 0x76, 0x37, 0xB7, 0xAE, 0x1D, 0x2B, 0x23, 0xD1, 0xA3, 0xCA, 
	0xFB, 0xCC, 0x50, 0x74, 0x34, 0xE1, 0xC6, 0xD7, 0x85, 0x32, 0x16, 0xED, 
	0x83, 0x51, 0x4D, 0x44, 0xA4, 0x77, 0x07, 0xDF, 0xDF, 0xCB, 0x58, 0x54, 
	0x0F, 0x46, 0xB5, 0x1B, 0x60, 0x7F, 0x5F, 0xDE, 0x00, 0xFB, 0xC4, 0x8F, 
	0xA9, 0x1A, 0x90, 0x2E, 0x5B, 0x5D, 0xD4, 0xEF, 0x9B, 0x47, 0x19, 0x8D, 
	0x3E, 0x8E, 0xF8, 0xF6, 0x5E, 0xC6, 0xA2, 0xE1, 0x60, 0x94, 0xEA, 0xC1, 
	0xA8, 0x66, 0x7A, 0x30, 0x1A, 0x8A, 0x47, 0x63, 0xF7, 0x2F, 0x9A, 0x17, 
	0x8C, 0x6A, 0xB6, 0x14, 0x8C, 0x5C, 0x8E, 0x06, 0x00, 0x00, 0x5C, 0xAF, 
	0x32, 0x0C, 0xF5, 0x29, 0x83, 0xCC, 0xD6, 0x75, 0x83, 0xD1, 0xA9, 0xD1, 
	0x60, 0x54, 0x6A, 0x1B, 0x8C, 0x32, 0x12, 0x0D, 0x04, 0xA3, 0xD3, 0x58, 
	0x14, 0xC1, 0xE8, 0xF0, 0xD7, 0xD0, 0xF2, 0x18, 0x45, 0x24, 0x5A, 0x20, 
	0x16, 0x4D, 0x0B, 0x46, 0x65, 0x28, 0xEA, 0x8F, 0x45, 0x11, 0x8C, 0x1E, 
	0x63, 0x51, 0x7F, 0x30, 0x2A, 0x63, 0x51, 0x19, 0x8C, 0xF6, 0xB1, 0xE8, 
	0xB2, 0x60, 0x94, 0xAB, 0x8B, 0xD6, 0x09, 0x46, 0xBB, 0x15, 0x45, 0xF3, 
	0x82, 0x51, 0xC6, 0xA1, 0x52, 0xED, 0x72, 0xB4, 0x3E, 0x4F, 0x13, 0x8C, 
	0xCA, 0x58, 0xD4, 0x77, 0x39, 0x5A, 0x4D, 0x6D, 0xC5, 0x51, 0x19, 0x88, 
	0x92, 0x60, 0x04, 0x00, 0x00, 0x50, 0x2A, 0xC3, 0x50, 0x9F, 0x32, 0xC8, 
	0x6C, 0x5D, 0x7F, 0x30, 0x7A, 0xD0, 0x09, 0x20, 0x95, 0x48, 0xD4, 0x3E, 
	0x18, 0x95, 0x41, 0x27, 0x63, 0xCF, 0x63, 0x0C, 0x7A, 0x3C, 0x46, 0xE9, 
	0x10, 0x8A, 0xF6, 0xB6, 0x1D, 0x8B, 0xFA, 0x83, 0xD1, 0x46, 0x56, 0x17, 
	0xBD, 0xAD, 0xAD, 0x2E, 0xBA, 0xFC, 0x72, 0xB4, 0xBA, 0xFE, 0x58, 0x34, 
	0x2D, 0x18, 0x65, 0x28, 0xBA, 0x6C, 0x75, 0x51, 0x7F, 0x30, 0x9A, 0x77, 
	0x49, 0xDA, 0xB4, 0x60, 0x54, 0xC6, 0xA2, 0x25, 0x82, 0xD1, 0xDC, 0xD5, 
	0x45, 0xC7, 0x60, 0x34, 0xED, 0x86, 0xD7, 0x82, 0x11, 0x00, 0x00, 0xF0, 
	0x5C, 0x94, 0x61, 0xA8, 0x4F, 0x19, 0x64, 0xB6, 0xEE, 0xC5, 0xFF, 0xFD, 
	0xF3, 0x7F, 0xB8, 0xFB, 0xEF, 0xBF, 0xF4, 0x47, 0xA3, 0x8C, 0x20, 0x43, 
	0x32, 0xAE, 0x9C, 0x63, 0x1F, 0x8A, 0x4E, 0x42, 0xCF, 0xCE, 0x48, 0x30, 
	0xAA, 0xDD, 0x0F, 0xA9, 0x3C, 0xC6, 0x3E, 0x14, 0xE5, 0x31, 0xF2, 0xD8, 
	0xE7, 0xC5, 0xA2, 0x32, 0x18, 0x65, 0x28, 0x2A, 0x63, 0x51, 0x7F, 0x30, 
	0x2A, 0x43, 0x51, 0x25, 0x18, 0x45, 0x2C, 0xAA, 0x05, 0xA3, 0x32, 0x16, 
	0x95, 0xC1, 0x68, 0x89, 0xD5, 0x45, 0x2E, 0x47, 0x3B, 0x7F, 0x75, 0xD1, 
	0x32, 0xC1, 0x68, 0xDB, 0x97, 0xA3, 0x8D, 0x05, 0xA3, 0xFC, 0x85, 0x0B, 
	0x00, 0x00, 0x70, 0x2D, 0xCA, 0x30, 0xD4, 0xA7, 0x0C, 0x32, 0x5B, 0xF7, 
	0xE2, 0xFF, 0x7A, 0x0C, 0x46, 0xA7, 0xCE, 0x8B, 0x46, 0x19, 0x58, 0x16, 
	0x33, 0x10, 0x8C, 0x8A, 0x6D, 0x1F, 0x74, 0x62, 0x51, 0xCF, 0x31, 0xF2, 
	0xB1, 0x32, 0x16, 0x1D, 0x6F, 0xD0, 0x5D, 0x06, 0xA2, 0x7E, 0xFB, 0x1B, 
	0x5F, 0x8F, 0xDD, 0xFC, 0xBA, 0x0C, 0x45, 0x93, 0x63, 0x51, 0x71, 0x39, 
	0x5A, 0xE5, 0x66, 0xD8, 0xD5, 0xD5, 0x46, 0xE5, 0xEA, 0xA2, 0x8C, 0x48, 
	0x19, 0x8B, 0xCA, 0x60, 0x54, 0x8B, 0x45, 0x7D, 0x4E, 0x02, 0x52, 0x83, 
	0x60, 0xD4, 0x55, 0x5B, 0x5D, 0xD4, 0x17, 0x8C, 0x8E, 0xBE, 0x79, 0x75, 
	0x50, 0xC6, 0xA2, 0xDA, 0xE5, 0x68, 0x69, 0x38, 0x18, 0xD5, 0x64, 0x2C, 
	0xFA, 0xF0, 0xE0, 0x21, 0x18, 0xBD, 0x3C, 0xF5, 0xEE, 0xDE, 0x68, 0x30, 
	0x7A, 0xF9, 0xB6, 0xE3, 0xED, 0xA0, 0x75, 0x82, 0xD1, 0xDE, 0xCB, 0x7B, 
	0x19, 0x8D, 0x3E, 0x2F, 0x94, 0xBF, 0x84, 0x01, 0x00, 0x00, 0xB6, 0xA8, 
	0x0C, 0x43, 0x7D, 0xCA, 0x20, 0xB3, 0x75, 0xF7, 0xC1, 0xE8, 0xFF, 0xFE, 
	0xE5, 0x3F, 0x76, 0x64, 0x40, 0xFA, 0xDD, 0xBB, 0x1F, 0x8B, 0x38, 0xD4, 
	0x27, 0xC3, 0x4D, 0xDD, 0x6E, 0xBB, 0x83, 0x7C, 0xAE, 0xA2, 0x16, 0x7B, 
	0x72, 0x9B, 0x31, 0x19, 0x85, 0xFA, 0x74, 0xF6, 0x3B, 0xFE, 0x35, 0xB7, 
	0x8C, 0x42, 0x43, 0xC6, 0x83, 0xD1, 0x8F, 0x97, 0x05, 0xA3, 0x88, 0x45, 
	0x65, 0x30, 0x2A, 0x63, 0x51, 0x3D, 0x18, 0x95, 0xAB, 0x8E, 0x86, 0x63, 
	0x51, 0xDF, 0xEA, 0xA2, 0x3E, 0xF5, 0x58, 0x34, 0x3D, 0x18, 0x4D, 0x8D, 
	0x45, 0x7D, 0xC1, 0xA8, 0x0C, 0x44, 0xF5, 0x58, 0x54, 0x0F, 0x46, 0x19, 
	0x87, 0x6A, 0x96, 0x09, 0x46, 0x27, 0x2B, 0x8C, 0x22, 0x18, 0x8D, 0xC7, 
	0xA2, 0x39, 0xC1, 0xE8, 0xCD, 0x8A, 0xC1, 0x68, 0x1F, 0x8B, 0x04, 0x23, 
	0x00, 0x00, 0xE0, 0x96, 0x94, 0x61, 0xA8, 0x4F, 0x19, 0x64, 0xB6, 0xAE, 
	0x1A, 0x8C, 0xD2, 0x3E, 0x18, 0x4D, 0x8B, 0x46, 0xDD, 0x18, 0x34, 0x45, 
	0x46, 0x9A, 0x8A, 0x6A, 0xCC, 0x99, 0x29, 0xC3, 0x50, 0x4D, 0xEE, 0x33, 
	0x73, 0x65, 0xD1, 0x36, 0x62, 0x51, 0x3D, 0x18, 0x95, 0xB1, 0xA8, 0xF5, 
	0xEA, 0xA2, 0xFE, 0x60, 0x54, 0x86, 0xA1, 0x3E, 0xD3, 0x83, 0x51, 0x19, 
	0x8B, 0xDA, 0x07, 0xA3, 0x8C, 0x45, 0xCB, 0x06, 0xA3, 0xA9, 0xAB, 0x8B, 
	0xBA, 0xC1, 0xA8, 0x8C, 0x44, 0x63, 0xC1, 0xA8, 0x0C, 0x44, 0xE9, 0x69, 
	0x83, 0x51, 0xF9, 0x0B, 0x18, 0x00, 0x00, 0x60, 0xAB, 0xCA, 0x30, 0xD4, 
	0xA7, 0x0C, 0x32, 0x5B, 0x37, 0x29, 0x18, 0x1D, 0x22, 0x47, 0xC6, 0x8F, 
	0x8C, 0x45, 0x53, 0x94, 0xC1, 0x68, 0x62, 0x34, 0xBA, 0x54, 0xC6, 0xA1, 
	0x13, 0x87, 0xD8, 0x93, 0xFB, 0x64, 0x0C, 0x1A, 0x33, 0x1E, 0x8B, 0xF6, 
	0xC1, 0x28, 0x43, 0xD1, 0xE4, 0x58, 0x54, 0x09, 0x46, 0x53, 0x62, 0x51, 
	0x3D, 0x18, 0x9D, 0xB1, 0xBA, 0x68, 0x56, 0x30, 0x72, 0x39, 0x5A, 0xDD, 
	0xBA, 0xC1, 0x68, 0xEE, 0xEA, 0xA2, 0x63, 0x30, 0x3A, 0xFF, 0x86, 0xD7, 
	0x82, 0x11, 0x00, 0x00, 0x70, 0xAB, 0xCA, 0x30, 0xD4, 0xA7, 0x0C, 0x32, 
	0x5B, 0x77, 0x51, 0x30, 0x5A, 0x2E, 0x1A, 0x95, 0xB1, 0x66, 0x6F, 0xEC, 
	0xF9, 0x99, 0x1E, 0x23, 0xD1, 0x4F, 0x0F, 0xBA, 0xC1, 0xE7, 0x74, 0xDB, 
	0x8C, 0x41, 0x8F, 0x76, 0xFB, 0x54, 0x4C, 0x8B, 0x45, 0x79, 0xD3, 0xEB, 
	0x93, 0x9B, 0x5F, 0xBF, 0xED, 0xAA, 0x06, 0xA3, 0xCA, 0xEA, 0xA2, 0x6E, 
	0x50, 0xFA, 0xFE, 0x5E, 0x19, 0x8B, 0xC6, 0x1D, 0x6F, 0x7E, 0xDD, 0x7F, 
	0x03, 0xEC, 0xE9, 0xB1, 0xE8, 0x64, 0x75, 0xD1, 0x04, 0xDF, 0xBD, 0xF9, 
	0xB6, 0xE2, 0x9B, 0x47, 0x9F, 0x46, 0x95, 0xC1, 0x68, 0xFF, 0x17, 0xD3, 
	0x8E, 0xFA, 0x63, 0x51, 0x5F, 0x30, 0xDA, 0xAD, 0x30, 0x4A, 0xC3, 0xC1, 
	0x68, 0x4C, 0x3D, 0x16, 0xF5, 0xDD, 0xBF, 0x68, 0xEF, 0x78, 0x03, 0xEC, 
	0xFA, 0x4D, 0xB0, 0xA7, 0x5F, 0x8E, 0x56, 0x0F, 0x46, 0xE9, 0x75, 0x44, 
	0xA4, 0x65, 0x56, 0x17, 0x09, 0x46, 0x00, 0x00, 0xC0, 0x6D, 0x2A, 0xC3, 
	0x50, 0x9F, 0x32, 0xC8, 0x6C, 0xDD, 0x8B, 0xFF, 0xF3, 0xA7, 0x7F, 0xBE, 
	0xDB, 0x45, 0xA3, 0xFF, 0xEB, 0xE7, 0x32, 0x14, 0x95, 0xC1, 0xA8, 0x8C, 
	0x46, 0x19, 0x83, 0xA6, 0xE8, 0x0B, 0x46, 0xFD, 0xCF, 0x2F, 0x14, 0x8D, 
	0x3A, 0xB1, 0x68, 0xF7, 0x5A, 0xF5, 0x60, 0x94, 0x8F, 0x8F, 0x05, 0xA3, 
	0xA9, 0xB1, 0xA8, 0x37, 0x18, 0x45, 0x2C, 0x3A, 0x06, 0xA3, 0x39, 0xB1, 
	0x68, 0x1F, 0x8C, 0x32, 0x16, 0xCD, 0x0F, 0x46, 0x65, 0x28, 0xDA, 0x3B, 
	0x73, 0x75, 0xD1, 0x88, 0x32, 0x14, 0xCD, 0x0F, 0x46, 0x65, 0x2C, 0xBA, 
	0x3C, 0x18, 0x95, 0xB1, 0xA8, 0x2F, 0x18, 0x95, 0x61, 0xA8, 0x4F, 0x3D, 
	0x18, 0xD5, 0x56, 0x17, 0xD5, 0x62, 0xD1, 0xA5, 0xC1, 0xA8, 0x76, 0x39, 
	0x5A, 0xA9, 0x4D, 0x30, 0x9A, 0x1A, 0x8B, 0x04, 0x23, 0x00, 0x00, 0xE0, 
	0xBA, 0x94, 0x61, 0xA8, 0x4F, 0x19, 0x64, 0xB6, 0xEE, 0x24, 0x18, 0xA5, 
	0xBE, 0x68, 0xB4, 0x4C, 0x30, 0xCA, 0xC7, 0xF2, 0xF9, 0x52, 0x37, 0xE8, 
	0x1C, 0xFF, 0xBB, 0x7C, 0xBE, 0xDC, 0xE6, 0x61, 0xBB, 0x9E, 0x50, 0x74, 
	0x1A, 0x8C, 0xF2, 0xB1, 0xC2, 0x1A, 0xB1, 0x68, 0x52, 0x30, 0x2A, 0x43, 
	0xD1, 0xFC, 0x58, 0xD4, 0x1F, 0x8C, 0xA6, 0xC7, 0xA2, 0x65, 0x57, 0x17, 
	0x8D, 0x07, 0xA3, 0xDA, 0xEA, 0xA2, 0x6E, 0x30, 0xCA, 0x58, 0x34, 0x7E, 
	0x39, 0x5A, 0x86, 0xA2, 0x32, 0x18, 0xCD, 0x5D, 0x5D, 0xD4, 0x22, 0x18, 
	0xCD, 0xBD, 0x1C, 0x4D, 0x30, 0x02, 0x00, 0x00, 0x58, 0x56, 0x19, 0x86, 
	0xFA, 0x94, 0x41, 0x66, 0xEB, 0x06, 0x82, 0x51, 0xD7, 0x6F, 0xDF, 0xFE, 
	0x78, 0xE2, 0xA7, 0xBD, 0x4A, 0xEC, 0x39, 0x78, 0xDC, 0xE6, 0x6D, 0xF9, 
	0xDC, 0x14, 0x19, 0x8C, 0x32, 0xDC, 0xE4, 0xF3, 0xB5, 0xD5, 0x41, 0x45, 
	0x54, 0x1A, 0x88, 0x45, 0x93, 0x55, 0x62, 0x51, 0xBE, 0xF7, 0x0C, 0x45, 
	0x7D, 0x32, 0x14, 0x75, 0x2F, 0x45, 0x3B, 0xB1, 0xBB, 0xC7, 0xD1, 0xA3, 
	0x5A, 0x2C, 0xEA, 0x0F, 0x46, 0x29, 0x63, 0xD1, 0xB4, 0xD5, 0x45, 0xBB, 
	0x60, 0x54, 0x53, 0x0B, 0x48, 0x4B, 0xAC, 0x2E, 0xAA, 0xE9, 0x8B, 0x47, 
	0xB5, 0x60, 0x34, 0xBC, 0xBA, 0xE8, 0xDB, 0x57, 0xA7, 0xCA, 0x58, 0xD4, 
	0x22, 0x18, 0x65, 0x2C, 0x9A, 0x1F, 0x8C, 0x6A, 0xAB, 0x8B, 0xE6, 0x05, 
	0xA3, 0x8C, 0x43, 0x29, 0x63, 0xD1, 0x7D, 0x30, 0xBA, 0x57, 0x86, 0xA1, 
	0x3E, 0x2F, 0xAB, 0x5E, 0x3E, 0xFA, 0x22, 0x75, 0x02, 0x52, 0xF9, 0xCB, 
	0x17, 0x00, 0x00, 0x60, 0xCB, 0xCA, 0x30, 0xD4, 0xA7, 0x0C, 0x32, 0x5B, 
	0x77, 0x66, 0x30, 0x9A, 0x27, 0x83, 0xCA, 0x14, 0xFB, 0x48, 0x74, 0xAA, 
	0x1B, 0x66, 0x32, 0x18, 0x1D, 0xB7, 0x39, 0x1A, 0x0A, 0x4E, 0x67, 0xAB, 
	0xAC, 0x2C, 0x3A, 0x7D, 0x5F, 0x19, 0x85, 0xFA, 0x64, 0x28, 0xEA, 0x0D, 
	0x46, 0x4F, 0x16, 0x8B, 0xFA, 0x83, 0x51, 0x19, 0x8A, 0x86, 0x56, 0x1C, 
	0x4D, 0x8B, 0x45, 0xCB, 0x04, 0xA3, 0x5A, 0x2C, 0xBA, 0x3C, 0x18, 0x95, 
	0xA1, 0xA8, 0x1B, 0x8B, 0x96, 0x08, 0x46, 0x63, 0xB1, 0x68, 0x5A, 0x30, 
	0x9A, 0x7A, 0x39, 0xDA, 0x79, 0xC1, 0x68, 0x1F, 0x8B, 0xA6, 0x07, 0xA3, 
	0x32, 0x14, 0x09, 0x46, 0x00, 0x00, 0xC0, 0x6D, 0x2B, 0xC3, 0x50, 0x9F, 
	0x32, 0xC8, 0x6C, 0xDD, 0x8B, 0xFF, 0xF6, 0x53, 0x19, 0x87, 0x6A, 0x32, 
	0x02, 0xCD, 0x91, 0x31, 0x68, 0x09, 0xDD, 0x50, 0x74, 0x70, 0x1A, 0x77, 
	0xA6, 0xC4, 0xA2, 0xA1, 0xE7, 0x7A, 0x54, 0x2E, 0x43, 0x3B, 0xBC, 0x7E, 
	0x46, 0xA1, 0x7E, 0x65, 0x28, 0xAA, 0xC6, 0xA2, 0x4E, 0x30, 0xEA, 0xBF, 
	0x14, 0xED, 0xDC, 0x60, 0x34, 0x25, 0x16, 0x4D, 0x09, 0x46, 0x19, 0x8B, 
	0xB6, 0x14, 0x8C, 0x8A, 0x58, 0xD4, 0x09, 0x46, 0x5F, 0x9D, 0x15, 0x8C, 
	0xE6, 0xC6, 0xA2, 0x73, 0x82, 0xD1, 0xDC, 0xCB, 0xD1, 0xAE, 0x21, 0x18, 
	0x0D, 0xC7, 0x22, 0x97, 0xA3, 0x01, 0x00, 0x00, 0xD7, 0xA7, 0x0C, 0x43, 
	0x7D, 0xCA, 0x20, 0xB3, 0x75, 0xF7, 0xC1, 0xE8, 0xFF, 0xFC, 0xB9, 0x2B, 
	0x63, 0x51, 0xCB, 0x60, 0x94, 0xD1, 0xE5, 0x32, 0x87, 0x08, 0x74, 0xFA, 
	0xDF, 0x7D, 0xA6, 0x6E, 0xD3, 0x7D, 0x2C, 0x63, 0xD1, 0xE1, 0xBD, 0x97, 
	0x51, 0xA8, 0x5F, 0x86, 0xA2, 0xF3, 0x63, 0xD1, 0x36, 0x57, 0x17, 0x4D, 
	0x09, 0x46, 0x65, 0x10, 0x1A, 0x52, 0x8B, 0x45, 0x19, 0x89, 0xCA, 0x58, 
	0x54, 0x0D, 0x46, 0x23, 0xAB, 0x8B, 0xB6, 0x19, 0x8C, 0x6A, 0xAB, 0x8B, 
	0xE6, 0x5D, 0x8E, 0xB6, 0x5E, 0x30, 0x9A, 0xBA, 0xBA, 0x48, 0x30, 0x02, 
	0x00, 0x00, 0xAE, 0x4F, 0x19, 0x86, 0xFA, 0x94, 0x41, 0x66, 0xEB, 0x5E, 
	0xFC, 0xB7, 0x9F, 0xFE, 0xF9, 0xEE, 0xFF, 0xFC, 0xF9, 0xA0, 0x8C, 0x47, 
	0x07, 0x87, 0xB0, 0x91, 0x31, 0x68, 0x92, 0x4A, 0x34, 0x49, 0x65, 0xFC, 
	0xB9, 0x44, 0x86, 0x9F, 0x8C, 0x40, 0x63, 0xDB, 0xD6, 0xB7, 0xA9, 0xC5, 
	0xA2, 0xB9, 0x7E, 0xDD, 0xAD, 0x2E, 0x9A, 0xED, 0x87, 0x7B, 0xC5, 0x4D, 
	0xAF, 0xDF, 0xFD, 0x70, 0xF7, 0x4B, 0xD5, 0xF7, 0x85, 0x9F, 0xDF, 0xFE, 
	0x50, 0x04, 0xA3, 0xA3, 0xEF, 0xEE, 0x65, 0x2C, 0x9A, 0x12, 0x8C, 0xCA, 
	0x1B, 0x5E, 0xA7, 0x32, 0x16, 0x2D, 0x15, 0x8C, 0x3E, 0xBD, 0xEE, 0x2A, 
	0xE3, 0xD1, 0x37, 0x77, 0xDF, 0xDE, 0xAB, 0x84, 0xA3, 0x7B, 0x5F, 0xDD, 
	0x7D, 0x33, 0x41, 0xFF, 0xE5, 0x68, 0x35, 0xE3, 0xB1, 0xE8, 0xCB, 0xFB, 
	0xC7, 0x8E, 0x8F, 0x67, 0x2C, 0x9A, 0x1E, 0x8C, 0x6A, 0x6A, 0x01, 0xA9, 
	0x8C, 0x43, 0x69, 0x1F, 0x8B, 0xCA, 0x7B, 0x18, 0xF5, 0xDB, 0x45, 0xA2, 
	0xD3, 0xA8, 0xF4, 0xBA, 0x12, 0x8B, 0x04, 0x23, 0x00, 0x00, 0xE0, 0xB6, 
	0x95, 0x61, 0xA8, 0x4F, 0x19, 0x64, 0xB6, 0x2E, 0x82, 0x51, 0x4D, 0x37, 
	0x18, 0xD5, 0x14, 0x81, 0x28, 0x75, 0xA2, 0xC9, 0xE1, 0xAF, 0xAD, 0x75, 
	0x95, 0x91, 0xE6, 0xE8, 0xB0, 0x6F, 0x3E, 0x5E, 0x97, 0xF1, 0x67, 0x28, 
	0x04, 0x75, 0xB7, 0xAF, 0xDD, 0xC0, 0xFA, 0xB0, 0xCD, 0x16, 0x63, 0xD1, 
	0xD4, 0x60, 0xB4, 0x8F, 0x45, 0xC3, 0xC1, 0x28, 0x43, 0xD1, 0x94, 0x58, 
	0x74, 0x6E, 0x30, 0x2A, 0x83, 0xD0, 0x90, 0x9E, 0x58, 0x34, 0x21, 0x18, 
	0xED, 0x63, 0x51, 0x5F, 0x30, 0xFA, 0x6A, 0x52, 0x30, 0xEA, 0x5F, 0x5D, 
	0xD4, 0x67, 0x6A, 0x30, 0x3A, 0x59, 0x6D, 0x34, 0x18, 0x8B, 0xE6, 0x04, 
	0xA3, 0xBE, 0x15, 0x47, 0x65, 0x20, 0x4A, 0xF3, 0x62, 0x51, 0x8B, 0x60, 
	0x54, 0xFE, 0xE2, 0x05, 0x00, 0x00, 0xD8, 0xBA, 0x32, 0x0C, 0xF5, 0x29, 
	0x83, 0xCC, 0xD6, 0x4D, 0x08, 0x46, 0x47, 0xBF, 0xBE, 0xFD, 0xA1, 0xAA, 
	0x08, 0x44, 0x35, 0x95, 0x48, 0x34, 0x14, 0x8C, 0x32, 0xB6, 0xEC, 0xE4, 
	0x36, 0xB9, 0x6D, 0x19, 0x88, 0x8E, 0xA1, 0xA8, 0xFF, 0x18, 0xC7, 0x58, 
	0x54, 0x7B, 0x7E, 0xBF, 0xDF, 0xBA, 0xB1, 0xA8, 0x2F, 0x18, 0x95, 0xA1, 
	0xE8, 0xBC, 0x58, 0x54, 0x0B, 0x46, 0x65, 0x28, 0x2A, 0x83, 0x51, 0x19, 
	0x87, 0x52, 0x19, 0x8B, 0x16, 0x0B, 0x46, 0x23, 0xB1, 0x68, 0xB9, 0xD5, 
	0x45, 0x73, 0x82, 0x51, 0x19, 0x8B, 0x5A, 0x04, 0xA3, 0x32, 0x14, 0x0D, 
	0x05, 0xA3, 0xF3, 0x2E, 0x47, 0x1B, 0x36, 0x35, 0x16, 0x09, 0x46, 0x00, 
	0x00, 0xC0, 0x6D, 0x2B, 0xC3, 0x50, 0x9F, 0x32, 0xC8, 0x6C, 0xDD, 0x8B, 
	0xFF, 0xFA, 0xD3, 0x3F, 0xDF, 0xFD, 0xB7, 0x4A, 0x1C, 0xAA, 0xC9, 0x50, 
	0xB4, 0x64, 0x30, 0xCA, 0xC0, 0x52, 0x1A, 0x8F, 0x4A, 0x43, 0xA1, 0xE8, 
	0xB8, 0x4D, 0x1E, 0xA3, 0x0C, 0x41, 0xE5, 0xF1, 0xCB, 0x6D, 0xE6, 0x28, 
	0x43, 0xD0, 0x14, 0x97, 0xC7, 0xA2, 0x96, 0x97, 0xA2, 0x9D, 0x1B, 0x8C, 
	0xCA, 0x20, 0x34, 0xE6, 0xBC, 0x60, 0xB4, 0xC4, 0xEA, 0xA2, 0x7D, 0x30, 
	0x6A, 0x7B, 0x39, 0xDA, 0x78, 0x30, 0x9A, 0xBA, 0xBA, 0xE8, 0x18, 0x8C, 
	0xE6, 0xAE, 0x2E, 0x6A, 0x17, 0x8C, 0xA6, 0xC6, 0x22, 0x97, 0xA3, 0x01, 
	0x00, 0x00, 0xD7, 0xA9, 0x0C, 0x43, 0x7D, 0xCA, 0x20, 0xB3, 0x75, 0x8F, 
	0xC1, 0xA8, 0xCF, 0xBA, 0xC1, 0xA8, 0xBB, 0x4D, 0x19, 0x72, 0x4A, 0x87, 
	0x50, 0xD4, 0xB7, 0xDD, 0x50, 0x70, 0x3A, 0xDD, 0x26, 0x1F, 0x3B, 0xD7, 
	0x31, 0x00, 0xED, 0xFE, 0x3D, 0x65, 0x24, 0x2A, 0x83, 0x51, 0x86, 0xA2, 
	0x3E, 0x19, 0x8A, 0xA6, 0xAD, 0x2E, 0xDA, 0xEB, 0xDE, 0xFC, 0xBA, 0x7E, 
	0x03, 0xEC, 0x1F, 0xEF, 0x7D, 0x7A, 0xF4, 0x43, 0xCD, 0x48, 0x2C, 0xEA, 
	0xF7, 0x6D, 0xC7, 0xDC, 0x58, 0x54, 0x0B, 0x46, 0x7B, 0x03, 0x37, 0xBF, 
	0x7E, 0xFD, 0xF5, 0xDD, 0x37, 0x1D, 0xB5, 0x58, 0x54, 0x06, 0xA3, 0xE1, 
	0x78, 0x54, 0x0B, 0x46, 0xC3, 0x3E, 0xBC, 0x3C, 0x55, 0xC6, 0xA3, 0x0F, 
	0x17, 0x07, 0xA3, 0xB7, 0x77, 0x6F, 0xBF, 0xE8, 0xBA, 0x2C, 0x16, 0x09, 
	0x46, 0x00, 0x00, 0x00, 0x07, 0x65, 0x18, 0xEA, 0x53, 0x06, 0x99, 0xAD, 
	0x1B, 0x0D, 0x46, 0xA7, 0x32, 0x14, 0x1D, 0x95, 0xF7, 0x35, 0x4A, 0x19, 
	0x7F, 0xEA, 0x76, 0x91, 0x25, 0x1F, 0x7B, 0xF0, 0xB6, 0x8C, 0x31, 0x35, 
	0x63, 0xB1, 0x67, 0xEC, 0xF9, 0x73, 0xEC, 0xE2, 0x4F, 0x3E, 0xB6, 0x7F, 
	0xFC, 0x34, 0x00, 0xB5, 0x8B, 0x45, 0xB5, 0x60, 0xD4, 0x32, 0x16, 0xB5, 
	0x0C, 0x46, 0x4B, 0xAC, 0x2E, 0x9A, 0x12, 0x8C, 0xBA, 0xB1, 0xA8, 0x2F, 
	0x18, 0x95, 0x91, 0xA8, 0x3F, 0x18, 0x95, 0xB1, 0x68, 0x5E, 0x30, 0xCA, 
	0x50, 0x74, 0x58, 0x6D, 0x34, 0x2F, 0x16, 0xB5, 0x0F, 0x46, 0x65, 0x2C, 
	0xBA, 0x3C, 0x18, 0x95, 0xBF, 0x74, 0x01, 0x00, 0x00, 0xAE, 0x41, 0x19, 
	0x86, 0xFA, 0x94, 0x41, 0x66, 0xEB, 0x5E, 0xFC, 0xD7, 0x9F, 0xFE, 0xFD, 
	0xDD, 0x7F, 0xFB, 0x39, 0x95, 0xB1, 0x68, 0x38, 0x18, 0x8D, 0x47, 0xA3, 
	0x22, 0x00, 0x4D, 0xB1, 0x8B, 0x44, 0xA7, 0x2A, 0x51, 0x66, 0x6D, 0x87, 
	0x00, 0x54, 0x3E, 0x9E, 0x11, 0xE8, 0x34, 0x1A, 0xE5, 0xE3, 0x65, 0x2C, 
	0x9A, 0x13, 0x8C, 0x32, 0x16, 0x8D, 0x5F, 0x8A, 0xD6, 0x17, 0x8B, 0xFA, 
	0x82, 0x51, 0xCB, 0x58, 0xD4, 0x17, 0x8C, 0xA6, 0xC5, 0xA2, 0x56, 0xC1, 
	0x68, 0x6C, 0x75, 0xD1, 0x94, 0x60, 0x94, 0x71, 0xA8, 0x66, 0x38, 0x18, 
	0xCD, 0x5F, 0x5D, 0xB4, 0x46, 0x30, 0x2A, 0x43, 0x91, 0x60, 0x04, 0x00, 
	0x00, 0x3C, 0x0F, 0x65, 0x18, 0xEA, 0x53, 0x06, 0x99, 0xAD, 0x7B, 0xF1, 
	0x5F, 0x7E, 0xCC, 0x58, 0xD4, 0xAF, 0x8C, 0x44, 0x63, 0xC1, 0xE8, 0xF8, 
	0x7C, 0x11, 0x83, 0x6A, 0x32, 0x10, 0xA5, 0x4A, 0x98, 0x79, 0x0A, 0x65, 
	0x10, 0xDA, 0xBD, 0xDF, 0xEE, 0x8A, 0xA1, 0xCE, 0xF6, 0x87, 0xCF, 0x5F, 
	0xC4, 0xA0, 0xA7, 0x8C, 0x45, 0xE7, 0x04, 0xA3, 0x5A, 0x2C, 0x9A, 0x10, 
	0x8C, 0x26, 0xDC, 0xBB, 0xA8, 0x5F, 0x2D, 0x16, 0x4D, 0x0F, 0x46, 0x65, 
	0x24, 0xBA, 0x3C, 0x16, 0x4D, 0x09, 0x46, 0xB7, 0x75, 0x39, 0x5A, 0x8B, 
	0x60, 0x34, 0x35, 0x16, 0xB9, 0x1C, 0x0D, 0x00, 0x00, 0xB8, 0x5E, 0x65, 
	0x18, 0xEA, 0x53, 0x06, 0x99, 0xAD, 0xBB, 0x0F, 0x46, 0xBB, 0xCB, 0xD2, 
	0x52, 0xC6, 0xA2, 0xF1, 0x60, 0x34, 0x2C, 0xE3, 0x50, 0x19, 0x97, 0x26, 
	0x04, 0xA3, 0x06, 0xD1, 0xE8, 0xD7, 0x81, 0x63, 0xD6, 0x83, 0xD0, 0xC3, 
	0xFB, 0xEF, 0x79, 0xBE, 0xF3, 0x99, 0x8A, 0x20, 0x34, 0xCD, 0x6F, 0x0A, 
	0x65, 0x28, 0xDA, 0xC7, 0xA2, 0x4A, 0x30, 0x7A, 0xFB, 0xC3, 0x83, 0xDD, 
	0xBF, 0xEF, 0x65, 0x28, 0x9A, 0x1A, 0x8B, 0x8E, 0xC1, 0xA8, 0xE6, 0x24, 
	0x20, 0x9D, 0x1D, 0x8B, 0x86, 0x82, 0x51, 0xCD, 0x2E, 0x12, 0x7D, 0xDB, 
	0x51, 0x86, 0xA2, 0xF1, 0x60, 0x94, 0x32, 0x16, 0x3D, 0xD9, 0xE5, 0x68, 
	0x8F, 0xDE, 0x57, 0xBD, 0x7F, 0xF5, 0xAE, 0x50, 0x86, 0xA2, 0xA7, 0x5C, 
	0x5D, 0x54, 0x0F, 0x46, 0xAF, 0xEE, 0x1F, 0x3B, 0xCA, 0x78, 0xF4, 0xC5, 
	0x23, 0xC1, 0x08, 0x00, 0x00, 0xB8, 0x2D, 0x65, 0x18, 0xEA, 0x53, 0x06, 
	0x99, 0xAD, 0xEB, 0x0D, 0x46, 0x7D, 0x7E, 0xF3, 0xE6, 0x87, 0xBD, 0xB7, 
	0x5D, 0x19, 0x7F, 0xCE, 0x51, 0xC4, 0xA1, 0x47, 0xFB, 0x1B, 0x67, 0xDF, 
	0x6F, 0x53, 0x09, 0x3B, 0xFD, 0x0E, 0x81, 0x2A, 0x1F, 0x3F, 0xC4, 0x9D, 
	0xFE, 0x60, 0x54, 0x0F, 0x42, 0x87, 0x58, 0x54, 0x0F, 0x46, 0xF9, 0x79, 
	0x32, 0x04, 0x4D, 0x31, 0x35, 0x16, 0xF5, 0xAD, 0x2E, 0x9A, 0x12, 0x8B, 
	0xA6, 0x06, 0xA3, 0x32, 0x12, 0x95, 0xC1, 0xA8, 0xCD, 0xEA, 0xA2, 0x9A, 
	0x5A, 0x2C, 0xEA, 0x0B, 0x46, 0xD3, 0x63, 0x51, 0xED, 0xAF, 0xA5, 0x8D, 
	0xAD, 0x2E, 0x9A, 0x12, 0x8C, 0x32, 0x0E, 0xD5, 0x0C, 0x07, 0xA3, 0xA9, 
	0xB1, 0xE8, 0x29, 0x83, 0x51, 0x2D, 0x16, 0x5D, 0x1A, 0x8C, 0xCA, 0x5F, 
	0xB8, 0x00, 0x00, 0x00, 0xD7, 0xA2, 0x0C, 0x43, 0x7D, 0xCA, 0x20, 0xB3, 
	0x75, 0x1B, 0x0E, 0x46, 0xC7, 0x48, 0xD4, 0xD9, 0xA6, 0x12, 0x77, 0x4A, 
	0x79, 0xB9, 0x5B, 0xC4, 0xA0, 0x87, 0x50, 0xB4, 0x57, 0x79, 0xBE, 0x70, 
	0x1A, 0x8A, 0x0E, 0x62, 0x9B, 0xCA, 0x7B, 0xCD, 0x18, 0x34, 0x66, 0x99, 
	0x58, 0x34, 0x1E, 0x8C, 0x96, 0x8A, 0x45, 0x65, 0x30, 0xCA, 0x20, 0x34, 
	0x66, 0xFD, 0x60, 0x94, 0xB1, 0x68, 0x4A, 0x30, 0x1A, 0x8B, 0x45, 0x53, 
	0x82, 0xD1, 0x31, 0x16, 0x2D, 0x17, 0x8C, 0xC6, 0x62, 0xD1, 0xDB, 0x88, 
	0x45, 0xCB, 0x04, 0xA3, 0xA9, 0xB1, 0x48, 0x30, 0x02, 0x00, 0x00, 0x6E, 
	0x4F, 0x19, 0x86, 0xFA, 0x94, 0x41, 0x66, 0xEB, 0x5E, 0xFC, 0x97, 0x1F, 
	0xFF, 0x5D, 0x11, 0x85, 0x86, 0xB4, 0x0D, 0x46, 0xE5, 0x63, 0x29, 0xE3, 
	0x4E, 0x37, 0xF2, 0xEC, 0xC3, 0x4B, 0x5F, 0x30, 0xEA, 0x86, 0xA2, 0x6E, 
	0xE4, 0xA9, 0x87, 0xA2, 0xE3, 0x31, 0x4B, 0x23, 0xB1, 0x68, 0xA7, 0xD8, 
	0x27, 0xED, 0xEE, 0x57, 0xB4, 0xFF, 0xF7, 0x43, 0x24, 0xEA, 0x3E, 0x57, 
	0x86, 0xA2, 0x7D, 0x2C, 0xAA, 0x78, 0x8C, 0x45, 0x47, 0xC7, 0x7B, 0x19, 
	0x0D, 0xDD, 0xCF, 0xA8, 0x8C, 0x45, 0xC3, 0xC1, 0xA8, 0x2F, 0x16, 0xD5, 
	0x95, 0x91, 0xE8, 0x9C, 0x58, 0xF4, 0xED, 0xDD, 0xA7, 0xAA, 0xEE, 0xFD, 
	0x8D, 0x3E, 0x3E, 0xFA, 0xFA, 0x5E, 0xC6, 0xA1, 0x9A, 0x7A, 0x2C, 0xEA, 
	0x33, 0x3D, 0x18, 0xA5, 0xFE, 0x60, 0x94, 0xA1, 0xE8, 0x70, 0x39, 0x5A, 
	0x45, 0xF5, 0x7E, 0x46, 0xE7, 0xAF, 0x2E, 0xAA, 0x19, 0x0E, 0x48, 0x0B, 
	0x04, 0x23, 0x97, 0xA3, 0x01, 0x00, 0x00, 0x37, 0xA4, 0x0C, 0x43, 0x7D, 
	0xCA, 0x20, 0xB3, 0x75, 0x2F, 0xFE, 0xF3, 0x8F, 0xFF, 0xEE, 0xEE, 0xBF, 
	0xFC, 0xF4, 0xEF, 0x1F, 0xED, 0xFE, 0x6A, 0xDA, 0xD1, 0xD3, 0x06, 0xA3, 
	0x29, 0xCA, 0x48, 0x54, 0x46, 0x9D, 0x0C, 0x46, 0x43, 0xA1, 0xE8, 0x51, 
	0x11, 0x8A, 0xCA, 0xE3, 0x56, 0xE5, 0x71, 0x1E, 0xFC, 0xE6, 0xFE, 0x98, 
	0x43, 0x0E, 0x37, 0xB8, 0xEE, 0xAE, 0x2A, 0x3A, 0x7D, 0x3E, 0x43, 0xD1, 
	0xF2, 0xB1, 0x68, 0xC9, 0xD5, 0x45, 0x75, 0x65, 0x28, 0x3A, 0x27, 0x18, 
	0xED, 0x82, 0x50, 0xC6, 0xA2, 0xBE, 0x60, 0xB4, 0x8F, 0x45, 0xD3, 0x82, 
	0x51, 0xDF, 0xEA, 0xA2, 0x9A, 0x5A, 0x2C, 0x9A, 0x16, 0x8C, 0x32, 0x16, 
	0x9D, 0x15, 0x8C, 0x5E, 0x76, 0x83, 0x51, 0xAE, 0x2E, 0x5A, 0x22, 0x18, 
	0x0D, 0xDF, 0x00, 0xBB, 0x16, 0x8B, 0xE6, 0x04, 0xA3, 0xDA, 0xEA, 0x22, 
	0xC1, 0x08, 0x00, 0x00, 0xB8, 0x6E, 0x65, 0x18, 0xEA, 0x53, 0x06, 0x99, 
	0xAD, 0x2B, 0x82, 0xD1, 0x98, 0xBE, 0x60, 0xB4, 0x8F, 0x46, 0x5D, 0xE5, 
	0xF3, 0x65, 0x58, 0x99, 0x2B, 0x57, 0x13, 0xD5, 0x1C, 0x43, 0xD1, 0xC1, 
	0x40, 0x28, 0x3A, 0x98, 0x19, 0x8A, 0xEE, 0x83, 0x50, 0x8F, 0xDD, 0x73, 
	0x53, 0x83, 0x51, 0x5E, 0x86, 0x76, 0x78, 0x2E, 0x43, 0xD1, 0x9C, 0x58, 
	0x34, 0x3D, 0x18, 0xDD, 0x5A, 0x2C, 0xBA, 0x6C, 0x75, 0xD1, 0xFC, 0x60, 
	0x54, 0xC6, 0xA1, 0x9A, 0xFE, 0x58, 0x34, 0x27, 0x18, 0xD5, 0x56, 0x17, 
	0x5D, 0x76, 0x39, 0x5A, 0x9A, 0x1F, 0x8C, 0xBA, 0xB1, 0x68, 0x7E, 0x30, 
	0x2A, 0x7F, 0xD9, 0x02, 0x00, 0x00, 0x5C, 0x93, 0x32, 0x0C, 0xF5, 0x29, 
	0x83, 0xCC, 0xD6, 0xCD, 0x0E, 0x46, 0xBF, 0xBC, 0xF9, 0xE1, 0x51, 0x06, 
	0xA1, 0x31, 0x19, 0x56, 0xCE, 0x52, 0x84, 0x97, 0x8A, 0xDC, 0x67, 0x8A, 
	0x99, 0xB1, 0xA8, 0x2F, 0x18, 0x1D, 0x9E, 0xEB, 0x8F, 0x46, 0x87, 0x95, 
	0x45, 0x87, 0x10, 0x94, 0xC1, 0xA8, 0x0C, 0x45, 0xBD, 0xB1, 0xA8, 0x27, 
	0x18, 0x9D, 0x1B, 0x8B, 0xA6, 0x06, 0xA3, 0x0C, 0x43, 0x7D, 0xCA, 0x50, 
	0xD4, 0x8D, 0x45, 0xCB, 0x07, 0xA3, 0xB6, 0xAB, 0x8B, 0x96, 0x0F, 0x46, 
	0x65, 0x28, 0xAA, 0xC7, 0xA2, 0xBE, 0x60, 0xB4, 0xDC, 0xEA, 0xA2, 0x25, 
	0x82, 0x51, 0x7F, 0x2C, 0xAA, 0x5F, 0x8E, 0x26, 0x18, 0x01, 0x00, 0x00, 
	0xD7, 0xAE, 0x0C, 0x43, 0x7D, 0xCA, 0x20, 0xB3, 0x75, 0x9B, 0x0D, 0x46, 
	0x43, 0x51, 0xA6, 0x8C, 0x30, 0x0F, 0x72, 0xBB, 0x39, 0xF2, 0x58, 0x3D, 
	0x3A, 0x31, 0xE8, 0x44, 0x86, 0xA2, 0x7A, 0x30, 0xCA, 0x58, 0x94, 0xC1, 
	0xA8, 0x0C, 0x45, 0x43, 0x32, 0x14, 0x4D, 0x8F, 0x45, 0x79, 0xD3, 0xEB, 
	0xFE, 0x1B, 0x60, 0x67, 0x2C, 0x9A, 0x1A, 0x8C, 0xCA, 0x50, 0x54, 0x0F, 
	0x46, 0xE9, 0xFC, 0x58, 0xD4, 0xF5, 0xED, 0xEB, 0x83, 0x0C, 0x45, 0xFD, 
	0xAB, 0x8B, 0xBE, 0x79, 0xD5, 0x95, 0xC1, 0xA8, 0xBC, 0x1C, 0xAD, 0x26, 
	0x63, 0xD1, 0x97, 0x45, 0x30, 0x3A, 0x7A, 0x7F, 0x6F, 0x6E, 0x30, 0xCA, 
	0xD5, 0x45, 0xD5, 0x60, 0x14, 0xDE, 0xBC, 0x7C, 0x33, 0xA8, 0x1A, 0x8B, 
	0x5E, 0x9E, 0x7A, 0x75, 0xF7, 0xEA, 0xE5, 0xEB, 0xAE, 0x91, 0x60, 0x74, 
	0xF4, 0xF2, 0x5E, 0x06, 0xA3, 0xCF, 0x01, 0x00, 0x80, 0x67, 0xAE, 0x0C, 
	0x30, 0xD7, 0xA6, 0x0C, 0x43, 0x7D, 0xCA, 0x20, 0xB3, 0x75, 0x2F, 0xFE, 
	0x8F, 0x99, 0xC1, 0xE8, 0x34, 0x1A, 0x65, 0x10, 0x9A, 0xA2, 0x08, 0x35, 
	0x23, 0xC1, 0x25, 0xC3, 0x4C, 0xC6, 0x9D, 0xEA, 0xF3, 0xE7, 0xA8, 0xC4, 
	0xA1, 0x7C, 0x9D, 0x74, 0xD8, 0x37, 0x1F, 0x7F, 0x34, 0x1A, 0x8B, 0x4E, 
	0x83, 0x51, 0x3E, 0x3E, 0x2C, 0x43, 0xD1, 0xED, 0xC5, 0xA2, 0xF3, 0x83, 
	0xD1, 0x31, 0x16, 0xF5, 0x05, 0xA3, 0xF1, 0x58, 0xD4, 0x3E, 0x18, 0xD5, 
	0x63, 0x51, 0x3D, 0x18, 0xD5, 0x56, 0x17, 0x0D, 0x5C, 0x8E, 0x56, 0x28, 
	0x03, 0x51, 0x2A, 0x82, 0xD1, 0x68, 0x2C, 0x12, 0x8C, 0x00, 0x00, 0x80, 
	0x4B, 0x95, 0x01, 0xE6, 0xDA, 0x94, 0x61, 0xA8, 0x4F, 0x19, 0x64, 0xB6, 
	0xEE, 0xC5, 0xFF, 0xF1, 0xE3, 0xBF, 0xBD, 0xFB, 0xCF, 0x3F, 0xFD, 0xBB, 
	0x07, 0xFF, 0xBE, 0x23, 0x43, 0xD1, 0x12, 0xC1, 0xA8, 0x1B, 0x55, 0xF2, 
	0xB9, 0x7C, 0xBE, 0x1B, 0x66, 0x4E, 0xE3, 0xCE, 0xE0, 0xF3, 0x61, 0x6C, 
	0x9B, 0xFB, 0xE7, 0x2B, 0x91, 0x68, 0x28, 0x16, 0x1D, 0x8E, 0xB9, 0xFF, 
	0xF7, 0xCA, 0xFB, 0x8F, 0x7B, 0x12, 0xD5, 0x63, 0xD1, 0xB8, 0xDD, 0x65, 
	0x67, 0xC5, 0x63, 0xA3, 0xB1, 0xE8, 0x9C, 0x60, 0xD4, 0x17, 0x8B, 0x96, 
	0xBA, 0x14, 0x6D, 0x6E, 0x30, 0x3A, 0x2F, 0x16, 0x6D, 0x6F, 0x75, 0xD1, 
	0xBC, 0x60, 0x54, 0xC6, 0xA2, 0xBE, 0x60, 0xB4, 0xDC, 0xEA, 0xA2, 0xF3, 
	0x82, 0xD1, 0xD4, 0x58, 0x24, 0x18, 0x01, 0x00, 0x00, 0x7D, 0xCA, 0x00, 
	0x73, 0x6D, 0xCA, 0x30, 0xD4, 0xA7, 0x0C, 0x32, 0x5B, 0x17, 0xC1, 0x68, 
	0x8A, 0x93, 0xCB, 0xD2, 0x2A, 0xE1, 0x22, 0x95, 0x41, 0x68, 0x4C, 0x3D, 
	0xCC, 0x1C, 0xE3, 0x4C, 0xAA, 0xAF, 0x5A, 0xCA, 0xED, 0xBA, 0xCF, 0xEF, 
	0xF7, 0x29, 0xB6, 0x99, 0x11, 0x8B, 0x4E, 0x5F, 0xBF, 0x78, 0xFF, 0x71, 
	0x4F, 0xA2, 0x4B, 0x62, 0x51, 0x06, 0xA3, 0xFC, 0xF9, 0xD6, 0x83, 0x51, 
	0x19, 0x89, 0x86, 0x63, 0xD1, 0x50, 0x30, 0xBA, 0xB5, 0xD5, 0x45, 0x95, 
	0x60, 0xF4, 0xE4, 0xAB, 0x8B, 0xCE, 0x0F, 0x46, 0xB9, 0xBA, 0x68, 0x89, 
	0x60, 0x54, 0xC4, 0xA2, 0x06, 0xC1, 0x48, 0x2C, 0x02, 0x00, 0x00, 0x4A, 
	0x65, 0x80, 0xB9, 0x36, 0x65, 0x18, 0xEA, 0x53, 0x06, 0x99, 0xAD, 0xBB, 
	0x0F, 0x46, 0xBB, 0xCB, 0xD2, 0xE6, 0xF8, 0xF9, 0xCD, 0xF7, 0xF7, 0x7E, 
	0x29, 0x1C, 0xEF, 0x6F, 0x34, 0x55, 0x19, 0x5C, 0x8E, 0xD1, 0xE8, 0x97, 
	0x37, 0x7B, 0xBF, 0x29, 0x3C, 0xFC, 0xA5, 0xB6, 0x53, 0x45, 0xC8, 0xA9, 
	0x29, 0x5F, 0xA3, 0xDF, 0xD4, 0x6D, 0x52, 0x3C, 0x5F, 0x09, 0x3D, 0xA7, 
	0xDB, 0x67, 0xF8, 0x19, 0x72, 0x1A, 0x85, 0xFA, 0x1E, 0x1F, 0x0C, 0x43, 
	0x6F, 0x4A, 0x3F, 0xDE, 0xFB, 0x6E, 0xD4, 0x0F, 0x1D, 0x65, 0x28, 0x1A, 
	0x0F, 0x46, 0x47, 0xDF, 0x3D, 0xCA, 0x48, 0x74, 0x12, 0x8B, 0x5E, 0x7F, 
	0x5B, 0xF8, 0xF8, 0xFA, 0x9B, 0x51, 0xDF, 0xBE, 0x3A, 0xF8, 0xFA, 0xDE, 
	0x37, 0x13, 0x7C, 0x7D, 0x2F, 0x6F, 0x74, 0x7D, 0x8C, 0x45, 0x35, 0x19, 
	0x8B, 0xCA, 0x20, 0x54, 0x06, 0xA3, 0x0F, 0x2F, 0x0F, 0xDE, 0xDF, 0xDB, 
	0xC7, 0xA0, 0x61, 0xC7, 0x40, 0x54, 0xF7, 0xB6, 0x63, 0x77, 0x73, 0xEB, 
	0x34, 0x74, 0x73, 0xEB, 0xBD, 0x57, 0x9F, 0x1F, 0xBC, 0xDE, 0x2B, 0x6E, 
	0x6C, 0xDD, 0x7D, 0xEC, 0xE5, 0xE7, 0x3B, 0xAF, 0x06, 0x7D, 0xF1, 0x48, 
	0x20, 0x02, 0x00, 0x00, 0xFA, 0x94, 0x01, 0xA6, 0xA6, 0x8C, 0x2F, 0xD7, 
	0xA8, 0x0C, 0x32, 0xE7, 0xFA, 0xD3, 0x3F, 0x7D, 0x1A, 0x0B, 0x07, 0xA3, 
	0xCB, 0xA2, 0xD1, 0xF1, 0xB1, 0x63, 0x2C, 0x3A, 0x06, 0xA3, 0x4A, 0x24, 
	0x9A, 0x1C, 0x8C, 0xEA, 0x81, 0xA6, 0xDC, 0x2E, 0x23, 0x50, 0x3E, 0x57, 
	0xDB, 0x26, 0xC5, 0x36, 0x95, 0x55, 0x41, 0xB5, 0xF7, 0x32, 0x26, 0x2F, 
	0x39, 0xAB, 0x3F, 0xFE, 0x14, 0xB1, 0xA8, 0x3F, 0x18, 0x65, 0x18, 0xAA, 
	0x39, 0xC6, 0xA2, 0x79, 0xC1, 0xE8, 0xE3, 0x84, 0x60, 0x74, 0x8C, 0x45, 
	0xD3, 0x83, 0x51, 0x7F, 0x2C, 0xBA, 0x34, 0x18, 0xF5, 0xC5, 0xA2, 0xE9, 
	0xC1, 0xE8, 0x5D, 0x83, 0x60, 0x94, 0xB1, 0xE8, 0xBC, 0x60, 0x54, 0x06, 
	0xA2, 0x24, 0x18, 0x01, 0x00, 0x00, 0xE3, 0xCA, 0x38, 0x54, 0x53, 0xC6, 
	0x97, 0x6B, 0x54, 0x86, 0x9F, 0x73, 0x65, 0xD8, 0x69, 0xE5, 0xC5, 0xBF, 
	0xFE, 0xF0, 0x6F, 0xEF, 0xFE, 0xF5, 0x87, 0x7F, 0xF7, 0x28, 0xE3, 0x50, 
	0xCD, 0x21, 0x18, 0xD5, 0xA3, 0x51, 0x19, 0x84, 0xE6, 0xDB, 0x85, 0xA2, 
	0xE3, 0x7F, 0x17, 0x71, 0xE8, 0x41, 0x67, 0x9B, 0x22, 0xEA, 0x74, 0xC3, 
	0x4E, 0x06, 0x98, 0x9D, 0xBE, 0x6D, 0xCB, 0xF8, 0x33, 0xB6, 0x5D, 0xEE, 
	0x33, 0xF6, 0xBA, 0xE5, 0x63, 0x47, 0xDF, 0x17, 0x8F, 0x65, 0x2C, 0x3A, 
	0x04, 0xA3, 0xC9, 0xB1, 0x68, 0xD1, 0x60, 0x54, 0x86, 0xA2, 0xA9, 0xB1, 
	0xA8, 0x1B, 0x8C, 0x32, 0x12, 0xF5, 0xC7, 0xA2, 0xAD, 0xAF, 0x2E, 0x3A, 
	0x27, 0x18, 0x65, 0x1C, 0xAA, 0xC9, 0x38, 0x54, 0x73, 0x1A, 0x8B, 0xCE, 
	0x09, 0x46, 0x45, 0x2C, 0x5A, 0x20, 0x18, 0x1D, 0x63, 0xD1, 0x3E, 0x18, 
	0x95, 0xFF, 0x53, 0x00, 0x00, 0x00, 0xD8, 0x29, 0xE3, 0x50, 0x4D, 0x19, 
	0x5F, 0xAE, 0x51, 0x19, 0x7E, 0xCE, 0x95, 0x61, 0xA7, 0x95, 0x22, 0x18, 
	0x4D, 0xF5, 0xF3, 0xEB, 0xEF, 0xF7, 0x4E, 0xE2, 0xD1, 0xDE, 0x0F, 0x1D, 
	0x65, 0x0C, 0x9A, 0xAF, 0x2F, 0x12, 0x75, 0xB6, 0xA9, 0x04, 0x9D, 0x0C, 
	0x2F, 0xA9, 0xB6, 0x4F, 0x19, 0x7F, 0xE6, 0xC4, 0xA2, 0xAE, 0x7C, 0xBD, 
	0x71, 0xBB, 0x58, 0x74, 0x70, 0x7C, 0x3C, 0x63, 0x51, 0x69, 0xE4, 0x1E, 
	0x45, 0x8D, 0x63, 0xD1, 0xD4, 0x60, 0x34, 0x65, 0x75, 0x51, 0x86, 0xA2, 
	0x96, 0xAB, 0x8B, 0xF6, 0xC1, 0x28, 0x43, 0xD1, 0xFC, 0x60, 0x54, 0x8F, 
	0x45, 0x7D, 0xC1, 0x68, 0xDA, 0xEA, 0xA2, 0x29, 0xC1, 0x68, 0xEE, 0xEA, 
	0xA2, 0x49, 0xC1, 0x68, 0x34, 0x16, 0xCD, 0x09, 0x46, 0x56, 0x17, 0x01, 
	0x00, 0x00, 0x43, 0xCA, 0x38, 0x54, 0x53, 0xC6, 0x97, 0x6B, 0x54, 0x86, 
	0x9F, 0x73, 0x65, 0xD8, 0x69, 0xE5, 0xC5, 0xBF, 0xFE, 0xF0, 0x4F, 0x77, 
	0xFB, 0x68, 0x94, 0xCA, 0x48, 0x74, 0x79, 0x30, 0x5A, 0x72, 0x15, 0x52, 
	0xD7, 0x39, 0xA1, 0x26, 0x03, 0x4F, 0xDA, 0x6F, 0xD3, 0x1F, 0x8A, 0xFA, 
	0x8E, 0x91, 0xAF, 0x33, 0xCD, 0x69, 0x2C, 0x3A, 0x06, 0xA3, 0x32, 0x0E, 
	0xD5, 0x1C, 0x82, 0x51, 0xF9, 0x78, 0x86, 0xA2, 0xF3, 0x63, 0xD1, 0x50, 
	0x30, 0xFA, 0x58, 0xC8, 0x58, 0x34, 0x6D, 0x75, 0x51, 0x5F, 0x2C, 0xEA, 
	0x73, 0x12, 0x8C, 0x46, 0x6F, 0x74, 0x5D, 0x9A, 0xB4, 0xBA, 0xE8, 0x75, 
	0x57, 0xC6, 0xA2, 0xFE, 0x60, 0x54, 0x8B, 0x45, 0x7D, 0x6A, 0xB1, 0x68, 
	0xF9, 0x60, 0x94, 0xB1, 0xE8, 0xDE, 0xE7, 0x07, 0xAF, 0xF7, 0x4E, 0x6F, 
	0x7C, 0x1D, 0xB1, 0xE8, 0x18, 0x8C, 0x6A, 0x04, 0x23, 0x00, 0x00, 0x60, 
	0xAE, 0x32, 0x0E, 0xD5, 0x94, 0xF1, 0xE5, 0x1A, 0x95, 0xE1, 0xE7, 0x5C, 
	0x19, 0x76, 0x5A, 0x19, 0x08, 0x46, 0xC3, 0xFA, 0x83, 0x51, 0xA9, 0xCD, 
	0x65, 0x6B, 0x5D, 0xE7, 0x84, 0x9A, 0x0C, 0x3D, 0xB5, 0xE8, 0x93, 0x8F, 
	0xE7, 0xEB, 0x0C, 0x3D, 0x37, 0xD5, 0x2E, 0xEC, 0xD4, 0x82, 0x51, 0x19, 
	0x80, 0x6A, 0x8E, 0x2B, 0x8B, 0xF2, 0xF1, 0x5D, 0x1C, 0xFA, 0xED, 0xFB, 
	0x9F, 0xEF, 0xFE, 0xEC, 0xAB, 0xDF, 0x3D, 0xFA, 0xE3, 0xBD, 0xDF, 0x76, 
	0xFC, 0xA1, 0xE3, 0xD7, 0xA3, 0x2F, 0xC3, 0xE9, 0x73, 0x0F, 0x7E, 0xFF, 
	0xD5, 0x6F, 0x0A, 0xBF, 0xFB, 0x72, 0xE7, 0x97, 0x8E, 0xDF, 0x76, 0xFC, 
	0x7C, 0xEF, 0xD7, 0x8E, 0x9F, 0xEE, 0x7E, 0xFD, 0xF0, 0x73, 0xE1, 0x37, 
	0x1F, 0x7E, 0x2A, 0xFC, 0x72, 0xEF, 0xC7, 0x47, 0x3F, 0xBF, 0x2F, 0xFD, 
	0x14, 0x7E, 0x7C, 0xFF, 0x43, 0xE9, 0xDD, 0xF7, 0x1D, 0x3F, 0x3C, 0xFA, 
	0x6E, 0xEF, 0x7D, 0xFA, 0x74, 0xF7, 0xFD, 0xBB, 0xAE, 0xEF, 0xC2, 0xA7, 
	0x41, 0x1F, 0xEF, 0x7D, 0x2C, 0x7C, 0x7B, 0xF7, 0x6D, 0xF8, 0xE6, 0xED, 
	0x37, 0x1D, 0x5F, 0x3F, 0xFA, 0xBA, 0xD7, 0x57, 0x6F, 0xBA, 0xBE, 0x7C, 
	0xF3, 0x55, 0xC7, 0x87, 0x7B, 0x5F, 0x3E, 0x7A, 0xFF, 0xFA, 0xE0, 0xC3, 
	0xD1, 0x9B, 0x53, 0xEF, 0xEF, 0xDE, 0xBD, 0xF9, 0xD0, 0xF5, 0xFA, 0x7D, 
	0xC7, 0xDB, 0x7B, 0xEF, 0x1E, 0xBD, 0x09, 0xAF, 0x5F, 0xA5, 0xB7, 0x77, 
	0xAF, 0x00, 0x00, 0x80, 0x9B, 0xF0, 0xF2, 0xE5, 0xEB, 0x4A, 0x04, 0x9A, 
	0xA3, 0x8C, 0x43, 0x35, 0x65, 0x7C, 0xB9, 0x46, 0x65, 0xF8, 0x39, 0x57, 
	0x86, 0x9D, 0x56, 0x5E, 0xFC, 0xA7, 0x1F, 0xFE, 0xE9, 0xEE, 0x3F, 0x55, 
	0x82, 0xD0, 0x98, 0x25, 0x82, 0x51, 0x7D, 0x15, 0xD2, 0x99, 0x2A, 0x21, 
	0x66, 0x4C, 0xC6, 0x9E, 0x5A, 0xF0, 0x99, 0xF3, 0x7C, 0x3E, 0xB7, 0x57, 
	0xDE, 0x93, 0xE8, 0xD4, 0x21, 0xF8, 0x64, 0x30, 0x2A, 0xC3, 0x50, 0x4D, 
	0xF7, 0x32, 0xB4, 0xD3, 0xE7, 0x0E, 0xAB, 0x89, 0xFE, 0xF0, 0xE1, 0xD7, 
	0xBB, 0x7F, 0xF8, 0xF4, 0xD7, 0x8F, 0xFE, 0xFE, 0xD3, 0x5F, 0x15, 0xFE, 
	0xEE, 0xD1, 0x5F, 0x3E, 0xFA, 0xDB, 0x8F, 0xA7, 0xFE, 0x62, 0xEF, 0x53, 
	0xE9, 0x6F, 0x3E, 0xFD, 0x79, 0xC7, 0x5F, 0x7F, 0x3C, 0xF8, 0xB3, 0x47, 
	0x7F, 0xD5, 0xF1, 0xC7, 0x7B, 0x7F, 0x59, 0xF8, 0xC3, 0xDD, 0x5F, 0x7C, 
	0xFB, 0xC7, 0x8E, 0x3F, 0xBF, 0xF7, 0x87, 0x8E, 0x3F, 0x7B, 0xF4, 0xFB, 
	0x47, 0x7F, 0xFC, 0xE6, 0xE0, 0x77, 0xF7, 0xFE, 0x10, 0x7E, 0xFF, 0xCD, 
	0x6F, 0x0B, 0xBF, 0xFB, 0x7A, 0xE7, 0xD7, 0x8E, 0xDF, 0x3E, 0xFA, 0xCD, 
	0xDE, 0x37, 0xA7, 0x7E, 0xB9, 0xFB, 0xF5, 0xEB, 0xD2, 0x6F, 0xBE, 0xFE, 
	0xB9, 0xE3, 0x97, 0xAF, 0x7F, 0xB9, 0xFB, 0xE5, 0xFE, 0x9F, 0x7B, 0x3F, 
	0x7F, 0x75, 0xEA, 0xA7, 0x7B, 0x3F, 0x75, 0xFC, 0x78, 0xF7, 0x63, 0xF8, 
	0xE1, 0xCB, 0x9D, 0x1F, 0x3A, 0xBE, 0xBF, 0xF7, 0xFD, 0xA3, 0xEF, 0x3A, 
	0xBE, 0xBB, 0xFB, 0xF4, 0xA1, 0xEB, 0xE3, 0x87, 0x4F, 0x85, 0x6F, 0xEF, 
	0x7D, 0x7C, 0xF4, 0xCD, 0xFB, 0x83, 0x6F, 0xF7, 0x3E, 0x9C, 0xFA, 0xE6, 
	0xEE, 0xEB, 0x0F, 0xDF, 0x76, 0x7C, 0xF5, 0x7E, 0xE7, 0x9B, 0x8E, 0x2F, 
	0xEF, 0x7D, 0xFD, 0xE8, 0xC3, 0xA3, 0xAF, 0xEE, 0xBD, 0x7F, 0xD7, 0xF5, 
	0xEE, 0xDD, 0x97, 0x00, 0x00, 0xC0, 0x8D, 0xD8, 0x45, 0xA3, 0x32, 0x02, 
	0xCD, 0x51, 0xC6, 0xA1, 0x9A, 0x32, 0xBE, 0x5C, 0xA3, 0x32, 0xFC, 0x9C, 
	0x2B, 0xC3, 0x4E, 0x2B, 0x8F, 0xC1, 0x68, 0x8A, 0x73, 0x83, 0x51, 0x69, 
	0xE8, 0xB2, 0xB5, 0x9A, 0x89, 0xAB, 0x92, 0x2A, 0x41, 0x66, 0xC8, 0x78, 
	0xEC, 0x19, 0x7F, 0x7E, 0x58, 0x79, 0x3F, 0xA2, 0x53, 0xA7, 0xF7, 0x1E, 
	0x9A, 0x17, 0x8A, 0xCA, 0x58, 0x74, 0x1A, 0x8C, 0x1E, 0x2F, 0x3F, 0x7B, 
	0xDB, 0x0D, 0x46, 0x7F, 0x5F, 0x09, 0x46, 0xE3, 0xB1, 0xE8, 0x21, 0x18, 
	0x4D, 0x88, 0x45, 0xC7, 0x60, 0x74, 0x8C, 0x45, 0xDD, 0x60, 0x34, 0x3D, 
	0x16, 0xED, 0x83, 0xD1, 0x9C, 0x58, 0xB4, 0x0F, 0x46, 0x19, 0x8B, 0xFA, 
	0x83, 0xD1, 0x9C, 0x58, 0x54, 0x0F, 0x46, 0x19, 0x8B, 0x86, 0x83, 0x51, 
	0x2D, 0x16, 0xF5, 0x05, 0xA3, 0x5A, 0x2C, 0xEA, 0x0B, 0x46, 0xDF, 0x4D, 
	0x0A, 0x46, 0x19, 0x8B, 0xCE, 0x0B, 0x46, 0xB5, 0x58, 0x34, 0x27, 0x18, 
	0x95, 0xFF, 0x83, 0x01, 0x00, 0x00, 0xAE, 0x97, 0x60, 0x34, 0x47, 0x19, 
	0x7E, 0xCE, 0x95, 0x61, 0xA7, 0x95, 0x59, 0xC1, 0xE8, 0xD4, 0x4F, 0xAF, 
	0xBF, 0xBF, 0x57, 0xC6, 0xA0, 0x29, 0xBA, 0xC1, 0xA8, 0x1B, 0x8D, 0x72, 
	0x35, 0xD2, 0x7E, 0x9F, 0x22, 0x0E, 0xD5, 0x14, 0xB1, 0x26, 0x1F, 0x9B, 
	0xAF, 0x8C, 0x45, 0x53, 0x8E, 0x9B, 0x2B, 0x86, 0xBA, 0xCF, 0x9F, 0x06, 
	0x9F, 0xD3, 0x60, 0xD4, 0x8D, 0x41, 0x19, 0x88, 0x86, 0x63, 0xD1, 0x31, 
	0x18, 0x9D, 0xDC, 0xAF, 0xE8, 0x24, 0x18, 0x3D, 0x5D, 0x2C, 0x9A, 0xBF, 
	0xBA, 0x28, 0x43, 0xD1, 0xF0, 0xEA, 0xA2, 0xFE, 0x58, 0x54, 0x0B, 0x46, 
	0x19, 0x8A, 0x6A, 0xAB, 0x8B, 0x8E, 0xB1, 0xA8, 0x2F, 0x18, 0x95, 0xB1, 
	0xA8, 0x16, 0x8C, 0xFA, 0x63, 0x51, 0x7F, 0x30, 0xCA, 0x58, 0x34, 0x25, 
	0x18, 0x8D, 0xAD, 0x2E, 0xFA, 0x74, 0xCE, 0xEA, 0xA2, 0xB3, 0x83, 0x51, 
	0x2D, 0x16, 0xED, 0x83, 0x51, 0xAE, 0x2E, 0x12, 0x8C, 0x00, 0x00, 0xE0, 
	0xB6, 0x08, 0x46, 0x73, 0x94, 0xE1, 0xE7, 0x5C, 0x19, 0x76, 0x5A, 0x79, 
	0xF1, 0x9F, 0x7E, 0xF8, 0xC7, 0x22, 0x06, 0x4D, 0x71, 0x08, 0x46, 0xE7, 
	0x45, 0xA3, 0x43, 0x28, 0x3A, 0x3E, 0x96, 0x81, 0x28, 0x15, 0x71, 0xA8, 
	0xA6, 0x88, 0x35, 0x19, 0x72, 0x2E, 0x35, 0xE5, 0xB8, 0x19, 0x8B, 0xBA, 
	0xFB, 0x64, 0x28, 0x3A, 0xCA, 0x90, 0x94, 0x91, 0x68, 0x38, 0x16, 0xED, 
	0x83, 0x51, 0x79, 0x83, 0xEB, 0x5D, 0x30, 0x1A, 0x8E, 0x45, 0x43, 0xC1, 
	0xA8, 0x7E, 0x29, 0x5A, 0x86, 0xA2, 0x4B, 0x62, 0xD1, 0xF3, 0x58, 0x5D, 
	0xD4, 0x17, 0x8C, 0x6A, 0xB1, 0xA8, 0x1B, 0x8C, 0x32, 0x16, 0x4D, 0x09, 
	0x46, 0xF5, 0x58, 0x34, 0x12, 0x8C, 0x46, 0x63, 0xD1, 0x9C, 0x60, 0x54, 
	0x5B, 0x5D, 0xE4, 0x72, 0x34, 0x00, 0x00, 0xB8, 0x35, 0x82, 0xD1, 0x1C, 
	0x65, 0xF8, 0x39, 0x57, 0x86, 0x9D, 0x56, 0x1E, 0x82, 0xD1, 0x6E, 0x95, 
	0xD1, 0x14, 0xF5, 0x68, 0x94, 0x71, 0xA7, 0x95, 0x22, 0x10, 0x3D, 0x7A, 
	0x88, 0x4D, 0x3D, 0x91, 0xA6, 0xDF, 0x94, 0x6D, 0x0E, 0xDB, 0x4D, 0x39, 
	0xEE, 0x71, 0xB5, 0x50, 0x69, 0x4E, 0x2C, 0xCA, 0xC7, 0xC7, 0x63, 0xD1, 
	0xBD, 0xCA, 0x5F, 0x44, 0xFB, 0xFD, 0x7D, 0x30, 0x5A, 0x2E, 0x16, 0x0D, 
	0x07, 0xA3, 0x36, 0x97, 0xA2, 0x3D, 0xCD, 0xEA, 0xA2, 0x87, 0x58, 0x54, 
	0x04, 0xA3, 0x5F, 0x26, 0x05, 0xA3, 0x7D, 0x2C, 0xEA, 0x0B, 0x46, 0xB5, 
	0x58, 0xB4, 0xCC, 0xEA, 0xA2, 0xE9, 0xC1, 0xE8, 0x18, 0x8B, 0x8E, 0xC1, 
	0xE8, 0xD2, 0xD5, 0x45, 0x73, 0x82, 0x51, 0xF9, 0x3F, 0x17, 0x00, 0x00, 
	0xE0, 0xBA, 0x09, 0x46, 0x73, 0x94, 0xE1, 0xE7, 0x5C, 0x19, 0x76, 0x5A, 
	0x79, 0xF1, 0x2F, 0x3F, 0xFC, 0xE3, 0xDD, 0xBF, 0xFC, 0xF0, 0x4F, 0xBD, 
	0xCA, 0x68, 0x74, 0xF4, 0xD3, 0xEB, 0xEF, 0xEE, 0xFD, 0xFC, 0x26, 0x1D, 
	0x23, 0xCF, 0x2E, 0x5A, 0x64, 0xF8, 0x39, 0x57, 0x35, 0x12, 0x9D, 0xAA, 
	0x44, 0x9A, 0xBA, 0x29, 0xDB, 0xE4, 0x76, 0xC7, 0x90, 0xD3, 0xB7, 0xDD, 
	0x69, 0xEC, 0xE9, 0xDB, 0xB7, 0x54, 0x8F, 0x45, 0xFB, 0x15, 0x43, 0x97, 
	0xC5, 0xA2, 0x1F, 0xEF, 0x83, 0xD1, 0x6F, 0x06, 0x82, 0x51, 0x5F, 0x2C, 
	0x3A, 0xE7, 0x52, 0xB4, 0xBE, 0x58, 0x34, 0x2F, 0x18, 0xF5, 0x5F, 0x8A, 
	0x36, 0x1C, 0x8C, 0x32, 0x16, 0xFD, 0xA1, 0x12, 0x8B, 0xAE, 0x6D, 0x75, 
	0xD1, 0x31, 0x18, 0x9D, 0xBF, 0xBA, 0xA8, 0x16, 0x8C, 0x86, 0x57, 0x17, 
	0xCD, 0x09, 0x46, 0xB5, 0x58, 0xE4, 0x72, 0x34, 0x00, 0x00, 0x78, 0x2E, 
	0x04, 0xA3, 0x39, 0xCA, 0xF0, 0x73, 0xAE, 0x0C, 0x3B, 0xAD, 0x8C, 0x06, 
	0xA3, 0x21, 0x87, 0x60, 0xF4, 0xD3, 0x9B, 0x54, 0xC6, 0x8B, 0x8C, 0x3F, 
	0xE7, 0x28, 0x02, 0x51, 0xAA, 0x84, 0x9A, 0x8C, 0x3A, 0xA5, 0x8C, 0x3F, 
	0xF5, 0xED, 0xBB, 0x31, 0xA8, 0xDC, 0x2E, 0x83, 0x4F, 0xDF, 0xE3, 0x5D, 
	0xFD, 0xB1, 0xA8, 0x1B, 0x8C, 0xBA, 0x8F, 0x17, 0x2A, 0x3F, 0xEF, 0x5D, 
	0x2C, 0xFA, 0xF4, 0xEA, 0x9B, 0x22, 0x18, 0xB5, 0x89, 0x45, 0xED, 0x2E, 
	0x45, 0x5B, 0x7B, 0x75, 0x51, 0xC6, 0xA2, 0x5A, 0x30, 0x7A, 0xAA, 0xD5, 
	0x45, 0xEB, 0xDD, 0xEC, 0x7A, 0x4E, 0x30, 0xAA, 0xAD, 0x2E, 0x72, 0x39, 
	0x1A, 0x00, 0x00, 0xDC, 0x22, 0xC1, 0x68, 0x8E, 0x32, 0xFC, 0x9C, 0x2B, 
	0xC3, 0x4E, 0x2B, 0xB7, 0x15, 0x8C, 0x1E, 0xA2, 0x51, 0x2D, 0xDC, 0xF4, 
	0x1B, 0x09, 0x45, 0xBB, 0xD7, 0x2E, 0x8E, 0xD9, 0x1F, 0x8A, 0x4E, 0x5F, 
	0x37, 0x1F, 0xEB, 0x1A, 0x8E, 0x45, 0xC7, 0x60, 0x54, 0x3E, 0x3E, 0x25, 
	0x16, 0xFD, 0xF8, 0xE6, 0xBB, 0x22, 0x18, 0x5D, 0x12, 0x8B, 0x86, 0x83, 
	0x51, 0xDF, 0xEA, 0xA2, 0xB9, 0xB1, 0xA8, 0x0C, 0x46, 0x19, 0x8B, 0xBA, 
	0xC1, 0xA8, 0x1E, 0x8B, 0x6A, 0xAB, 0x8B, 0x32, 0x16, 0x55, 0x83, 0xD1, 
	0x95, 0xAF, 0x2E, 0x9A, 0x12, 0x8C, 0x8A, 0x58, 0x34, 0x29, 0x18, 0xD5, 
	0x62, 0xD1, 0x9C, 0x60, 0x54, 0xFE, 0x8F, 0x05, 0x00, 0x00, 0xB8, 0x7E, 
	0x82, 0xD1, 0x1C, 0x65, 0xF8, 0x39, 0x57, 0x86, 0x9D, 0x56, 0x1A, 0x05, 
	0xA3, 0x32, 0x1A, 0x65, 0xFC, 0x29, 0x75, 0x2F, 0x65, 0xAB, 0x29, 0xE2, 
	0x50, 0xB8, 0xDF, 0xAE, 0x12, 0x6E, 0x52, 0xF7, 0xF9, 0x81, 0x50, 0x34, 
	0x72, 0xCC, 0x7C, 0x7C, 0x92, 0xD3, 0xBF, 0x0E, 0x17, 0xCF, 0x65, 0x0C, 
	0xEA, 0x7B, 0x7C, 0x4A, 0x2C, 0xCA, 0x60, 0x34, 0x39, 0x16, 0xF5, 0x04, 
	0xA3, 0x0C, 0x45, 0xE3, 0xB1, 0x68, 0x5E, 0x30, 0xEA, 0x8F, 0x45, 0xB7, 
	0xB7, 0xBA, 0xA8, 0x1E, 0x8C, 0x6A, 0xB1, 0x68, 0x5E, 0x30, 0xCA, 0x58, 
	0x34, 0x29, 0x18, 0x8D, 0xC4, 0xA2, 0xFE, 0x60, 0x54, 0x8B, 0x45, 0x2E, 
	0x47, 0x03, 0x00, 0x80, 0xE7, 0x44, 0x30, 0x9A, 0xA3, 0x0C, 0x3F, 0xE7, 
	0xCA, 0xB0, 0xD3, 0xCA, 0x8B, 0x7F, 0xF9, 0xE1, 0x1F, 0xEE, 0xF6, 0xD1, 
	0xE8, 0x54, 0x19, 0x87, 0x6A, 0x1E, 0x83, 0x51, 0x35, 0x1A, 0xD5, 0x82, 
	0x51, 0xDE, 0xEB, 0x28, 0x95, 0x91, 0x68, 0x2C, 0x18, 0xE5, 0x36, 0x19, 
	0x61, 0xFA, 0x42, 0x51, 0xDF, 0x36, 0x45, 0x2C, 0xAA, 0x1C, 0xF3, 0x6C, 
	0xF9, 0xD7, 0xE1, 0x4E, 0x9E, 0x2B, 0x62, 0xD0, 0xC0, 0xE3, 0x53, 0x62, 
	0xD1, 0x69, 0x30, 0xAA, 0xC5, 0xA2, 0x32, 0x18, 0xAD, 0x17, 0x8B, 0x96, 
	0xBC, 0x14, 0xED, 0xB6, 0x56, 0x17, 0x6D, 0xEF, 0x66, 0xD7, 0xC3, 0xC1, 
	0xA8, 0xB6, 0xBA, 0xC8, 0xE5, 0x68, 0x00, 0x00, 0x70, 0xAB, 0x04, 0xA3, 
	0x39, 0xCA, 0xF0, 0x73, 0xAE, 0x0C, 0x3B, 0xAD, 0xF4, 0x04, 0xA3, 0x69, 
	0x86, 0x83, 0x51, 0x57, 0x19, 0x87, 0x6A, 0x2A, 0xB1, 0xE6, 0x44, 0x35, 
	0x10, 0xA5, 0x88, 0x34, 0x43, 0xA1, 0xE8, 0x74, 0x9B, 0x6A, 0x28, 0xEA, 
	0x39, 0xE6, 0x39, 0xF6, 0xD1, 0xEC, 0x24, 0x16, 0x3D, 0x1C, 0xB7, 0x08, 
	0x41, 0x53, 0x54, 0x62, 0xD1, 0x3E, 0x18, 0x1D, 0x63, 0xD1, 0x21, 0x18, 
	0xFD, 0xAE, 0x27, 0x18, 0x5D, 0x1E, 0x8B, 0x96, 0xBC, 0x6F, 0x51, 0x19, 
	0x8C, 0xA6, 0xAC, 0x2E, 0x2A, 0x63, 0x51, 0xDF, 0xEA, 0xA2, 0x91, 0x58, 
	0x54, 0x04, 0xA3, 0x32, 0x16, 0xD5, 0x82, 0xD1, 0x72, 0xAB, 0x8B, 0xBA, 
	0xC1, 0x28, 0x63, 0x51, 0x2D, 0x18, 0x8D, 0xC5, 0xA2, 0x5A, 0x30, 0x1A, 
	0x5E, 0x5D, 0x34, 0x2D, 0x18, 0xF5, 0xC7, 0xA2, 0xBE, 0x60, 0x54, 0xFE, 
	0x4F, 0x05, 0x00, 0x00, 0xB8, 0x0D, 0x82, 0xD1, 0x1C, 0x65, 0xF8, 0x39, 
	0x57, 0x86, 0x9D, 0x56, 0x2E, 0x0A, 0x46, 0x9D, 0x68, 0x54, 0x89, 0x44, 
	0x4B, 0x07, 0xA3, 0x49, 0x2A, 0xB1, 0x66, 0x54, 0x1E, 0x23, 0xE5, 0xF6, 
	0x33, 0x94, 0xAB, 0xAC, 0x8E, 0x8A, 0x10, 0x34, 0x6A, 0xF7, 0xB3, 0x2C, 
	0x43, 0x51, 0x2D, 0x16, 0xED, 0x7C, 0xEC, 0x04, 0xA3, 0xBE, 0x58, 0xF4, 
	0x10, 0x8C, 0x2E, 0x88, 0x45, 0xB5, 0xFB, 0x16, 0x4D, 0x0D, 0x46, 0xE7, 
	0xC6, 0xA2, 0x5A, 0x30, 0xCA, 0x50, 0xB4, 0xBD, 0xD5, 0x45, 0xE7, 0xDD, 
	0xEC, 0x3A, 0x63, 0xD1, 0x94, 0x60, 0x94, 0xB1, 0x68, 0x3C, 0x18, 0xD5, 
	0x62, 0xD1, 0xFC, 0x60, 0x94, 0xAB, 0x8B, 0x04, 0x23, 0x00, 0x00, 0xB8, 
	0x5D, 0x82, 0xD1, 0x1C, 0x65, 0xF8, 0x39, 0x57, 0x86, 0x9D, 0x56, 0x9E, 
	0x2C, 0x18, 0x4D, 0x8B, 0x46, 0x7D, 0x81, 0x65, 0x46, 0x54, 0xAA, 0x44, 
	0x9B, 0x5E, 0xB9, 0xEF, 0x90, 0xDC, 0xF7, 0xD1, 0x77, 0x0F, 0xF2, 0xF1, 
	0x32, 0xEA, 0x9C, 0x1E, 0xEF, 0xFE, 0xB1, 0x22, 0x08, 0x0D, 0xD9, 0x47, 
	0xA0, 0x3C, 0x66, 0x5E, 0x86, 0x56, 0x0F, 0x46, 0xF3, 0x63, 0xD1, 0x70, 
	0x30, 0xEA, 0x8B, 0x45, 0xE7, 0xAC, 0x2E, 0x6A, 0x77, 0x29, 0xDA, 0x73, 
	0x59, 0x5D, 0xF4, 0xE9, 0x9C, 0xD5, 0x45, 0x93, 0x82, 0x51, 0x2D, 0x16, 
	0xF5, 0x05, 0xA3, 0xDA, 0xEA, 0x22, 0x97, 0xA3, 0x01, 0x00, 0xC0, 0x2D, 
	0x13, 0x8C, 0xE6, 0x28, 0xC3, 0xCF, 0xB9, 0x32, 0xEC, 0xB4, 0xF2, 0xE2, 
	0x3F, 0xAE, 0x14, 0x8C, 0xF2, 0xB9, 0xBD, 0x5D, 0x04, 0xA9, 0x6F, 0x7F, 
	0x5E, 0x30, 0xAA, 0xC4, 0x9C, 0xDC, 0xBE, 0xD0, 0xF3, 0x3A, 0x95, 0x20, 
	0x74, 0x3C, 0x7E, 0x19, 0x8C, 0x32, 0xEC, 0x9C, 0x06, 0xA3, 0xC7, 0xC7, 
	0x8A, 0x28, 0x54, 0x77, 0x1A, 0x81, 0xE6, 0xC4, 0xA2, 0x7D, 0x30, 0xFA, 
	0x65, 0xC3, 0xB1, 0xA8, 0x0C, 0x46, 0x53, 0x56, 0x17, 0x95, 0xB1, 0xC8, 
	0xEA, 0xA2, 0x32, 0x16, 0x8D, 0x04, 0xA3, 0x91, 0x58, 0xD4, 0x1F, 0x8C, 
	0x6A, 0xB1, 0xA8, 0x2F, 0x18, 0x95, 0xFF, 0x43, 0x01, 0x00, 0x00, 0x6E, 
	0x87, 0x60, 0x34, 0x47, 0x19, 0x7E, 0xCE, 0x95, 0x61, 0xA7, 0x95, 0xFB, 
	0x60, 0xF4, 0x1F, 0x7F, 0xF8, 0xC7, 0xD9, 0x4E, 0x83, 0xD1, 0x8F, 0x13, 
	0x83, 0xD1, 0x39, 0x6A, 0xC1, 0xA8, 0x16, 0x61, 0x3A, 0xC1, 0xA7, 0x13, 
	0x72, 0x1E, 0x62, 0x4E, 0xB1, 0x5D, 0xEA, 0x86, 0xAC, 0xE2, 0xF9, 0xD3, 
	0x18, 0x54, 0x1C, 0xFF, 0xF8, 0x3A, 0x19, 0x89, 0x06, 0x55, 0xE2, 0x50, 
	0xCA, 0x10, 0x34, 0x25, 0x16, 0x1D, 0x83, 0xD1, 0xD7, 0x8F, 0xC1, 0x68, 
	0x99, 0x58, 0x74, 0xCE, 0x7D, 0x8B, 0xCA, 0x50, 0x74, 0x49, 0x2C, 0xAA, 
	0x07, 0xA3, 0x33, 0x63, 0x51, 0x11, 0x8C, 0xCA, 0x58, 0x54, 0x0B, 0x46, 
	0xAD, 0x56, 0x17, 0x1D, 0x83, 0xD1, 0x9C, 0xD5, 0x45, 0x7D, 0xC1, 0xE8, 
	0x18, 0x8B, 0xCE, 0x09, 0x46, 0x19, 0x8B, 0x86, 0x83, 0x51, 0x2D, 0x16, 
	0x59, 0x5D, 0x04, 0x00, 0x00, 0xB7, 0x4E, 0x30, 0x9A, 0xA3, 0x0C, 0x3F, 
	0xE7, 0xCA, 0xB0, 0xD3, 0xCA, 0x8B, 0xFF, 0xF8, 0xC3, 0xDF, 0xDF, 0xED, 
	0xA3, 0xD1, 0x14, 0x65, 0x38, 0xDA, 0xC5, 0xA2, 0x63, 0x30, 0xFA, 0x34, 
	0xA2, 0x0C, 0x42, 0x63, 0x32, 0xE4, 0x64, 0x74, 0x39, 0x8D, 0x3D, 0x8F, 
	0x1E, 0x02, 0xCE, 0xF1, 0x18, 0x19, 0x87, 0xFA, 0x43, 0x51, 0xEF, 0x3E, 
	0x0F, 0xA1, 0xE8, 0xA0, 0x8C, 0x45, 0xE5, 0x7B, 0x1B, 0xF6, 0xF0, 0x5A, 
	0x95, 0x48, 0xB4, 0x57, 0x46, 0xA0, 0xA3, 0xE1, 0x58, 0xB4, 0x0F, 0x46, 
	0x5F, 0x3F, 0x06, 0xA3, 0x6A, 0x2C, 0xEA, 0x09, 0x46, 0x19, 0x8A, 0xFA, 
	0x62, 0xD1, 0x25, 0xF7, 0x2D, 0x7A, 0x9A, 0x4B, 0xD1, 0xBA, 0xC1, 0x68, 
	0x4A, 0x2C, 0xAA, 0x05, 0xA3, 0x8C, 0x45, 0x4F, 0xB9, 0xBA, 0xA8, 0x1B, 
	0x8C, 0xA6, 0xAD, 0x2E, 0xAA, 0x05, 0xA3, 0xE1, 0x58, 0x34, 0x2D, 0x18, 
	0xCD, 0xBF, 0x1C, 0xAD, 0xFC, 0x9F, 0x09, 0x00, 0x00, 0x70, 0x5B, 0x04, 
	0xA3, 0x39, 0xCA, 0xF0, 0x73, 0xAE, 0x0C, 0x3B, 0xAD, 0xCC, 0x0C, 0x46, 
	0xA5, 0x1F, 0x5F, 0x7F, 0x7A, 0x54, 0x06, 0xA2, 0x54, 0x86, 0x99, 0xF9, 
	0xBA, 0xC1, 0xA5, 0x88, 0x45, 0xC5, 0xF6, 0x95, 0xF8, 0x33, 0x10, 0x8A, 
	0x6A, 0xFB, 0xDC, 0xBF, 0xDE, 0x49, 0x2C, 0xCA, 0x68, 0x54, 0xC6, 0xA0, 
	0x31, 0x27, 0xAF, 0x55, 0x84, 0xA2, 0xB1, 0x58, 0x34, 0xCD, 0x21, 0x18, 
	0xFD, 0xB6, 0x08, 0x46, 0x4B, 0xC7, 0xA2, 0xA1, 0xD5, 0x45, 0x73, 0x63, 
	0xD1, 0xFC, 0x60, 0x94, 0xA1, 0xA8, 0x16, 0x8B, 0xAA, 0xC1, 0x68, 0xC2, 
	0xA5, 0x68, 0xB5, 0x60, 0xF4, 0x3C, 0x56, 0x17, 0xF5, 0x05, 0xA3, 0x5A, 
	0x2C, 0xDA, 0x07, 0xA3, 0x5C, 0x5D, 0x24, 0x18, 0x01, 0x00, 0xC0, 0xED, 
	0x13, 0x8C, 0xE6, 0x28, 0xC3, 0xCF, 0xB9, 0x32, 0xEC, 0xB4, 0x72, 0x85, 
	0xC1, 0xA8, 0x34, 0x14, 0x7E, 0xF6, 0xCF, 0x77, 0x23, 0xD1, 0xD8, 0xF6, 
	0x87, 0x7D, 0xBA, 0x2B, 0x81, 0x4A, 0xDD, 0x58, 0x74, 0xFA, 0xEF, 0x7D, 
	0x8E, 0xC7, 0x3F, 0x84, 0x9D, 0x16, 0xB1, 0x68, 0x67, 0x17, 0x8B, 0xBE, 
	0x7D, 0x99, 0xC1, 0x68, 0x0B, 0xB1, 0xA8, 0x0C, 0x46, 0xE7, 0xC6, 0xA2, 
	0xFE, 0xD5, 0x45, 0x23, 0xB1, 0xA8, 0x08, 0x46, 0x2D, 0x57, 0x17, 0x95, 
	0xB1, 0x68, 0xFE, 0xEA, 0xA2, 0x7A, 0x30, 0xCA, 0x58, 0x54, 0x0B, 0x46, 
	0xC3, 0xB1, 0xA8, 0x2F, 0x18, 0xD5, 0x62, 0x51, 0x5F, 0x30, 0xAA, 0xAD, 
	0x2E, 0x72, 0x39, 0x1A, 0x00, 0x00, 0x3C, 0x07, 0x82, 0xD1, 0x1C, 0x65, 
	0xF8, 0x39, 0x57, 0x86, 0x9D, 0x56, 0x5E, 0xFC, 0x87, 0x1F, 0xFE, 0xFE, 
	0xEE, 0x3F, 0xFC, 0xF0, 0x0F, 0xBD, 0x32, 0x10, 0xD5, 0xD4, 0x82, 0xD1, 
	0x8F, 0x55, 0x65, 0xD8, 0xC8, 0x50, 0xD3, 0xC2, 0x9C, 0x50, 0x34, 0xE8, 
	0x34, 0x18, 0x55, 0x43, 0x50, 0x06, 0xA2, 0xDA, 0x36, 0xF1, 0xF9, 0x2F, 
	0x8C, 0x45, 0x3F, 0x54, 0x1E, 0xDB, 0xD9, 0xC5, 0xA2, 0x6E, 0x30, 0x9A, 
	0x17, 0x8B, 0x8E, 0xC1, 0x68, 0xAB, 0xB1, 0x68, 0xAD, 0xD5, 0x45, 0xC7, 
	0x58, 0xF4, 0x94, 0xAB, 0x8B, 0xA6, 0x04, 0xA3, 0x8C, 0x45, 0xE3, 0xC1, 
	0xA8, 0x8C, 0x45, 0xFD, 0xC1, 0xA8, 0x16, 0x8B, 0xFA, 0x82, 0x51, 0xF9, 
	0x3F, 0x12, 0x00, 0x00, 0xE0, 0xF6, 0x08, 0x46, 0x73, 0x94, 0xE1, 0xE7, 
	0x5C, 0x19, 0x76, 0x5A, 0x19, 0x0D, 0x46, 0x53, 0x3C, 0xAE, 0x32, 0x2A, 
	0x02, 0x51, 0x4D, 0x37, 0x6C, 0xEC, 0x23, 0x4A, 0xFB, 0x55, 0x48, 0x8B, 
	0xE8, 0x0D, 0x45, 0x07, 0x19, 0x89, 0xCA, 0xED, 0x8A, 0xCF, 0x7F, 0x66, 
	0x28, 0xDA, 0xD9, 0xC5, 0xA2, 0x5A, 0x30, 0xDA, 0x3D, 0xD6, 0x0D, 0x46, 
	0x4F, 0x19, 0x8B, 0x86, 0x82, 0x51, 0xDF, 0xA5, 0x68, 0xC7, 0x58, 0x34, 
	0x35, 0x18, 0x65, 0x28, 0x9A, 0x1C, 0x8B, 0x8A, 0x60, 0x54, 0x86, 0xA2, 
	0x5A, 0x2C, 0xAA, 0x05, 0xA3, 0xAB, 0x5B, 0x5D, 0x34, 0x21, 0x18, 0x65, 
	0x2C, 0x1A, 0x0E, 0x46, 0xB5, 0x58, 0x64, 0x75, 0x11, 0x00, 0x00, 0x3C, 
	0x17, 0x82, 0xD1, 0x1C, 0x65, 0xF8, 0x39, 0x57, 0x86, 0x9D, 0x56, 0x5E, 
	0xFC, 0x87, 0x1F, 0xFE, 0xEE, 0x6E, 0x1F, 0x8D, 0x52, 0x19, 0x86, 0xFA, 
	0xCC, 0x0B, 0x46, 0x5D, 0x43, 0x97, 0xAD, 0xB5, 0xFC, 0xEB, 0x6B, 0xF3, 
	0xD5, 0x03, 0xD0, 0xC1, 0x2E, 0xD4, 0xCC, 0x09, 0x45, 0x07, 0x97, 0xC6, 
	0xA2, 0xBD, 0x63, 0x88, 0x3B, 0x8D, 0x45, 0xFB, 0x60, 0xF4, 0x73, 0xB3, 
	0x58, 0x54, 0x0F, 0x46, 0x73, 0x63, 0xD1, 0x39, 0xAB, 0x8B, 0xCA, 0x58, 
	0xF4, 0xD4, 0x97, 0xA2, 0x3D, 0xAF, 0xD5, 0x45, 0x73, 0x82, 0x51, 0xF9, 
	0x3F, 0x11, 0x00, 0x00, 0xE0, 0x36, 0x09, 0x46, 0x73, 0x94, 0xE1, 0xE7, 
	0x5C, 0x19, 0x76, 0x5A, 0x19, 0x08, 0x46, 0xD3, 0x5D, 0x1A, 0x8C, 0x4E, 
	0xEF, 0x83, 0x74, 0xF8, 0xAB, 0x6B, 0xA7, 0x32, 0xCE, 0x74, 0xB5, 0x5E, 
	0x95, 0x54, 0x0F, 0x40, 0xA7, 0x4E, 0x43, 0x4E, 0x6D, 0xDB, 0x8C, 0x3D, 
	0x97, 0x3A, 0x0D, 0x45, 0x07, 0xA7, 0x8F, 0x1F, 0x62, 0xD1, 0xC7, 0x43, 
	0x30, 0x9A, 0x1D, 0x8B, 0x86, 0x82, 0xD1, 0x39, 0xB1, 0xA8, 0x0C, 0x46, 
	0xE7, 0xC7, 0xA2, 0x0B, 0x56, 0x17, 0x5D, 0x74, 0x29, 0xDA, 0x76, 0x56, 
	0x17, 0x7D, 0x6A, 0xB6, 0xBA, 0xA8, 0x2F, 0x18, 0xD5, 0x62, 0xD1, 0x3E, 
	0x18, 0xE5, 0xEA, 0x22, 0xC1, 0x08, 0x00, 0x00, 0x9E, 0x0F, 0xC1, 0x68, 
	0x8E, 0x32, 0xFC, 0x9C, 0x2B, 0xC3, 0x4E, 0x2B, 0x2F, 0xFE, 0xF9, 0xFB, 
	0xBF, 0xBB, 0xFB, 0xE7, 0xEF, 0xFF, 0xFE, 0x51, 0xC6, 0xA0, 0x29, 0x46, 
	0x83, 0x51, 0x27, 0x08, 0x4D, 0x31, 0x14, 0x8C, 0xCA, 0x7B, 0x25, 0x65, 
	0xC0, 0x19, 0x33, 0x7D, 0x9F, 0xE1, 0x58, 0x94, 0x21, 0x67, 0x67, 0xEC, 
	0xF9, 0x4B, 0xE4, 0xAA, 0xA2, 0xAE, 0xE9, 0xC1, 0x28, 0x23, 0xD1, 0x53, 
	0xC7, 0xA2, 0xA9, 0x97, 0xA2, 0x65, 0x28, 0xBA, 0x28, 0x16, 0x15, 0xC1, 
	0xE8, 0xFC, 0xD5, 0x45, 0xE3, 0xB1, 0xA8, 0x1E, 0x8C, 0xB6, 0xB4, 0xBA, 
	0xA8, 0x1E, 0x8C, 0x6A, 0xB1, 0xA8, 0x2F, 0x18, 0xD5, 0x56, 0x17, 0xB9, 
	0x1C, 0x0D, 0x00, 0x00, 0x9E, 0x13, 0xC1, 0x68, 0x8E, 0x32, 0xFC, 0x9C, 
	0x2B, 0xC3, 0x4E, 0x2B, 0x45, 0x30, 0x3A, 0xC7, 0x0F, 0xAF, 0x3F, 0xF5, 
	0x2A, 0x63, 0xD0, 0x14, 0xA7, 0xC1, 0x28, 0x2F, 0x59, 0xAB, 0x04, 0xA9, 
	0x09, 0x01, 0x68, 0x1F, 0x5D, 0xA6, 0x6D, 0x7F, 0x08, 0x34, 0x73, 0x42, 
	0xD1, 0x71, 0x9F, 0xF1, 0x6D, 0x86, 0xD4, 0xEE, 0x49, 0x74, 0x78, 0xBC, 
	0x3F, 0x16, 0xF5, 0x04, 0xA3, 0x57, 0x65, 0x30, 0xCA, 0x48, 0x34, 0x3D, 
	0x16, 0x0D, 0xDD, 0xB7, 0x68, 0xF9, 0x58, 0x54, 0x0F, 0x46, 0x65, 0x2C, 
	0x1A, 0xBE, 0x14, 0xAD, 0xF5, 0xEA, 0xA2, 0x7D, 0x2C, 0x2A, 0x83, 0x51, 
	0x19, 0x8B, 0x6E, 0x71, 0x75, 0x51, 0x19, 0x8C, 0xCA, 0xFF, 0x81, 0x00, 
	0x00, 0x00, 0xB7, 0x4B, 0x30, 0x9A, 0xA3, 0x0C, 0x3F, 0xE7, 0xCA, 0xB0, 
	0xD3, 0xCA, 0x22, 0xC1, 0x68, 0x27, 0x43, 0xD1, 0x65, 0xC1, 0x28, 0x54, 
	0x02, 0x51, 0xCA, 0xA8, 0x73, 0x8C, 0x36, 0xE5, 0xB6, 0xB5, 0x7D, 0x32, 
	0xD0, 0xEC, 0xE4, 0xF1, 0xFA, 0xB6, 0x5B, 0xC2, 0x69, 0x0C, 0xEA, 0x7F, 
	0xAE, 0x2F, 0x16, 0x9D, 0x06, 0xA3, 0x4F, 0xFB, 0x60, 0xF4, 0xAA, 0x0C, 
	0x46, 0x19, 0x89, 0x96, 0x89, 0x45, 0x65, 0x28, 0x3A, 0x06, 0xA3, 0xBE, 
	0x58, 0x74, 0xCE, 0xA5, 0x68, 0x65, 0x28, 0x9A, 0xBC, 0xBA, 0xE8, 0xCC, 
	0x58, 0x74, 0x3D, 0xAB, 0x8B, 0x46, 0x82, 0x51, 0x27, 0x16, 0xF5, 0x05, 
	0xA3, 0x5A, 0x2C, 0xEA, 0x0B, 0x46, 0xB5, 0x58, 0x64, 0x75, 0x11, 0x00, 
	0x00, 0x3C, 0x37, 0x82, 0xD1, 0x1C, 0x65, 0xF8, 0x39, 0x57, 0x86, 0x9D, 
	0x56, 0x5E, 0xFC, 0xF3, 0xF7, 0x7F, 0x5B, 0xC4, 0x9F, 0x73, 0x64, 0x28, 
	0x5A, 0x2B, 0x18, 0xED, 0x23, 0x4B, 0xF9, 0x7C, 0xCD, 0x58, 0x00, 0x7A, 
	0x8A, 0x50, 0xB4, 0x93, 0x21, 0xA8, 0x7C, 0xAE, 0xDC, 0xA6, 0x74, 0x7C, 
	0x7E, 0x17, 0x8B, 0x32, 0x18, 0x65, 0x24, 0x5A, 0x2A, 0x16, 0xCD, 0x59, 
	0x5D, 0x74, 0x7E, 0x2C, 0xDA, 0xC6, 0xA5, 0x68, 0xB5, 0xD5, 0x45, 0x53, 
	0x62, 0xD1, 0x53, 0xAE, 0x2E, 0x1A, 0x0F, 0x46, 0x65, 0x2C, 0xEA, 0x0F, 
	0x46, 0xB5, 0x58, 0xD4, 0x17, 0x8C, 0xCA, 0xFF, 0x79, 0x00, 0x00, 0x00, 
	0xB7, 0x4D, 0x30, 0x9A, 0xA3, 0x0C, 0x3F, 0xE7, 0xCA, 0xB0, 0xD3, 0xCA, 
	0x43, 0x30, 0xDA, 0xAD, 0x32, 0xBA, 0xCC, 0x0F, 0xAF, 0x3F, 0x56, 0xFD, 
	0x58, 0x31, 0x3B, 0x2A, 0x55, 0x62, 0xCF, 0xC5, 0x76, 0x97, 0xBB, 0x55, 
	0xE2, 0xCD, 0xB2, 0xCA, 0x00, 0x94, 0xFA, 0x43, 0xD0, 0xD4, 0x50, 0xD4, 
	0x75, 0x88, 0x45, 0xA7, 0xC1, 0x28, 0x23, 0xD1, 0x36, 0x63, 0x51, 0x7F, 
	0x30, 0xCA, 0x50, 0xB4, 0xFE, 0xA5, 0x68, 0xFD, 0xC1, 0x28, 0x43, 0xD1, 
	0x35, 0xAE, 0x2E, 0x1A, 0x0E, 0x46, 0xB5, 0x58, 0x24, 0x18, 0x01, 0x00, 
	0xC0, 0x73, 0x24, 0x18, 0xCD, 0x51, 0x86, 0x9F, 0x73, 0x65, 0xD8, 0x69, 
	0xE5, 0xC5, 0xBF, 0xFF, 0xFE, 0xEF, 0xEE, 0x96, 0x90, 0xA1, 0x68, 0xD8, 
	0xCC, 0x60, 0xB4, 0x54, 0x34, 0xCA, 0xBF, 0xC0, 0x56, 0x09, 0x38, 0xC3, 
	0x76, 0xC7, 0xC9, 0xC7, 0xFA, 0x1C, 0x23, 0x4E, 0xF9, 0xDC, 0x94, 0x10, 
	0x34, 0x65, 0x9B, 0x52, 0x06, 0xA3, 0x5F, 0x7B, 0x82, 0xD1, 0x53, 0xC6, 
	0xA2, 0x63, 0x30, 0x5A, 0xF2, 0xBE, 0x45, 0x43, 0xC1, 0xA8, 0x7F, 0x75, 
	0x51, 0x86, 0xA2, 0x5A, 0x2C, 0xAA, 0xAD, 0x2E, 0x9A, 0x12, 0x8B, 0x6A, 
	0xAB, 0x8B, 0xFA, 0x63, 0xD1, 0x70, 0x30, 0x1A, 0x8B, 0x45, 0xDB, 0x5A, 
	0x5D, 0xE4, 0x72, 0x34, 0x00, 0x00, 0x78, 0x8E, 0x04, 0xA3, 0x39, 0xCA, 
	0xF0, 0x73, 0xAE, 0x0C, 0x3B, 0xAD, 0x3C, 0x8F, 0x60, 0x14, 0x37, 0xD1, 
	0x3E, 0x1E, 0xB3, 0x0C, 0x39, 0x75, 0xA7, 0xC7, 0xCB, 0xE7, 0x52, 0x19, 
	0x71, 0x72, 0x9B, 0x69, 0x21, 0x68, 0xCA, 0x36, 0xA5, 0xD3, 0x58, 0xF4, 
	0xED, 0xAB, 0xAF, 0xAA, 0xC1, 0x68, 0x4E, 0x2C, 0xAA, 0x07, 0xA3, 0x73, 
	0x62, 0xD1, 0xD0, 0xEA, 0xA2, 0xBE, 0x58, 0x54, 0x5F, 0x5D, 0x74, 0x6E, 
	0x2C, 0xAA, 0x05, 0xA3, 0x0C, 0x45, 0xE7, 0xAF, 0x2E, 0x2A, 0x63, 0xD1, 
	0xB9, 0x97, 0xA2, 0x4D, 0x09, 0x46, 0xEB, 0xAC, 0x2E, 0xDA, 0x07, 0xA3, 
	0x8C, 0x45, 0x56, 0x17, 0x01, 0x00, 0xC0, 0xF3, 0x24, 0x18, 0xCD, 0x51, 
	0x86, 0x9F, 0x73, 0x65, 0xD8, 0x69, 0x65, 0x93, 0xC1, 0x68, 0xFF, 0x78, 
	0x77, 0x9F, 0x22, 0x02, 0x8D, 0xF8, 0x21, 0x57, 0x13, 0x55, 0x5E, 0xA7, 
	0x1B, 0x70, 0xF6, 0x32, 0xFE, 0x74, 0x8E, 0x59, 0x89, 0x3F, 0xB9, 0xFD, 
	0xFD, 0x7B, 0x8F, 0x88, 0x53, 0xBE, 0x4E, 0xB9, 0xCD, 0x90, 0xEF, 0x2B, 
	0xC7, 0xEC, 0x73, 0x5C, 0x61, 0xF4, 0x55, 0x35, 0x18, 0x3D, 0xCF, 0x58, 
	0x64, 0x75, 0x51, 0x2D, 0x16, 0xD5, 0x82, 0x91, 0x9B, 0x5D, 0x03, 0x00, 
	0x00, 0x53, 0x09, 0x46, 0x73, 0x94, 0xE1, 0xE7, 0x5C, 0x19, 0x76, 0x5A, 
	0xD9, 0x40, 0x30, 0xCA, 0xE7, 0xEA, 0x32, 0xDE, 0xA4, 0xFD, 0xB1, 0xBE, 
	0xEB, 0x28, 0x02, 0x51, 0x2D, 0x4C, 0x55, 0x83, 0x51, 0x19, 0x8A, 0x0E, 
	0xCA, 0x48, 0x74, 0x12, 0x8A, 0x1E, 0x8F, 0x59, 0xEE, 0x73, 0x4E, 0x28, 
	0xDA, 0xD9, 0xC5, 0xA2, 0xF9, 0xC1, 0x68, 0x1F, 0x8B, 0x32, 0x18, 0xB5, 
	0x8A, 0x45, 0xFB, 0x60, 0xD4, 0x3E, 0x16, 0xED, 0x83, 0x51, 0x37, 0x16, 
	0x55, 0x83, 0xD1, 0x82, 0xB1, 0xA8, 0x76, 0xA3, 0xEB, 0x32, 0x18, 0x95, 
	0xB1, 0xC8, 0xEA, 0x22, 0x00, 0x00, 0xE0, 0xD6, 0x09, 0x46, 0x73, 0x94, 
	0xE1, 0xE7, 0x5C, 0x19, 0x76, 0x5A, 0x79, 0xF1, 0xEF, 0xBE, 0xFF, 0xDB, 
	0xBB, 0xD2, 0xDF, 0x3D, 0xCA, 0x30, 0x34, 0x64, 0x17, 0x76, 0xBE, 0xAF, 
	0xC8, 0xF8, 0x73, 0x8E, 0x8C, 0x38, 0x45, 0xA4, 0x79, 0x0C, 0x46, 0xC7, 
	0xFF, 0xCE, 0x40, 0xF4, 0x18, 0x89, 0x3A, 0x71, 0xA7, 0xBB, 0xF2, 0xA7, 
	0x2F, 0x14, 0x1D, 0x0C, 0x86, 0xA2, 0xC7, 0x63, 0x2E, 0xE3, 0x10, 0x8B, 
	0xE6, 0x44, 0xA3, 0xD3, 0x58, 0x74, 0x1A, 0x8C, 0xB6, 0x17, 0x8B, 0x86, 
	0x82, 0x51, 0x19, 0x8A, 0xCE, 0x5F, 0x5D, 0x54, 0xBF, 0x14, 0xAD, 0x16, 
	0x8C, 0xCE, 0xBB, 0x14, 0xAD, 0x1E, 0x8C, 0xA6, 0xAC, 0x2E, 0x3A, 0x27, 
	0x16, 0x59, 0x5D, 0x04, 0x00, 0x00, 0x6C, 0x85, 0x60, 0x34, 0x47, 0x19, 
	0x7E, 0xCE, 0x95, 0x61, 0xA7, 0x95, 0x9E, 0x60, 0x74, 0x9E, 0xEF, 0x5F, 
	0x7F, 0xFB, 0xA0, 0x4D, 0x30, 0x2A, 0xC2, 0xCC, 0x88, 0xC1, 0x50, 0x74, 
	0x10, 0x2B, 0x7F, 0xFA, 0x42, 0x51, 0xB1, 0x4D, 0x1E, 0xA7, 0x73, 0xCC, 
	0xCB, 0x64, 0x28, 0xDA, 0xFB, 0x58, 0x6C, 0x97, 0xBE, 0x7F, 0xF3, 0xB1, 
	0x1A, 0x8C, 0x6A, 0xA1, 0xE8, 0xA9, 0x63, 0x51, 0x19, 0x8C, 0x9E, 0x22, 
	0x16, 0x5D, 0xB6, 0xBA, 0xE8, 0xDC, 0x58, 0x74, 0xEE, 0xEA, 0xA2, 0x8C, 
	0x45, 0xB5, 0x60, 0x34, 0x3F, 0x16, 0xD5, 0x83, 0x51, 0xC6, 0xA2, 0x29, 
	0xAB, 0x8B, 0xCA, 0x60, 0x54, 0xFE, 0x0F, 0x03, 0x00, 0x00, 0x78, 0x3E, 
	0x04, 0xA3, 0x39, 0xCA, 0xF0, 0x73, 0xAE, 0x0C, 0x3B, 0xAD, 0x6C, 0x38, 
	0x18, 0x55, 0x42, 0x4C, 0x0B, 0x95, 0xF0, 0x32, 0x28, 0xF7, 0xAF, 0xC9, 
	0x7D, 0xC2, 0xF7, 0x95, 0xC7, 0x1E, 0x9F, 0x2B, 0x42, 0xD1, 0x3E, 0x16, 
	0x0D, 0x05, 0xA3, 0x5D, 0x28, 0xAA, 0xC5, 0xA2, 0x63, 0x30, 0x6A, 0x15, 
	0x8B, 0xCA, 0x60, 0x74, 0x59, 0x2C, 0xAA, 0x5F, 0x8A, 0x36, 0x1C, 0x8B, 
	0xD6, 0xBC, 0x14, 0xED, 0xA7, 0x22, 0x14, 0x9D, 0x1B, 0x8B, 0x6A, 0xC1, 
	0x28, 0x63, 0x51, 0x2D, 0x18, 0x1D, 0x63, 0x51, 0x5F, 0x30, 0x2A, 0x63, 
	0x51, 0x2D, 0x18, 0x59, 0x5D, 0x04, 0x00, 0x00, 0xCC, 0x25, 0x18, 0xCD, 
	0x51, 0x86, 0x9F, 0x73, 0x65, 0xD8, 0x69, 0x65, 0x13, 0xC1, 0xE8, 0xFE, 
	0x72, 0xAB, 0x5E, 0x8D, 0x23, 0x52, 0x25, 0xC0, 0x54, 0xE5, 0x7E, 0x43, 
	0x72, 0xDF, 0xC7, 0xB0, 0x73, 0x94, 0xCF, 0xDD, 0x3F, 0x5F, 0x84, 0xA2, 
	0x63, 0x2C, 0xDA, 0x05, 0xA1, 0xDC, 0x7E, 0x7F, 0xCC, 0xFD, 0x73, 0x45, 
	0x30, 0x7A, 0xB9, 0xF7, 0xEB, 0x87, 0x9F, 0x9E, 0x2C, 0x16, 0x1D, 0x83, 
	0xD1, 0x72, 0xB1, 0x68, 0x1F, 0x8C, 0x26, 0xDC, 0xB7, 0xA8, 0x08, 0x46, 
	0xDB, 0xBD, 0x14, 0xAD, 0x16, 0x8C, 0x32, 0x16, 0xD5, 0x82, 0x51, 0xC6, 
	0x22, 0xAB, 0x8B, 0x00, 0x00, 0x80, 0x35, 0x09, 0x46, 0x73, 0x94, 0xE1, 
	0xE7, 0x5C, 0x19, 0x76, 0x5A, 0x79, 0xF1, 0x6F, 0xBF, 0xFB, 0xDB, 0xBB, 
	0x7F, 0xFB, 0xDD, 0xDF, 0x3D, 0xCA, 0x08, 0x34, 0x47, 0x11, 0x8C, 0x5E, 
	0x9D, 0x88, 0x88, 0x94, 0x61, 0x64, 0x1F, 0x5B, 0xCA, 0x98, 0xB4, 0x7A, 
	0x30, 0xCA, 0xED, 0xA7, 0xEA, 0x44, 0x9D, 0xD4, 0x8D, 0x3F, 0xF9, 0xB3, 
	0xC8, 0x50, 0x74, 0x90, 0xEF, 0xED, 0xF4, 0xB9, 0x4E, 0x30, 0x7A, 0x88, 
	0x45, 0xB5, 0x60, 0xB4, 0xD5, 0x58, 0xF4, 0x9C, 0x2F, 0x45, 0xAB, 0x05, 
	0xA3, 0x8C, 0x45, 0xB5, 0x60, 0x54, 0xC4, 0xA2, 0x22, 0x18, 0x95, 0xB1, 
	0xA8, 0x16, 0x8C, 0xCE, 0x59, 0x5D, 0x24, 0x18, 0x01, 0x00, 0x00, 0x82, 
	0xD1, 0x1C, 0x65, 0xF8, 0x39, 0x57, 0x86, 0x9D, 0x56, 0x8A, 0x60, 0x74, 
	0x89, 0x4E, 0x20, 0x4A, 0x45, 0x30, 0xEA, 0x2A, 0xE3, 0x50, 0x4D, 0x2D, 
	0x32, 0xF5, 0x29, 0x23, 0x53, 0x75, 0x9F, 0x0C, 0x44, 0x33, 0x42, 0xD1, 
	0x69, 0xDC, 0xC9, 0xE7, 0xEA, 0xB1, 0xA8, 0x0C, 0x40, 0x65, 0x28, 0xAA, 
	0xC7, 0xA2, 0x0C, 0x46, 0xF9, 0xDC, 0x21, 0x18, 0x7D, 0x73, 0x12, 0x8B, 
	0x4E, 0x83, 0x51, 0x37, 0x14, 0x1D, 0x63, 0x51, 0x19, 0x8A, 0x2E, 0x89, 
	0x45, 0x43, 0x37, 0xB9, 0xBE, 0x8E, 0x58, 0x34, 0x35, 0x18, 0x65, 0x28, 
	0x5A, 0x76, 0x75, 0xD1, 0x78, 0x2C, 0xAA, 0x06, 0xA3, 0x27, 0x5B, 0x5D, 
	0xE4, 0x72, 0x34, 0x00, 0x00, 0x40, 0x30, 0x9A, 0xA7, 0x0C, 0x3F, 0xE7, 
	0xCA, 0xB0, 0xD3, 0xCA, 0x8B, 0x7F, 0xFB, 0xDD, 0xDF, 0xDC, 0xED, 0xA3, 
	0xD1, 0xE5, 0xBE, 0x7F, 0xF5, 0xED, 0x89, 0x65, 0x82, 0x51, 0x77, 0xBB, 
	0xB1, 0x60, 0x54, 0xDB, 0x7F, 0x6C, 0x9F, 0xD3, 0x50, 0x74, 0x78, 0x2F, 
	0x95, 0x6D, 0x42, 0x27, 0xEC, 0x54, 0xF6, 0xA9, 0xAD, 0x2A, 0xEA, 0xA8, 
	0xBC, 0xB7, 0xC7, 0xE3, 0xE5, 0xB6, 0x27, 0xC1, 0x28, 0x1F, 0x3B, 0xB5, 
	0x8B, 0x45, 0xB5, 0x60, 0xB4, 0x7E, 0x2C, 0x1A, 0x0A, 0x46, 0x65, 0x28, 
	0x1A, 0x8F, 0x45, 0xC3, 0xF7, 0x2D, 0xAA, 0x05, 0xA3, 0x0C, 0x45, 0x5B, 
	0xB9, 0x14, 0xAD, 0x16, 0x8C, 0x32, 0x16, 0xD5, 0x82, 0x51, 0x11, 0x8B, 
	0x8A, 0x60, 0x54, 0xC6, 0xA2, 0x5A, 0x30, 0xB2, 0xBA, 0x08, 0x00, 0x00, 
	0x38, 0x97, 0x60, 0x34, 0x47, 0x19, 0x7E, 0xCE, 0x95, 0x61, 0xA7, 0x95, 
	0x45, 0x83, 0xD1, 0xCE, 0xB9, 0xC1, 0x68, 0x9A, 0x32, 0xB0, 0x64, 0x20, 
	0x3A, 0x27, 0x32, 0xE5, 0xEB, 0x94, 0xDB, 0xF4, 0x87, 0xA2, 0xDC, 0xE7, 
	0xF1, 0xB5, 0xFA, 0x42, 0xD1, 0x63, 0x2C, 0xCA, 0xF7, 0xF6, 0xF0, 0x58, 
	0x6E, 0x3B, 0x43, 0x2D, 0x18, 0xFD, 0xA6, 0x08, 0x46, 0x5B, 0x8A, 0x45, 
	0xF5, 0xFB, 0x16, 0xD5, 0x62, 0xD1, 0xB4, 0xD5, 0x45, 0xF5, 0x58, 0x34, 
	0x1C, 0x8C, 0x2E, 0x8F, 0x45, 0xB5, 0x4B, 0xD1, 0x8E, 0xC1, 0x68, 0x5E, 
	0x2C, 0xB2, 0xBA, 0x08, 0x00, 0x00, 0xB8, 0x16, 0x82, 0xD1, 0x1C, 0x65, 
	0xF8, 0x39, 0x57, 0x86, 0x9D, 0x56, 0xAE, 0x2C, 0x18, 0x95, 0xEA, 0x91, 
	0xE8, 0x54, 0x5F, 0x30, 0xCA, 0xED, 0x4E, 0x8F, 0x59, 0x8B, 0x44, 0xF5, 
	0x50, 0x74, 0xBA, 0x4F, 0xE7, 0xB5, 0x2A, 0x41, 0x27, 0xF7, 0x29, 0x8E, 
	0x99, 0xDB, 0xCF, 0xF2, 0x6D, 0x11, 0x8C, 0x76, 0xFF, 0x7E, 0x0C, 0x46, 
	0x43, 0xF7, 0x2B, 0xDA, 0x4E, 0x2C, 0xDA, 0x07, 0xA3, 0x73, 0x62, 0xD1, 
	0x2D, 0x5C, 0x8A, 0x66, 0x75, 0x11, 0x00, 0x00, 0x70, 0x3D, 0x04, 0xA3, 
	0x39, 0xCA, 0xF0, 0x73, 0xAE, 0x0C, 0x3B, 0xAD, 0xBC, 0xF8, 0xA7, 0xEF, 
	0xFE, 0xE6, 0xEE, 0x9F, 0xBE, 0xFB, 0xDB, 0xC5, 0x7C, 0xF7, 0xEA, 0xDB, 
	0x07, 0x1F, 0x3B, 0xCA, 0x58, 0xF2, 0x54, 0xA6, 0x05, 0x9F, 0x53, 0x73, 
	0x42, 0xD1, 0x51, 0x6C, 0x7F, 0x1A, 0x73, 0x8A, 0x6D, 0x43, 0x11, 0x7F, 
	0xA6, 0xF9, 0xEE, 0xF1, 0xDF, 0x8F, 0xB1, 0xE8, 0x10, 0x8C, 0x0E, 0xFF, 
	0xBE, 0x0F, 0x46, 0xD7, 0x14, 0x8B, 0xCA, 0x60, 0xD4, 0x26, 0x16, 0xB5, 
	0x5B, 0x5D, 0x34, 0x25, 0x16, 0xD5, 0x82, 0x51, 0x86, 0xA2, 0x5A, 0x2C, 
	0xAA, 0x06, 0x23, 0xAB, 0x8B, 0x00, 0x00, 0x80, 0x15, 0x08, 0x46, 0x73, 
	0x94, 0xE1, 0xE7, 0x5C, 0x19, 0x76, 0x5A, 0x79, 0x06, 0xC1, 0xE8, 0x1C, 
	0x73, 0x42, 0xD1, 0xE9, 0x3E, 0xF1, 0xD8, 0x58, 0x2C, 0xAA, 0x44, 0xA0, 
	0xA9, 0x76, 0xB1, 0x68, 0x1F, 0x8C, 0xBE, 0x2D, 0x56, 0x17, 0x9D, 0xC6, 
	0xA3, 0xDF, 0x7C, 0xF8, 0xF1, 0xD9, 0xC6, 0xA2, 0x5A, 0x30, 0x6A, 0x1D, 
	0x8B, 0xA6, 0x06, 0xA3, 0x8C, 0x45, 0xB5, 0x60, 0x34, 0x29, 0x16, 0x15, 
	0xC1, 0xA8, 0x8C, 0x45, 0xB5, 0x60, 0x64, 0x75, 0x11, 0x00, 0x00, 0x70, 
	0x29, 0xC1, 0x68, 0x8E, 0x32, 0xFC, 0x9C, 0x2B, 0xC3, 0x4E, 0x2B, 0x2F, 
	0xFE, 0xE9, 0xBB, 0xBF, 0xBE, 0xDB, 0x47, 0xA3, 0x53, 0x65, 0x08, 0x9A, 
	0xEA, 0x18, 0x8C, 0x4A, 0xDF, 0xBF, 0x4E, 0x95, 0x88, 0xF2, 0xFA, 0xE3, 
	0xDD, 0x77, 0x27, 0xF2, 0xB9, 0x6B, 0x31, 0xFA, 0xDE, 0x2B, 0x11, 0x68, 
	0x8A, 0x43, 0x28, 0xFA, 0xEE, 0xCD, 0xB7, 0x8F, 0x72, 0x85, 0xD1, 0xD1, 
	0x97, 0x8F, 0xC1, 0xA8, 0x0C, 0x45, 0xCB, 0xC5, 0xA2, 0x32, 0x18, 0xF5, 
	0xC7, 0xA2, 0xA7, 0xBA, 0xC9, 0x75, 0x2D, 0x16, 0x8D, 0x5F, 0x8A, 0xB6, 
	0x8F, 0x45, 0x53, 0x83, 0xD1, 0xB9, 0x97, 0xA2, 0xD5, 0x82, 0x51, 0xC6, 
	0xA2, 0xC9, 0xC1, 0xC8, 0xEA, 0x22, 0x00, 0x00, 0x60, 0x25, 0x82, 0xD1, 
	0x1C, 0x65, 0xF8, 0x39, 0x57, 0x86, 0x9D, 0x56, 0x7A, 0x82, 0xD1, 0xF9, 
	0x32, 0x12, 0xF5, 0x05, 0xA3, 0xEF, 0xEE, 0x75, 0xE3, 0x50, 0x4D, 0x11, 
	0x5A, 0x36, 0x6E, 0xF4, 0xBD, 0x57, 0x22, 0xD0, 0x54, 0xF7, 0xC7, 0x8D, 
	0x58, 0xD4, 0x1F, 0x8C, 0xBE, 0x7C, 0x0C, 0x46, 0x65, 0x28, 0xBA, 0xD2, 
	0x58, 0x54, 0x04, 0xA3, 0x25, 0x63, 0xD1, 0xE5, 0xAB, 0x8B, 0xCE, 0x8D, 
	0x45, 0x67, 0xDF, 0xE8, 0xBA, 0x08, 0x46, 0x65, 0x2C, 0xAA, 0x05, 0x23, 
	0xAB, 0x8B, 0x00, 0x00, 0x80, 0x25, 0x08, 0x46, 0x73, 0x94, 0xE1, 0xE7, 
	0x5C, 0x19, 0x76, 0x5A, 0x79, 0xF1, 0x8F, 0xDF, 0xFD, 0xF5, 0xDD, 0x3F, 
	0x7E, 0xF7, 0x37, 0xA3, 0x32, 0x0C, 0x1D, 0xE4, 0x76, 0x19, 0x89, 0x3A, 
	0x1E, 0x43, 0xD1, 0x32, 0xC1, 0xE8, 0x29, 0x2E, 0x75, 0x9B, 0xF2, 0x3E, 
	0x4E, 0xB7, 0x1B, 0x7C, 0xEF, 0x95, 0x08, 0xF4, 0x18, 0x83, 0x1E, 0xE3, 
	0x4F, 0xF9, 0xDC, 0x63, 0x2C, 0xDA, 0x89, 0x58, 0x74, 0x90, 0xA1, 0xE8, 
	0xE0, 0x97, 0x6A, 0x30, 0x1A, 0x8A, 0x45, 0x65, 0x28, 0x7A, 0xEA, 0x58, 
	0x74, 0xE9, 0xA5, 0x68, 0x19, 0x8A, 0xDA, 0x5C, 0x8A, 0x76, 0x5E, 0x30, 
	0x2A, 0x63, 0xD1, 0xB4, 0xD5, 0x45, 0x53, 0x62, 0x51, 0x2D, 0x18, 0x65, 
	0x2C, 0xB2, 0xBA, 0x08, 0x00, 0x00, 0x58, 0x8A, 0x60, 0x34, 0x47, 0x19, 
	0x7E, 0xCE, 0x95, 0x61, 0xA7, 0x95, 0xC9, 0xC1, 0x68, 0x8E, 0x22, 0x14, 
	0x5D, 0x1C, 0x8C, 0x1E, 0x56, 0x25, 0xDD, 0x1F, 0xA7, 0x7B, 0x6F, 0xA4, 
	0xA9, 0xD1, 0xA8, 0x3C, 0xE6, 0xB0, 0xFA, 0xFB, 0x28, 0xE5, 0x76, 0x47, 
	0x27, 0x97, 0xDC, 0x55, 0x02, 0x50, 0x2D, 0x16, 0xD5, 0x82, 0xD1, 0xE9, 
	0xF1, 0x1E, 0xF5, 0x06, 0xA3, 0x6E, 0x2C, 0x2A, 0x83, 0x51, 0x7F, 0x28, 
	0x12, 0x8B, 0xEA, 0xC1, 0x28, 0x43, 0xD1, 0x25, 0xB1, 0xA8, 0x16, 0x8C, 
	0x32, 0x14, 0xD5, 0x62, 0x51, 0x35, 0x18, 0x4D, 0xB8, 0x14, 0xAD, 0x16, 
	0x8C, 0xAC, 0x2E, 0x02, 0x00, 0x00, 0x96, 0x22, 0x18, 0xCD, 0x51, 0x86, 
	0x9F, 0x73, 0x65, 0xD8, 0x69, 0x65, 0xE5, 0x60, 0x94, 0xD1, 0xE8, 0xE4, 
	0xF1, 0xDC, 0xF7, 0xD1, 0xF4, 0x60, 0x54, 0x46, 0x9C, 0xA3, 0xDC, 0x76, 
	0x6C, 0x9F, 0xA9, 0xDB, 0xED, 0xED, 0x3F, 0x43, 0xC6, 0x9F, 0x94, 0xD1, 
	0x27, 0x83, 0x51, 0x1E, 0x6F, 0x38, 0x18, 0x95, 0xB1, 0xA8, 0x1B, 0x8C, 
	0xFA, 0x63, 0x51, 0xDF, 0x25, 0x68, 0x2D, 0x63, 0xD1, 0x3E, 0x18, 0x9D, 
	0x1F, 0x8B, 0xE6, 0x07, 0xA3, 0x2D, 0x5E, 0x8A, 0x56, 0x06, 0xA3, 0x7D, 
	0x2C, 0x9A, 0xBF, 0xBA, 0x28, 0x43, 0x51, 0x2D, 0x16, 0x59, 0x5D, 0x04, 
	0x00, 0x00, 0x2C, 0x49, 0x30, 0x9A, 0xA3, 0x0C, 0x3F, 0xE7, 0xCA, 0xB0, 
	0xD3, 0xCA, 0xFA, 0xC1, 0x28, 0xB7, 0x19, 0x35, 0x1C, 0x8C, 0x6A, 0xE1, 
	0xA6, 0x0C, 0x3A, 0x43, 0xFB, 0xF4, 0x1B, 0xDF, 0xB6, 0xFB, 0xD9, 0x32, 
	0x10, 0x8D, 0xC5, 0xA2, 0x43, 0x30, 0xEA, 0x3B, 0xDE, 0xA3, 0x9E, 0x58, 
	0xF4, 0x75, 0x6F, 0x30, 0x5A, 0x2E, 0x16, 0x75, 0x43, 0x91, 0x58, 0x34, 
	0x35, 0x18, 0x65, 0x28, 0xAA, 0xC5, 0xA2, 0x25, 0x57, 0x17, 0x7D, 0xF5, 
	0xBE, 0x0C, 0x46, 0x19, 0x8B, 0xAC, 0x2E, 0x02, 0x00, 0x00, 0x2E, 0x21, 
	0x18, 0xCD, 0x51, 0x86, 0x9F, 0x73, 0x65, 0xD8, 0x69, 0xE5, 0xC5, 0x3F, 
	0x7C, 0xFA, 0xAB, 0xBB, 0x7F, 0xF8, 0xF4, 0xD7, 0x8F, 0xF6, 0x01, 0xE9, 
	0x32, 0x9F, 0x5E, 0x7D, 0xF3, 0xE0, 0xDB, 0x51, 0x65, 0x10, 0x9A, 0x22, 
	0xA2, 0xD1, 0x58, 0x60, 0xA9, 0x44, 0xA3, 0xFE, 0xF8, 0x53, 0xDF, 0x7E, 
	0x58, 0xBE, 0xD6, 0xD1, 0xD4, 0x50, 0xF4, 0xE8, 0xF1, 0xB5, 0xCB, 0x63, 
	0x3D, 0xAA, 0x04, 0xA3, 0x5A, 0x2C, 0x3A, 0x04, 0xA3, 0x8C, 0x44, 0x63, 
	0xB1, 0xE8, 0x18, 0x8A, 0x5A, 0xC5, 0xA2, 0x32, 0x18, 0x55, 0x6F, 0x72, 
	0xBD, 0x48, 0x2C, 0x1A, 0xBF, 0x14, 0x6D, 0x7A, 0x2C, 0x2A, 0x83, 0xD1, 
	0x94, 0x58, 0x54, 0x0B, 0x46, 0x19, 0x8A, 0x26, 0xC7, 0xA2, 0x22, 0x18, 
	0x95, 0xB1, 0x68, 0xB9, 0xD5, 0x45, 0xE5, 0xFF, 0x10, 0x00, 0x00, 0x00, 
	0x0E, 0x04, 0xA3, 0x39, 0xCA, 0xF0, 0x73, 0xAE, 0x0C, 0x3B, 0xAD, 0x14, 
	0xC1, 0x68, 0x09, 0x4F, 0x17, 0x8C, 0x1E, 0xFE, 0x3B, 0x83, 0x4A, 0x55, 
	0x46, 0x9E, 0x29, 0xC1, 0x27, 0xB7, 0x4B, 0xB9, 0x7D, 0x69, 0x5E, 0x28, 
	0x9A, 0x28, 0xF6, 0xDD, 0xC5, 0xA2, 0x5A, 0x30, 0xFA, 0xFA, 0xE5, 0x57, 
	0x77, 0xBF, 0xBC, 0xAF, 0x07, 0xA3, 0xF1, 0x58, 0x34, 0x74, 0x09, 0xDA, 
	0x13, 0xC4, 0xA2, 0x22, 0x18, 0xB5, 0x89, 0x45, 0x53, 0x83, 0xD1, 0x79, 
	0xB1, 0xE8, 0xB2, 0xD5, 0x45, 0xC7, 0x58, 0xD4, 0xB7, 0xBA, 0xE8, 0xFC, 
	0x1B, 0x5D, 0x5B, 0x5D, 0x04, 0x00, 0x00, 0x5C, 0x4A, 0x30, 0x9A, 0xA3, 
	0x0C, 0x3F, 0xE7, 0xCA, 0xB0, 0xD3, 0xCA, 0x43, 0x30, 0x5A, 0xD6, 0x31, 
	0x18, 0x8D, 0xFB, 0xAE, 0x70, 0x0C, 0x43, 0x65, 0x54, 0xCA, 0x6D, 0x1F, 
	0x64, 0x50, 0xB9, 0xD4, 0xAC, 0x10, 0x35, 0xE2, 0xCD, 0x37, 0x61, 0x28, 
	0x14, 0xED, 0x3E, 0x4B, 0xD7, 0xA7, 0x3C, 0xDE, 0xFD, 0x31, 0xF7, 0x3E, 
	0x3D, 0xA8, 0x05, 0xA3, 0xC3, 0x63, 0xFB, 0x60, 0xB4, 0xBB, 0x24, 0xED, 
	0x68, 0x1F, 0x87, 0x7E, 0x5F, 0x38, 0x06, 0xA2, 0xDF, 0x75, 0x1C, 0xE2, 
	0xD0, 0xD1, 0x6F, 0xEF, 0xED, 0xC2, 0x50, 0xE9, 0xD7, 0xBB, 0xDF, 0xF7, 
	0xD8, 0x07, 0xA2, 0xDF, 0x74, 0x74, 0x02, 0xD1, 0xD7, 0xBF, 0x1C, 0x3D, 
	0x04, 0xA2, 0xA3, 0x9F, 0xEF, 0x7E, 0xFD, 0xBA, 0x94, 0xA1, 0xE8, 0x18, 
	0x8C, 0x76, 0x7E, 0xEA, 0x38, 0x8D, 0x44, 0x3F, 0x7F, 0xF5, 0xE3, 0xBD, 
	0x5D, 0x1C, 0xEA, 0xFA, 0xE1, 0xEE, 0xC7, 0x8A, 0x1F, 0xBE, 0xFC, 0xBE, 
	0x70, 0x0C, 0x45, 0xDF, 0x3D, 0x3A, 0xAC, 0x28, 0xDA, 0xFB, 0x74, 0xF7, 
	0xE9, 0x43, 0xE9, 0xE3, 0x87, 0x8F, 0x85, 0x7D, 0x24, 0xFA, 0xB6, 0xE3, 
	0xB8, 0xAA, 0xE8, 0x9B, 0xBD, 0xEA, 0xA5, 0x68, 0xA5, 0xAF, 0xDE, 0x7F, 
	0xDD, 0x71, 0x8C, 0x44, 0x5F, 0x3D, 0x3A, 0x44, 0xA2, 0xBD, 0x2F, 0xEF, 
	0xED, 0x02, 0xD1, 0xD1, 0x87, 0xBB, 0x77, 0x00, 0x00, 0x00, 0x03, 0x5E, 
	0xBD, 0x7A, 0x53, 0xC4, 0x9D, 0x16, 0xCA, 0xF8, 0x32, 0xC7, 0xE7, 0x37, 
	0x27, 0xC3, 0xCE, 0xDE, 0x67, 0x8B, 0x6B, 0x12, 0x8C, 0x76, 0x32, 0x0C, 
	0xF5, 0xD9, 0x05, 0x9F, 0x7C, 0x6C, 0x1F, 0x8A, 0x86, 0xA2, 0xD2, 0x70, 
	0x30, 0xAA, 0x46, 0x96, 0x22, 0xCA, 0xE4, 0xE3, 0xB9, 0x8A, 0x29, 0x9F, 
	0xEF, 0xD9, 0xA7, 0xD7, 0xC3, 0xEB, 0x0C, 0x05, 0xA3, 0xDC, 0xB6, 0x12, 
	0x8B, 0xFA, 0x3E, 0xCB, 0x21, 0x16, 0xD5, 0x82, 0xD1, 0xE1, 0xBF, 0x33, 
	0x18, 0xF5, 0x85, 0xA2, 0x6B, 0x8D, 0x45, 0x7D, 0xC1, 0x68, 0xF9, 0x58, 
	0x54, 0x06, 0xA3, 0x29, 0xB1, 0xA8, 0x1E, 0x8C, 0xCE, 0x8C, 0x45, 0x45, 
	0x30, 0x2A, 0x43, 0x51, 0x2D, 0x16, 0x1D, 0x83, 0xD1, 0x9C, 0x58, 0x24, 
	0x18, 0x01, 0x00, 0x00, 0xE3, 0x04, 0xA3, 0x75, 0x94, 0xB1, 0xE8, 0x46, 
	0x83, 0xD1, 0x14, 0x45, 0x20, 0xAA, 0x38, 0xC4, 0x95, 0x7A, 0x64, 0x29, 
	0x63, 0xCC, 0x63, 0x78, 0xA9, 0xAE, 0x64, 0x3A, 0x0D, 0x46, 0xE5, 0x3E, 
	0xC3, 0xE2, 0x75, 0x8A, 0x60, 0x74, 0x7A, 0x9C, 0x7C, 0x4F, 0x7B, 0xC3, 
	0x9F, 0xE5, 0xE1, 0xF1, 0x9E, 0x60, 0x74, 0x1A, 0x8B, 0x4E, 0x83, 0x91, 
	0x58, 0x34, 0x16, 0x8B, 0x76, 0x97, 0x9E, 0x2D, 0x15, 0x8B, 0x2E, 0x5B, 
	0x5D, 0xD4, 0xB9, 0x5F, 0x51, 0x35, 0x16, 0xD5, 0x83, 0xD1, 0xFE, 0xF2, 
	0xB3, 0x5A, 0x2C, 0xEA, 0x0B, 0x46, 0x62, 0x11, 0x00, 0x00, 0x70, 0x3E, 
	0xC1, 0x68, 0x1D, 0x65, 0x2C, 0x6A, 0x14, 0x8C, 0xFE, 0xFE, 0xD3, 0x5F, 
	0xDE, 0x75, 0xFD, 0xD5, 0x02, 0xFE, 0xF2, 0xEE, 0xD3, 0xAB, 0xAF, 0x1F, 
	0x94, 0x01, 0x68, 0xAE, 0x22, 0x0E, 0xD5, 0x74, 0x22, 0x4B, 0x19, 0x61, 
	0x3A, 0x41, 0xE6, 0x71, 0xBF, 0xA1, 0x60, 0x54, 0xEE, 0xB7, 0x57, 0x06, 
	0x9C, 0xC1, 0x00, 0x74, 0x12, 0x8A, 0x76, 0xEF, 0x6B, 0xFF, 0xDE, 0x7A, 
	0xB6, 0xAD, 0xC4, 0xA2, 0xD3, 0x7D, 0x3A, 0x8F, 0x47, 0x2C, 0xEA, 0xB3, 
	0x0B, 0x46, 0xD7, 0x1C, 0x8B, 0xFA, 0x82, 0x51, 0x86, 0xA2, 0x63, 0x2C, 
	0xEA, 0x06, 0xA3, 0x5A, 0x2C, 0xAA, 0x07, 0xA3, 0x32, 0x16, 0xD5, 0x2E, 
	0x45, 0x3B, 0xBD, 0x5F, 0x51, 0x7F, 0x30, 0x2A, 0x43, 0xD1, 0xD4, 0x58, 
	0xB4, 0x85, 0xD5, 0x45, 0xF9, 0x3F, 0x01, 0x00, 0x00, 0x80, 0x1A, 0xC1, 
	0x68, 0x1D, 0x65, 0x2C, 0x7A, 0xB2, 0x60, 0xB4, 0x8C, 0x25, 0x83, 0xD1, 
	0x24, 0x0F, 0x61, 0xE5, 0x18, 0x58, 0x22, 0xC4, 0xE4, 0xF6, 0xF7, 0x32, 
	0x18, 0x9D, 0x5E, 0xE6, 0xD6, 0x27, 0x23, 0x51, 0x7F, 0xFC, 0xB9, 0x17, 
	0xB1, 0xA8, 0xF6, 0xDE, 0x76, 0xFA, 0x42, 0xD1, 0xD1, 0x79, 0xC1, 0xE8, 
	0xE7, 0xF7, 0x3F, 0x14, 0x91, 0xA8, 0x1B, 0x8A, 0xC4, 0xA2, 0xA9, 0xB1, 
	0x68, 0xDA, 0xEA, 0xA2, 0xF6, 0x97, 0xA2, 0xD5, 0x82, 0x51, 0xFF, 0xEA, 
	0xA2, 0x63, 0x2C, 0xB2, 0xBA, 0x08, 0x00, 0x00, 0x58, 0x92, 0x60, 0xB4, 
	0x8E, 0x32, 0x16, 0x09, 0x46, 0xC3, 0x2A, 0xC1, 0xA8, 0xD8, 0xA6, 0x50, 
	0xB9, 0x57, 0x52, 0x25, 0xE6, 0x74, 0x1D, 0x2E, 0x0B, 0xEB, 0x8F, 0x3F, 
	0xA7, 0xF2, 0x7D, 0xE5, 0x3E, 0x45, 0x08, 0xAA, 0xC6, 0xA2, 0xCA, 0x76, 
	0x0F, 0x11, 0x2A, 0x03, 0xD1, 0xC1, 0x57, 0xF7, 0xFF, 0xFC, 0x50, 0x0D, 
	0x46, 0x7D, 0xA1, 0xA8, 0x8C, 0x45, 0xFB, 0x50, 0x74, 0x8D, 0xB1, 0xA8, 
	0x2F, 0x18, 0x4D, 0x8F, 0x45, 0x65, 0x30, 0x3A, 0x3F, 0x16, 0x5D, 0xB0, 
	0xBA, 0x68, 0xC2, 0xA5, 0x68, 0xB5, 0xD5, 0x45, 0xC3, 0x97, 0xA2, 0xF5, 
	0x07, 0xA3, 0xFC, 0x1F, 0x00, 0x00, 0x00, 0x40, 0x1F, 0xC1, 0x68, 0x1D, 
	0x65, 0x2C, 0xBA, 0x81, 0x60, 0xF4, 0xB1, 0x47, 0x19, 0x72, 0xCE, 0x30, 
	0x29, 0x10, 0xF5, 0xA8, 0x84, 0x9C, 0x3E, 0x19, 0x72, 0xF2, 0xF9, 0xBE, 
	0xED, 0x6A, 0xFB, 0x14, 0x11, 0xA8, 0xB2, 0xED, 0x51, 0x7D, 0xBB, 0x0C, 
	0x45, 0xA7, 0xB1, 0xA8, 0x16, 0x8C, 0xFA, 0x62, 0x51, 0xDF, 0xAA, 0xA2, 
	0xA5, 0x62, 0x51, 0x37, 0x18, 0x2D, 0x17, 0x8B, 0x8E, 0xC1, 0x68, 0xED, 
	0x58, 0x74, 0xFD, 0x97, 0xA2, 0x59, 0x5D, 0x04, 0x00, 0x00, 0xCC, 0x21, 
	0x18, 0xAD, 0xA3, 0x8C, 0x45, 0x8D, 0x82, 0xD1, 0xDF, 0x7D, 0xFA, 0xCB, 
	0xBB, 0x16, 0x3E, 0xBE, 0xFA, 0xFA, 0x44, 0x19, 0x89, 0xEA, 0xC1, 0xA8, 
	0x8C, 0x4C, 0xCD, 0x14, 0x41, 0xA6, 0x1B, 0x73, 0x52, 0x6E, 0xD7, 0xB7, 
	0x7D, 0x3E, 0x5F, 0x37, 0x27, 0x14, 0x9D, 0xEE, 0xF3, 0xCD, 0xDD, 0xC7, 
	0x07, 0x87, 0xC7, 0xCB, 0x58, 0xF4, 0xE1, 0x5E, 0x2D, 0x18, 0xCD, 0x8D, 
	0x45, 0x65, 0x24, 0x3A, 0x2F, 0x16, 0xB5, 0x5A, 0x59, 0x74, 0x59, 0x2C, 
	0xAA, 0xDF, 0xE4, 0x7A, 0xE9, 0x4B, 0xD1, 0x32, 0x14, 0x1D, 0x63, 0x51, 
	0xDF, 0x8D, 0xAE, 0xFB, 0x62, 0x51, 0x3D, 0x18, 0xF5, 0x5F, 0x8A, 0x36, 
	0x1C, 0x8C, 0xC4, 0x22, 0x00, 0x00, 0xE0, 0x52, 0x82, 0xD1, 0x3A, 0xCA, 
	0x58, 0x74, 0x65, 0xC1, 0x68, 0xA7, 0x0C, 0x46, 0xA7, 0x11, 0xE9, 0xE8, 
	0x18, 0x8A, 0x4E, 0x95, 0x91, 0xA7, 0x1E, 0x99, 0x66, 0x28, 0x22, 0x4C, 
	0x69, 0x6E, 0xFC, 0x99, 0xB3, 0xED, 0xD1, 0xDC, 0x58, 0xB4, 0x77, 0x88, 
	0x45, 0xA7, 0xD1, 0xE8, 0x74, 0x55, 0xD1, 0x21, 0x16, 0x65, 0x30, 0x5A, 
	0xEE, 0x7E, 0x45, 0xBF, 0x2D, 0x02, 0xD1, 0x35, 0xC4, 0xA2, 0x7A, 0x30, 
	0x2A, 0x43, 0xD1, 0xD2, 0xB1, 0x68, 0x38, 0x18, 0x8D, 0xAC, 0x2E, 0x9A, 
	0x10, 0x8B, 0x96, 0x5C, 0x5D, 0x94, 0xBF, 0xF8, 0x01, 0x00, 0x00, 0xC6, 
	0x08, 0x46, 0xEB, 0x28, 0x63, 0x51, 0xB3, 0x60, 0xF4, 0x17, 0x77, 0xAD, 
	0x64, 0x18, 0xEA, 0x93, 0xB1, 0x68, 0xFF, 0x78, 0xB9, 0x12, 0xE9, 0xAC, 
	0x60, 0x54, 0x09, 0x2F, 0x43, 0xE6, 0xC7, 0x9F, 0xF6, 0x32, 0x14, 0x65, 
	0x30, 0xCA, 0x58, 0x74, 0x1A, 0x8C, 0x7E, 0x7A, 0x0C, 0x46, 0x63, 0xF7, 
	0x2B, 0x12, 0x8B, 0x6E, 0xF1, 0x52, 0x34, 0x37, 0xBA, 0x06, 0x00, 0x00, 
	0x5A, 0x11, 0x8C, 0xD6, 0x51, 0xC6, 0xA2, 0x1B, 0x0E, 0x46, 0x75, 0x65, 
	0x24, 0x2A, 0x83, 0x51, 0xC6, 0xA6, 0x32, 0xB6, 0x4C, 0xF7, 0xF5, 0x83, 
	0x7C, 0x7C, 0xCC, 0x39, 0xFB, 0x1C, 0xE5, 0x25, 0x66, 0x29, 0x23, 0xD1, 
	0xA9, 0x5A, 0x28, 0x3A, 0x0D, 0x46, 0xBB, 0x7F, 0xEE, 0x83, 0xD1, 0xB4, 
	0x50, 0x74, 0x4E, 0x2C, 0xAA, 0x85, 0xA2, 0xA5, 0x62, 0x51, 0x5F, 0x30, 
	0xAA, 0xDD, 0xE4, 0xFA, 0xFA, 0x63, 0xD1, 0xBC, 0xD5, 0x45, 0xE7, 0x5E, 
	0x8A, 0x56, 0x0B, 0x46, 0xF9, 0x4B, 0x1F, 0x00, 0x00, 0x60, 0x0A, 0xC1, 
	0x68, 0x1D, 0x65, 0x2C, 0x6A, 0x14, 0x8C, 0xFE, 0xF6, 0xE3, 0x5F, 0xDC, 
	0x9D, 0xCA, 0xE8, 0x33, 0x47, 0x1E, 0xEB, 0xDB, 0x97, 0x5F, 0xDF, 0xFB, 
	0x98, 0x8A, 0x38, 0x54, 0x53, 0x46, 0xA2, 0xDC, 0xA6, 0x08, 0x46, 0x95, 
	0xE0, 0x32, 0xEC, 0x10, 0x89, 0x4E, 0xE5, 0x36, 0x7D, 0xCE, 0xD9, 0xE7, 
	0x28, 0xE3, 0xCF, 0xD8, 0xF3, 0x35, 0x19, 0x89, 0x6A, 0x7E, 0x7A, 0xFF, 
	0xFD, 0x85, 0xB1, 0xA8, 0x8C, 0x44, 0xDB, 0x8E, 0x45, 0xC7, 0x60, 0xB4, 
	0x4C, 0x2C, 0x1A, 0x0A, 0x46, 0x7D, 0x97, 0xA2, 0xF5, 0xC5, 0xA2, 0xA1, 
	0x60, 0x34, 0x3D, 0x16, 0x4D, 0x5D, 0x5D, 0x34, 0x25, 0x16, 0x59, 0x5D, 
	0x04, 0x00, 0x00, 0x9C, 0x4B, 0x30, 0x5A, 0x47, 0x19, 0x8B, 0x9E, 0x28, 
	0x18, 0x2D, 0xA9, 0x37, 0x18, 0x4D, 0x8E, 0x46, 0xC3, 0xCE, 0x0B, 0x46, 
	0x19, 0x88, 0x52, 0x6E, 0x9F, 0x72, 0xFB, 0xE3, 0x3E, 0x7D, 0xF1, 0xE7, 
	0x54, 0x46, 0x9F, 0xDA, 0x3E, 0xF9, 0x5C, 0xE9, 0xEB, 0x7B, 0x19, 0x87, 
	0x6A, 0x4E, 0x83, 0x51, 0x5F, 0x2C, 0x2A, 0x23, 0xD1, 0xF5, 0xC4, 0xA2, 
	0x32, 0x18, 0xF5, 0xC5, 0xA2, 0xA7, 0xB9, 0xC9, 0xF5, 0x79, 0xAB, 0x8B, 
	0xFA, 0x2F, 0x45, 0xAB, 0x05, 0xA3, 0x0C, 0x45, 0xB5, 0x58, 0x34, 0x35, 
	0x18, 0xE5, 0x2F, 0x7C, 0x00, 0x00, 0x80, 0xA9, 0x04, 0xA3, 0x75, 0x94, 
	0xB1, 0xE8, 0x8A, 0x83, 0x51, 0x35, 0x1A, 0x55, 0x02, 0xD0, 0x5C, 0x53, 
	0x83, 0xD1, 0x21, 0xB0, 0xEC, 0x94, 0xB1, 0x27, 0x3D, 0xEC, 0x73, 0x7A, 
	0xF9, 0x5B, 0xB1, 0x4D, 0x57, 0x19, 0x74, 0x6A, 0xEF, 0x61, 0xC8, 0xE1, 
	0xFD, 0xE5, 0xE3, 0x35, 0xC7, 0xCF, 0x92, 0x71, 0xA8, 0x66, 0x17, 0x8C, 
	0xCA, 0x50, 0xF4, 0xFC, 0x62, 0x51, 0xFF, 0xEA, 0xA2, 0x73, 0x62, 0xD1, 
	0x92, 0x97, 0xA2, 0xF5, 0xC5, 0xA2, 0xE9, 0xAB, 0x8B, 0xCE, 0xBD, 0x14, 
	0xCD, 0xEA, 0x22, 0x00, 0x00, 0xE0, 0x12, 0x82, 0xD1, 0x3A, 0xCA, 0x58, 
	0xD4, 0x2C, 0x18, 0xFD, 0xF9, 0xDD, 0x51, 0x19, 0x7D, 0xE6, 0x39, 0x3D, 
	0xD6, 0x9F, 0xDF, 0x7D, 0xFB, 0xF2, 0xAB, 0x47, 0x1F, 0x53, 0x25, 0x00, 
	0xCD, 0x35, 0x14, 0x8C, 0x4E, 0xC3, 0xCA, 0xD4, 0x60, 0x74, 0x3C, 0x76, 
	0xF7, 0x12, 0xB8, 0xDC, 0x6E, 0x28, 0x14, 0x1D, 0x4C, 0x0B, 0x45, 0x0F, 
	0xEF, 0xF3, 0xF0, 0xBA, 0xC5, 0x73, 0xB1, 0x5D, 0xC8, 0x38, 0x54, 0xF3, 
	0xE3, 0xBB, 0x0C, 0x46, 0x63, 0x97, 0xA0, 0xF5, 0xDF, 0xAF, 0xE8, 0xF6, 
	0x62, 0x51, 0x19, 0x8C, 0xDA, 0xC4, 0xA2, 0x6E, 0x30, 0x3A, 0xF7, 0xBE, 
	0x45, 0xB5, 0x58, 0x34, 0xBE, 0xBA, 0x48, 0x2C, 0x02, 0x00, 0x00, 0xDA, 
	0x10, 0x8C, 0xD6, 0x51, 0xC6, 0xA2, 0x27, 0x09, 0x46, 0x0B, 0xFB, 0xF4, 
	0xE7, 0x77, 0xDF, 0xBE, 0xFA, 0xEA, 0xDE, 0xC7, 0x42, 0x19, 0x80, 0xE6, 
	0x3A, 0x8D, 0x45, 0x8F, 0x8F, 0x57, 0xC2, 0xCA, 0x50, 0x30, 0xCA, 0x63, 
	0xD6, 0x14, 0xFB, 0x14, 0x31, 0xE7, 0x1C, 0xE5, 0xEB, 0x94, 0xDB, 0x3C, 
	0x6C, 0xD7, 0x23, 0xE3, 0x50, 0xE1, 0x8B, 0x0C, 0x46, 0x63, 0xB1, 0xA8, 
	0x0C, 0x44, 0xCF, 0x3D, 0x16, 0x95, 0xC1, 0xA8, 0xEF, 0x52, 0xB4, 0x32, 
	0x16, 0x9D, 0xBF, 0xBA, 0xA8, 0x0C, 0x45, 0xC3, 0xB1, 0x68, 0xFE, 0xEA, 
	0xA2, 0xFC, 0x45, 0x0F, 0x00, 0x00, 0x30, 0x97, 0x60, 0xB4, 0x8E, 0x32, 
	0x16, 0xB5, 0x0A, 0x46, 0x9F, 0xF6, 0x61, 0xA7, 0x95, 0x96, 0xC1, 0xA8, 
	0xAA, 0x12, 0x56, 0x32, 0x18, 0x15, 0xFB, 0x8C, 0x18, 0x8E, 0x44, 0x87, 
	0x63, 0xE7, 0xE3, 0x7D, 0xCA, 0xE3, 0x3F, 0x3A, 0xD9, 0xEE, 0xDB, 0xCE, 
	0xB1, 0x4B, 0xDF, 0x0E, 0x05, 0xA3, 0x2F, 0x8E, 0x8E, 0xC1, 0x68, 0x28, 
	0x14, 0x5D, 0x7F, 0x2C, 0xAA, 0x07, 0xA3, 0x32, 0x14, 0x8D, 0xC7, 0xA2, 
	0xA1, 0xD5, 0x45, 0x7D, 0xB1, 0x68, 0x68, 0x75, 0xD1, 0xDC, 0x58, 0x74, 
	0x4E, 0x30, 0x9A, 0x17, 0x8B, 0xAC, 0x2E, 0x02, 0x00, 0x00, 0x96, 0x20, 
	0x18, 0xAD, 0xA3, 0x8C, 0x45, 0xCF, 0x36, 0x18, 0xCD, 0xDC, 0xA7, 0x12, 
	0x57, 0x06, 0x23, 0xCD, 0xA0, 0x87, 0x4B, 0xD3, 0x8A, 0xE8, 0x53, 0x8B, 
	0x39, 0xF9, 0x7C, 0xCA, 0x63, 0x57, 0x3C, 0x84, 0xA2, 0x5D, 0x0C, 0xDA, 
	0x29, 0x5F, 0x63, 0xFF, 0xF8, 0x50, 0x2C, 0xFA, 0xF2, 0x24, 0x16, 0xED, 
	0x83, 0xD1, 0x77, 0xA3, 0xB1, 0x28, 0xE3, 0xD0, 0x94, 0x50, 0xD4, 0x8D, 
	0x45, 0x27, 0xA1, 0xE8, 0x0A, 0x63, 0x51, 0xDF, 0xEA, 0xA2, 0x76, 0xB1, 
	0xC8, 0xA5, 0x68, 0x00, 0x00, 0xC0, 0xF5, 0x13, 0x8C, 0xD6, 0x51, 0xC6, 
	0xA2, 0x1B, 0x0F, 0x46, 0xF5, 0x6D, 0x52, 0x25, 0xB2, 0xA4, 0x8B, 0x23, 
	0xD1, 0x4E, 0xF7, 0xA6, 0xD7, 0xFD, 0x91, 0x68, 0x4A, 0x30, 0x7A, 0x08, 
	0x3D, 0xC5, 0x6B, 0x74, 0xED, 0x9E, 0x3F, 0xC4, 0xA0, 0xBE, 0x60, 0x74, 
	0xFA, 0x5C, 0x2D, 0x14, 0x1D, 0x1C, 0x83, 0xD1, 0xFB, 0xFB, 0x60, 0x94, 
	0x81, 0xE8, 0xD2, 0x58, 0xD4, 0xBB, 0xAA, 0xE8, 0x66, 0x63, 0xD1, 0x3E, 
	0x18, 0x65, 0x28, 0x1A, 0x8E, 0x45, 0x43, 0xC1, 0x68, 0xA9, 0x58, 0x34, 
	0x7F, 0x75, 0x51, 0xFE, 0x82, 0x07, 0x00, 0x00, 0x38, 0x97, 0x60, 0xB4, 
	0x8E, 0x32, 0x16, 0x5D, 0x79, 0x30, 0x9A, 0xA2, 0x0C, 0x44, 0x35, 0x65, 
	0x6C, 0x59, 0x5E, 0x06, 0xA3, 0x32, 0xDE, 0x94, 0xFA, 0x43, 0xD1, 0x41, 
	0xF9, 0x3A, 0x7B, 0x8F, 0xDB, 0x44, 0x14, 0x3A, 0x44, 0xA3, 0x7C, 0x2C, 
	0x83, 0xD1, 0x69, 0x2C, 0xDA, 0x07, 0xA3, 0xF7, 0x8F, 0xFA, 0x83, 0x51, 
	0x19, 0x88, 0x2E, 0x8A, 0x45, 0x45, 0x28, 0xDA, 0x56, 0x2C, 0xDA, 0x07, 
	0xA3, 0x65, 0x63, 0xD1, 0xD2, 0xF7, 0x2D, 0x9A, 0x1F, 0x8C, 0xE6, 0xC5, 
	0x22, 0xAB, 0x8B, 0x00, 0x00, 0x80, 0x25, 0x09, 0x46, 0xEB, 0x28, 0x63, 
	0x51, 0xA3, 0x60, 0xF4, 0x37, 0x9F, 0xFE, 0xEC, 0xAE, 0xA5, 0x8C, 0x42, 
	0x43, 0xCA, 0x38, 0x54, 0xD3, 0x0D, 0x2D, 0x19, 0x5F, 0x86, 0xB6, 0x9F, 
	0xEE, 0xF8, 0x17, 0xD2, 0x1E, 0x15, 0x81, 0x28, 0x1D, 0x43, 0xD1, 0x69, 
	0x24, 0x1A, 0x0A, 0x46, 0xF9, 0x7C, 0x5F, 0x34, 0xAA, 0xA9, 0x85, 0xA2, 
	0x8C, 0x45, 0x5F, 0xF6, 0x04, 0xA3, 0x8C, 0x43, 0x65, 0x28, 0x7A, 0xBE, 
	0xB1, 0xA8, 0x0C, 0x46, 0x4B, 0x5E, 0x8A, 0xD6, 0x17, 0x8B, 0xCE, 0x59, 
	0x5D, 0x34, 0xF7, 0x52, 0x34, 0xAB, 0x8B, 0x00, 0x00, 0x80, 0x65, 0x09, 
	0x46, 0xEB, 0x28, 0x63, 0xD1, 0x33, 0x0F, 0x46, 0xC7, 0xED, 0x32, 0xC2, 
	0x94, 0xDB, 0x96, 0xBA, 0x91, 0x26, 0xC3, 0xCD, 0x98, 0xFB, 0x7D, 0x8A, 
	0x40, 0x54, 0xCA, 0xF7, 0x96, 0x4E, 0x8F, 0xD7, 0xAB, 0x12, 0x87, 0x6A, 
	0x32, 0x14, 0xED, 0xE2, 0xD0, 0xCE, 0x21, 0x14, 0x1D, 0x64, 0x30, 0xCA, 
	0x40, 0x54, 0xC6, 0xA2, 0x32, 0x14, 0x9D, 0x13, 0x8B, 0x32, 0x10, 0x0D, 
	0x85, 0xA2, 0xF6, 0xB1, 0xA8, 0x0C, 0x46, 0x4F, 0x1F, 0x8B, 0x5C, 0x8A, 
	0x06, 0x00, 0x00, 0xDC, 0x16, 0xC1, 0x68, 0x1D, 0x65, 0x2C, 0xBA, 0xD2, 
	0x60, 0xB4, 0x93, 0x61, 0xA8, 0x4F, 0x37, 0x0C, 0x4D, 0x53, 0xC6, 0xA1, 
	0xAE, 0x22, 0xC8, 0x54, 0x82, 0x50, 0x4D, 0xB1, 0x4F, 0x25, 0x10, 0x4D, 
	0x0D, 0x45, 0xB3, 0x74, 0xC2, 0xD0, 0x57, 0x45, 0x28, 0x3A, 0x6C, 0x57, 
	0x8B, 0x45, 0x35, 0xC7, 0x60, 0x54, 0x06, 0xA2, 0x29, 0xB1, 0xA8, 0x37, 
	0x14, 0x6D, 0x2A, 0x16, 0xFD, 0x58, 0x44, 0xA2, 0x75, 0x62, 0xD1, 0x50, 
	0x30, 0xEA, 0x5B, 0x5D, 0x54, 0x86, 0xA2, 0x7D, 0x2C, 0x2A, 0x83, 0xD1, 
	0xB9, 0xB1, 0xC8, 0xA5, 0x68, 0x00, 0x00, 0x40, 0x0B, 0x82, 0xD1, 0x3A, 
	0xCA, 0x58, 0x74, 0x2B, 0xC1, 0xE8, 0xE5, 0x89, 0x4A, 0x00, 0x9A, 0x2B, 
	0x03, 0x51, 0x5F, 0x24, 0x3A, 0x95, 0x71, 0xA8, 0x2F, 0x12, 0x75, 0xF6, 
	0x69, 0x1D, 0x8A, 0x0E, 0x1E, 0x43, 0xD1, 0xC1, 0xFE, 0xB1, 0x6F, 0x5E, 
	0x1D, 0xED, 0xB6, 0x1B, 0x0B, 0x45, 0xA7, 0xC1, 0x28, 0xE3, 0x50, 0x5A, 
	0x26, 0x16, 0xCD, 0xBF, 0x04, 0x6D, 0xDD, 0x58, 0x34, 0x74, 0xDF, 0xA2, 
	0xA7, 0x8A, 0x45, 0x43, 0xC1, 0xA8, 0x6F, 0x75, 0x91, 0x4B, 0xD1, 0x00, 
	0x00, 0x80, 0x6D, 0x10, 0x8C, 0xD6, 0x51, 0xC6, 0xA2, 0x46, 0xC1, 0xE8, 
	0xAF, 0x3F, 0xFE, 0xD9, 0x5D, 0x6B, 0xDF, 0xBC, 0xFC, 0xEA, 0x5E, 0x27, 
	0x16, 0xBD, 0xFC, 0xB2, 0x88, 0x3F, 0xE7, 0x98, 0x12, 0x88, 0xD2, 0xD4, 
	0x48, 0xD4, 0xD9, 0xA7, 0x65, 0x24, 0x7A, 0x74, 0x1A, 0x8A, 0x8E, 0xC1, 
	0xE8, 0x34, 0x16, 0xED, 0x4C, 0x8D, 0x45, 0x3B, 0x3F, 0xBC, 0xFB, 0x54, 
	0x04, 0xA2, 0xB1, 0x50, 0x34, 0x18, 0x8B, 0x8A, 0x50, 0xB4, 0x6E, 0x2C, 
	0xEA, 0xBB, 0x14, 0xAD, 0x16, 0x8B, 0xFA, 0x56, 0x17, 0xAD, 0x73, 0x93, 
	0xEB, 0x25, 0x63, 0xD1, 0x50, 0x30, 0xFA, 0x50, 0xFC, 0x52, 0x07, 0x00, 
	0x00, 0x58, 0x82, 0x60, 0xB4, 0x8E, 0x32, 0x16, 0x35, 0x0B, 0x46, 0x7F, 
	0xBC, 0xEB, 0x2A, 0x83, 0xCF, 0xB8, 0x3C, 0x46, 0xD7, 0x37, 0x2F, 0xBF, 
	0xBC, 0x77, 0x1F, 0x89, 0x4E, 0x55, 0x02, 0xD0, 0xB8, 0x8C, 0x2C, 0x7D, 
	0xCE, 0xD9, 0xA7, 0xE6, 0xDC, 0x63, 0x0C, 0xEF, 0x73, 0xBA, 0x5A, 0xA8, 
	0xF3, 0x5E, 0x4F, 0x62, 0xD1, 0x37, 0xAF, 0x0E, 0x4E, 0x83, 0xD1, 0x57, 
	0x45, 0x14, 0xAA, 0xF9, 0xF0, 0xA0, 0x2F, 0x18, 0x89, 0x45, 0x73, 0x63, 
	0xD1, 0xD0, 0xEA, 0xA2, 0xBE, 0x58, 0xB4, 0xEE, 0x7D, 0x8B, 0xC4, 0x22, 
	0x00, 0x00, 0xA0, 0x25, 0xC1, 0x68, 0x1D, 0x65, 0x2C, 0x7A, 0xB2, 0x60, 
	0xB4, 0xBC, 0xDE, 0x60, 0x34, 0x10, 0x8D, 0x0E, 0xB1, 0x24, 0x1F, 0xEF, 
	0x0F, 0x31, 0xB9, 0xCD, 0xD8, 0xF6, 0x43, 0x72, 0xFF, 0xA9, 0xC7, 0x19, 
	0xDF, 0x3E, 0xE3, 0x4F, 0xB1, 0x4F, 0x27, 0x14, 0x9D, 0x06, 0xA3, 0xE3, 
	0x7F, 0x67, 0x1C, 0x4A, 0x87, 0x58, 0x54, 0x0B, 0x46, 0x67, 0xFD, 0x15, 
	0xB4, 0x67, 0x14, 0x8B, 0xFA, 0x82, 0x51, 0x86, 0xA2, 0x4B, 0x63, 0xD1, 
	0xFC, 0x60, 0x34, 0x37, 0x16, 0xB9, 0x14, 0x0D, 0x00, 0x00, 0x68, 0x4B, 
	0x30, 0x5A, 0x47, 0x19, 0x8B, 0x6E, 0x20, 0x18, 0x65, 0x34, 0xBA, 0xBF, 
	0x54, 0xAD, 0x88, 0x23, 0x5D, 0x45, 0x50, 0x79, 0x0C, 0x31, 0xF9, 0xD8, 
	0x98, 0x32, 0xDE, 0x0C, 0xC7, 0x9E, 0x9A, 0xDC, 0x67, 0xCA, 0xBE, 0xF5, 
	0x50, 0x54, 0xFB, 0x7C, 0xF9, 0xD9, 0xFB, 0x64, 0x20, 0xAA, 0x85, 0xA2, 
	0x5A, 0x30, 0xEA, 0x0B, 0x45, 0xE7, 0xC6, 0xA2, 0x0C, 0x44, 0xCF, 0x2F, 
	0x16, 0x0D, 0x05, 0xA3, 0xBE, 0x4B, 0xD1, 0x2E, 0x8B, 0x45, 0xD3, 0x83, 
	0xD1, 0x87, 0xE2, 0x97, 0x39, 0x00, 0x00, 0xC0, 0x92, 0x04, 0xA3, 0x75, 
	0x94, 0xB1, 0xE8, 0x8A, 0x82, 0xD1, 0x5F, 0x7D, 0xFC, 0xB3, 0xC2, 0xE1, 
	0x3E, 0x46, 0x85, 0x4A, 0x10, 0x49, 0x65, 0x84, 0x29, 0x8D, 0x6F, 0x9F, 
	0x91, 0xE7, 0x18, 0x7A, 0xFA, 0xF7, 0x49, 0xDD, 0xF8, 0x53, 0x3E, 0x5F, 
	0xEA, 0x0B, 0x45, 0xA7, 0xEF, 0x35, 0x1F, 0x1B, 0x93, 0xA1, 0xA8, 0x2F, 
	0x16, 0x9D, 0x06, 0xA3, 0xB3, 0x62, 0x51, 0x11, 0x89, 0xC6, 0x57, 0x15, 
	0x8D, 0xC7, 0xA2, 0x6E, 0x28, 0x5A, 0x23, 0x16, 0x95, 0xC1, 0xE8, 0xA9, 
	0x62, 0x91, 0x4B, 0xD1, 0x00, 0x00, 0x80, 0xDB, 0x21, 0x18, 0xAD, 0xA3, 
	0x8C, 0x45, 0x8D, 0x82, 0x51, 0x86, 0x9D, 0x56, 0x8A, 0x50, 0x74, 0x50, 
	0x09, 0x22, 0xA9, 0x8C, 0x30, 0xE3, 0x72, 0x9F, 0x5A, 0x24, 0x1A, 0xDE, 
	0xBE, 0x94, 0xD1, 0x27, 0x9F, 0xEF, 0x6E, 0x7B, 0x50, 0x0F, 0x45, 0x97, 
	0x98, 0x12, 0x8A, 0x76, 0xBE, 0x7C, 0xF9, 0xFE, 0xEE, 0xFB, 0xB7, 0x9F, 
	0x8A, 0x40, 0x34, 0x1A, 0x8A, 0xCE, 0x8C, 0x45, 0x19, 0x88, 0x6E, 0x31, 
	0x16, 0x8D, 0x5F, 0x8A, 0x26, 0x16, 0x01, 0x00, 0x00, 0xCF, 0x83, 0x60, 
	0xB4, 0x8E, 0x32, 0x16, 0x5D, 0x75, 0x30, 0xEA, 0x5E, 0x96, 0xD6, 0x51, 
	0x09, 0x22, 0x4B, 0xC8, 0x80, 0xD3, 0x8D, 0x38, 0x75, 0xB9, 0xFD, 0x39, 
	0xFB, 0xE4, 0xF3, 0x4B, 0x9B, 0x12, 0x8A, 0x4E, 0xF5, 0x05, 0xA3, 0xA7, 
	0x8A, 0x45, 0x7D, 0x97, 0xA0, 0xDD, 0x66, 0x2C, 0x1A, 0xBE, 0x6F, 0x51, 
	0x86, 0xA2, 0x7D, 0x2C, 0x1A, 0x0A, 0x46, 0x7D, 0x97, 0xA2, 0xED, 0x63, 
	0x51, 0x2D, 0x18, 0xE5, 0x2F, 0x70, 0x00, 0x00, 0x80, 0x56, 0x04, 0xA3, 
	0x75, 0x94, 0xB1, 0xA8, 0x59, 0x30, 0xFA, 0xE3, 0x7D, 0xD0, 0x69, 0xAD, 
	0x08, 0x45, 0x4F, 0x10, 0x8C, 0xCE, 0x5D, 0xC9, 0x94, 0x8F, 0x0F, 0x99, 
	0xBB, 0xFD, 0x98, 0xAF, 0x2B, 0x8F, 0x9D, 0x9A, 0x1E, 0x8B, 0xDE, 0xDD, 
	0xCB, 0x60, 0xD4, 0x0D, 0x45, 0x4F, 0x71, 0x09, 0x5A, 0x19, 0x8B, 0xBA, 
	0xA1, 0x68, 0x7B, 0xB1, 0xE8, 0x53, 0x25, 0x14, 0xCD, 0x8A, 0x45, 0x45, 
	0x30, 0x72, 0xDF, 0x22, 0x00, 0x00, 0xE0, 0xF6, 0x08, 0x46, 0xEB, 0x28, 
	0x63, 0xD1, 0x95, 0x06, 0xA3, 0xBF, 0x7C, 0xF0, 0xF5, 0xCB, 0x2F, 0xEF, 
	0x15, 0xC1, 0x68, 0xC9, 0x68, 0x74, 0x1A, 0x88, 0x52, 0x6E, 0xBB, 0x31, 
	0xBB, 0x50, 0x74, 0x90, 0xCF, 0xED, 0x7D, 0x79, 0xF7, 0xF5, 0xAB, 0x2F, 
	0x2B, 0x61, 0xA8, 0x66, 0x1F, 0x8B, 0x32, 0x18, 0xF5, 0x86, 0xA2, 0xCD, 
	0xC6, 0xA2, 0x32, 0x12, 0x5D, 0x5F, 0x2C, 0x1A, 0x5A, 0x5D, 0xD4, 0x17, 
	0x8B, 0x5C, 0x8A, 0x06, 0x00, 0x00, 0x6C, 0x9F, 0x60, 0xB4, 0x8E, 0x32, 
	0x16, 0x35, 0x0A, 0x46, 0x87, 0xA0, 0xD3, 0xDA, 0x32, 0xC1, 0x68, 0xB7, 
	0xED, 0x41, 0x25, 0x0A, 0x0D, 0x29, 0x8E, 0xB5, 0x1D, 0xA7, 0xB1, 0xA8, 
	0x16, 0x8C, 0x76, 0xA1, 0xE8, 0xA0, 0x8C, 0x43, 0xF5, 0x50, 0x74, 0x1A, 
	0x8C, 0xE6, 0xAF, 0x2A, 0x1A, 0x8F, 0x45, 0x19, 0x88, 0x2E, 0x89, 0x45, 
	0x65, 0x28, 0x5A, 0x2B, 0x16, 0xD5, 0x2F, 0x45, 0xAB, 0xC5, 0xA2, 0x6E, 
	0x30, 0x5A, 0x3B, 0x16, 0xB9, 0x14, 0x0D, 0x00, 0x00, 0x78, 0x7A, 0x82, 
	0xD1, 0x3A, 0xCA, 0x58, 0x74, 0x23, 0xC1, 0xA8, 0x1A, 0x8D, 0x8A, 0x48, 
	0x72, 0x1A, 0x86, 0x2A, 0xDB, 0xDF, 0xAB, 0x44, 0xA1, 0x31, 0xC5, 0x6B, 
	0xE4, 0x63, 0x73, 0x9C, 0x84, 0xAB, 0xC9, 0xBA, 0xFB, 0x64, 0x28, 0x2A, 
	0xA3, 0xD1, 0x31, 0x14, 0x0D, 0x07, 0xA3, 0x32, 0x14, 0x1D, 0x7C, 0xD7, 
	0x09, 0x46, 0x6D, 0x57, 0x15, 0x6D, 0x3F, 0x16, 0xED, 0x83, 0x51, 0x46, 
	0xA2, 0xF1, 0x58, 0x54, 0x06, 0xA3, 0xCB, 0x62, 0xD1, 0x50, 0x30, 0x72, 
	0x29, 0x1A, 0x00, 0x00, 0x70, 0x1D, 0x04, 0xA3, 0x75, 0x94, 0xB1, 0xE8, 
	0xCA, 0x83, 0xD1, 0x4E, 0x7F, 0x30, 0xDA, 0x3B, 0x8D, 0x4A, 0xA9, 0xD8, 
	0x27, 0x63, 0xD0, 0xA8, 0x88, 0x50, 0x13, 0x62, 0x4F, 0xB9, 0xDA, 0x27, 
	0xF7, 0x2F, 0xE3, 0x4F, 0x1E, 0xA3, 0xB6, 0x5F, 0xC6, 0xA1, 0x52, 0x19, 
	0x8A, 0xFA, 0x83, 0x51, 0x19, 0x89, 0x76, 0xDE, 0x17, 0xC1, 0xA8, 0x6D, 
	0x2C, 0xEA, 0x0B, 0x45, 0x65, 0x2C, 0x1A, 0xBA, 0x04, 0xED, 0xF6, 0x63, 
	0xD1, 0xF0, 0xEA, 0x22, 0xB1, 0x08, 0x00, 0x00, 0xB8, 0x1E, 0x82, 0xD1, 
	0x3A, 0xCA, 0x58, 0xD4, 0x2C, 0x18, 0xFD, 0xE1, 0xAE, 0x54, 0xC6, 0x9E, 
	0x52, 0xEE, 0x33, 0x2E, 0x23, 0xD0, 0x1C, 0x53, 0x83, 0xD1, 0xD7, 0x8F, 
	0x72, 0xFB, 0x0C, 0x3D, 0xF5, 0x60, 0x94, 0xF1, 0xA6, 0xDC, 0x67, 0x3C, 
	0xFE, 0xD4, 0x42, 0x51, 0x37, 0xFC, 0x94, 0xFB, 0x8C, 0x85, 0xA2, 0x32, 
	0x18, 0x95, 0x91, 0x28, 0x63, 0xD1, 0x3E, 0x18, 0x7D, 0x9C, 0x10, 0x8A, 
	0xC4, 0xA2, 0x74, 0x69, 0x2C, 0xEA, 0x0B, 0x46, 0x19, 0x8A, 0x2E, 0x8B, 
	0x45, 0x2E, 0x45, 0x03, 0x00, 0x00, 0xD6, 0x23, 0x18, 0xAD, 0xA3, 0x8C, 
	0x45, 0x8D, 0x82, 0xD1, 0x5F, 0x7C, 0xFB, 0x87, 0xBB, 0xA7, 0x92, 0x11, 
	0x68, 0x8E, 0x22, 0xFE, 0x54, 0x02, 0x51, 0x2A, 0xF6, 0x29, 0x82, 0x4F, 
	0x3D, 0x12, 0x9D, 0x06, 0x9A, 0x72, 0x9F, 0xF2, 0x75, 0x72, 0xDF, 0xFE, 
	0x50, 0x74, 0xD0, 0xFF, 0x7A, 0x43, 0xA6, 0x84, 0xA2, 0x83, 0x6A, 0x30, 
	0x2A, 0x22, 0xD1, 0x65, 0xA1, 0x68, 0x28, 0x16, 0xF5, 0x5D, 0x82, 0xB6, 
	0x56, 0x2C, 0xEA, 0x0B, 0x46, 0x19, 0x8A, 0xBA, 0xC1, 0xA8, 0x2F, 0x16, 
	0x9D, 0x04, 0xA3, 0x45, 0x62, 0x91, 0xFB, 0x16, 0x01, 0x00, 0x00, 0xD7, 
	0x47, 0x30, 0x5A, 0x47, 0x19, 0x8B, 0x04, 0xA3, 0xE2, 0xB1, 0x31, 0x7D, 
	0xC1, 0xA8, 0x1E, 0x6F, 0xF2, 0xF1, 0xBD, 0xC1, 0x50, 0x74, 0x50, 0x89, 
	0x4C, 0x79, 0x9C, 0x39, 0xAF, 0x99, 0xBE, 0x7A, 0x78, 0x9D, 0x0C, 0x44, 
	0xB5, 0x50, 0x54, 0x0D, 0x46, 0x45, 0x24, 0x5A, 0x32, 0x16, 0x8D, 0xAD, 
	0x2A, 0xBA, 0xE1, 0x58, 0xD4, 0x13, 0x8C, 0x32, 0x14, 0xCD, 0x89, 0x45, 
	0xDD, 0x60, 0xB4, 0x8F, 0x45, 0xF5, 0x60, 0x54, 0xFE, 0xB2, 0x06, 0x00, 
	0x00, 0x78, 0x4A, 0x82, 0xD1, 0x3A, 0xCA, 0x58, 0xF4, 0xCC, 0x83, 0xD1, 
	0x39, 0x4E, 0x63, 0xD1, 0xFD, 0x63, 0x95, 0x18, 0x33, 0xAA, 0x72, 0xDC, 
	0x42, 0xEE, 0xB3, 0x90, 0x5D, 0x28, 0x3A, 0x35, 0x25, 0x14, 0x75, 0x82, 
	0xD1, 0xCB, 0x77, 0x77, 0xDF, 0xBD, 0xAB, 0x05, 0xA3, 0x25, 0x42, 0x91, 
	0x58, 0x74, 0x49, 0x2C, 0xBA, 0xEC, 0x52, 0xB4, 0xF2, 0x17, 0x35, 0x00, 
	0x00, 0xC0, 0x53, 0x13, 0x8C, 0xD6, 0x51, 0xC6, 0xA2, 0x1B, 0x0A, 0x46, 
	0x19, 0x42, 0xBE, 0x7A, 0xF9, 0xE1, 0xEE, 0xEB, 0x42, 0x25, 0xCC, 0x5C, 
	0xAA, 0x12, 0x65, 0xAA, 0x72, 0xBF, 0x31, 0xB9, 0xFF, 0x85, 0xCA, 0x9F, 
	0x4F, 0x19, 0x8C, 0x32, 0x10, 0xA5, 0x5D, 0x2C, 0x2A, 0x83, 0xD1, 0x3E, 
	0x14, 0x3D, 0x4D, 0x2C, 0x1A, 0x0B, 0x45, 0x63, 0xB1, 0xA8, 0x0C, 0x45, 
	0xD7, 0x19, 0x8B, 0xEA, 0xC1, 0x48, 0x2C, 0x02, 0x00, 0x00, 0xAE, 0x9D, 
	0x60, 0xB4, 0x8E, 0x32, 0x16, 0x35, 0x0A, 0x46, 0x7F, 0xFE, 0xED, 0x1F, 
	0xEE, 0xFA, 0x64, 0xF0, 0xD9, 0xC9, 0x6D, 0x86, 0xFD, 0xBE, 0x63, 0x17, 
	0x86, 0xFA, 0x3C, 0x49, 0x30, 0xDA, 0xA9, 0x04, 0x9A, 0x7B, 0xB9, 0xDD, 
	0x1C, 0x79, 0xAC, 0x0C, 0x40, 0x95, 0xC7, 0x6A, 0x4E, 0x03, 0xDA, 0x5E, 
	0x19, 0x8C, 0x32, 0x0C, 0xF5, 0x29, 0x83, 0xD1, 0x78, 0x28, 0x1A, 0x8A, 
	0x45, 0xC7, 0x50, 0x54, 0xC6, 0xA2, 0x25, 0x57, 0x15, 0x6D, 0x29, 0x16, 
	0x75, 0x83, 0xD1, 0xFC, 0x58, 0xD4, 0xB7, 0xBA, 0xA8, 0x76, 0x29, 0xDA, 
	0xB4, 0x58, 0xE4, 0xBE, 0x45, 0x00, 0x00, 0xC0, 0x76, 0x08, 0x46, 0xEB, 
	0x28, 0x63, 0x51, 0xB3, 0x60, 0xD4, 0x8D, 0x3A, 0xAD, 0x65, 0x28, 0x3A, 
	0x27, 0x18, 0x1D, 0x02, 0x4A, 0x3E, 0x3E, 0xC9, 0x69, 0xA4, 0xC9, 0xE7, 
	0x26, 0xA8, 0xBE, 0x6E, 0x25, 0xFE, 0xDC, 0x07, 0xA0, 0x13, 0xF9, 0xDC, 
	0x70, 0x28, 0xAA, 0x07, 0xA3, 0x8C, 0x42, 0x7D, 0x0E, 0xB1, 0x68, 0x1F, 
	0x8C, 0xBE, 0x9D, 0x14, 0x8B, 0x32, 0x10, 0xD5, 0x63, 0xD1, 0xD8, 0xAA, 
	0xA2, 0xCB, 0x62, 0x51, 0xDF, 0x25, 0x68, 0x73, 0x63, 0x51, 0x46, 0x22, 
	0xB1, 0x08, 0x00, 0x00, 0x60, 0x79, 0x82, 0xD1, 0x3A, 0xCA, 0x58, 0xF4, 
	0xEC, 0x82, 0x51, 0x19, 0x4C, 0x52, 0x6E, 0x5F, 0x84, 0x9C, 0x29, 0xB1, 
	0x67, 0x82, 0xF2, 0x75, 0x43, 0x27, 0x00, 0x7D, 0xB8, 0xFB, 0xEA, 0xDE, 
	0x78, 0x30, 0x3A, 0x1E, 0xB3, 0xFC, 0x79, 0x2C, 0x13, 0x8C, 0xDE, 0xDE, 
	0x07, 0xA3, 0x8C, 0x43, 0x29, 0x03, 0xD1, 0x96, 0x62, 0xD1, 0x31, 0x14, 
	0x8D, 0xC5, 0xA2, 0xFE, 0x55, 0x45, 0x2D, 0x63, 0x51, 0x5F, 0x30, 0xCA, 
	0x50, 0xD4, 0x17, 0x8B, 0xA6, 0x07, 0xA3, 0xF2, 0x97, 0x33, 0x00, 0x00, 
	0xC0, 0x9A, 0x04, 0xA3, 0x75, 0x94, 0xB1, 0xE8, 0xC6, 0x83, 0x51, 0xDD, 
	0x70, 0x54, 0x19, 0x0B, 0x46, 0x19, 0x5C, 0xAA, 0xB1, 0xE7, 0x5E, 0x79, 
	0x9C, 0xDC, 0x6F, 0xF8, 0x18, 0x87, 0x48, 0x74, 0xAA, 0x3F, 0x18, 0x0D, 
	0x7D, 0xA6, 0xBE, 0xCF, 0x9F, 0x51, 0x68, 0xC8, 0x2E, 0x14, 0xED, 0xBC, 
	0xFF, 0xE2, 0xED, 0xDD, 0xA7, 0xB7, 0xFD, 0xC1, 0x28, 0xE3, 0x50, 0xBB, 
	0x50, 0x24, 0x16, 0x89, 0x45, 0x00, 0x00, 0xC0, 0xAD, 0x11, 0x8C, 0xD6, 
	0x51, 0xC6, 0xA2, 0x2B, 0x0B, 0x46, 0x7F, 0xD6, 0xA3, 0x8C, 0x22, 0xE7, 
	0xCB, 0xD0, 0xB3, 0x7F, 0xBC, 0x0C, 0x3C, 0xF5, 0xD8, 0xD3, 0xB7, 0xFF, 
	0xBC, 0x63, 0x3C, 0xEE, 0x33, 0x21, 0x18, 0xED, 0xF7, 0x2F, 0x3F, 0x47, 
	0xBF, 0xE3, 0x3E, 0x19, 0x85, 0xEA, 0xF6, 0x91, 0xE8, 0x10, 0x8B, 0xFA, 
	0x82, 0x51, 0xC6, 0xA1, 0xB4, 0x6C, 0x2C, 0x2A, 0x03, 0xD1, 0x25, 0xB1, 
	0xA8, 0x76, 0x09, 0xDA, 0xD6, 0x63, 0xD1, 0x31, 0x18, 0x9D, 0x13, 0x8B, 
	0x5C, 0x8A, 0x06, 0x00, 0x00, 0x6C, 0x93, 0x60, 0xB4, 0x8E, 0x32, 0x16, 
	0x35, 0x0A, 0x46, 0x19, 0x74, 0xDA, 0xFA, 0x5D, 0x25, 0x8A, 0x2C, 0xAD, 
	0x0C, 0x3C, 0xA7, 0xA1, 0xA6, 0x3F, 0x12, 0x4D, 0x39, 0xC6, 0x40, 0xF0, 
	0x19, 0x0A, 0x46, 0x43, 0xFB, 0x4D, 0x54, 0xC6, 0xA1, 0x74, 0x8C, 0x44, 
	0xA7, 0x32, 0x18, 0x65, 0x1C, 0x3A, 0x3F, 0x14, 0x3D, 0x45, 0x2C, 0x1A, 
	0x5A, 0x55, 0x24, 0x16, 0x01, 0x00, 0x00, 0xAC, 0x49, 0x30, 0x5A, 0x47, 
	0x19, 0x8B, 0x9A, 0x05, 0xA3, 0xDF, 0xDD, 0x87, 0x9C, 0xA7, 0x92, 0x21, 
	0x64, 0x79, 0x4B, 0x04, 0x9A, 0x89, 0x91, 0xE8, 0x54, 0x06, 0xA3, 0x39, 
	0xFB, 0x8E, 0x79, 0x35, 0x14, 0x8C, 0xCA, 0x48, 0x54, 0x0B, 0x46, 0x19, 
	0x87, 0xD2, 0xBC, 0x58, 0x34, 0x16, 0x8A, 0x86, 0x63, 0x51, 0x5F, 0x28, 
	0xBA, 0xEE, 0x58, 0x54, 0x0F, 0x46, 0x97, 0xC4, 0x22, 0x97, 0xA2, 0x01, 
	0x00, 0x00, 0x5B, 0x26, 0x18, 0xAD, 0xA3, 0x8C, 0x45, 0x37, 0x1E, 0x8C, 
	0xBE, 0xFC, 0xE2, 0xC3, 0xDD, 0x57, 0xA9, 0xB2, 0xDD, 0xD3, 0x38, 0x23, 
	0xF4, 0x3C, 0x86, 0xA2, 0x69, 0xBE, 0xAC, 0x3C, 0x56, 0xF5, 0x70, 0xDC, 
	0xB9, 0xA1, 0xE8, 0x34, 0x18, 0x65, 0x1C, 0x9A, 0x1A, 0x8A, 0xC4, 0xA2, 
	0x54, 0x86, 0xA2, 0xF1, 0x58, 0x34, 0xFE, 0x17, 0xD1, 0xEA, 0xC1, 0xA8, 
	0xFC, 0x65, 0x0C, 0x00, 0x00, 0xB0, 0x25, 0x82, 0xD1, 0x3A, 0xCA, 0x58, 
	0x74, 0xC5, 0xC1, 0xE8, 0x8F, 0xDF, 0x74, 0xED, 0xE2, 0x50, 0xCD, 0x76, 
	0x82, 0xD1, 0x3C, 0x93, 0xE3, 0xCF, 0xC3, 0xB6, 0x07, 0xF9, 0x5C, 0x47, 
	0xAC, 0x58, 0x9A, 0x1B, 0x8A, 0x76, 0xDE, 0x8D, 0x04, 0xA3, 0xA1, 0x58, 
	0x34, 0x14, 0x8A, 0xFA, 0x63, 0x51, 0x19, 0x88, 0xA6, 0xC4, 0xA2, 0xBE, 
	0xFB, 0x15, 0x89, 0x45, 0x00, 0x00, 0x00, 0xDB, 0x25, 0x18, 0xAD, 0xA3, 
	0x8C, 0x45, 0x8D, 0x82, 0x51, 0xC6, 0x9C, 0xA7, 0x90, 0xA1, 0xA8, 0x37, 
	0x18, 0x7D, 0xF1, 0xBE, 0x0C, 0x29, 0x1B, 0x32, 0x39, 0xFE, 0xC4, 0xB6, 
	0x83, 0xFB, 0xE4, 0xA5, 0x6D, 0x8F, 0xC1, 0xA8, 0x0C, 0x42, 0x7D, 0x76, 
	0xA1, 0xE8, 0xA0, 0x16, 0x8C, 0x86, 0x42, 0xD1, 0x58, 0x2C, 0x2A, 0x23, 
	0xD1, 0xD4, 0x58, 0x54, 0x86, 0xA2, 0x6B, 0x8F, 0x45, 0xFB, 0x60, 0x34, 
	0x2D, 0x16, 0xF5, 0x05, 0x23, 0xB1, 0x08, 0x00, 0x00, 0xB8, 0x56, 0x82, 
	0xD1, 0x3A, 0xCA, 0x58, 0x74, 0x93, 0xC1, 0xE8, 0x7D, 0xC7, 0x7D, 0x20, 
	0x4A, 0x03, 0xC1, 0xA5, 0x37, 0xBA, 0x8C, 0xB8, 0xE4, 0x18, 0xB9, 0xEF, 
	0xD0, 0x71, 0xF2, 0xF9, 0xF4, 0xB8, 0x6D, 0x25, 0x10, 0x1D, 0xBD, 0x2F, 
	0x82, 0xD0, 0x90, 0xD3, 0x58, 0x74, 0x1F, 0x8C, 0xDE, 0x75, 0x83, 0xD1, 
	0x50, 0x2C, 0x1A, 0x0A, 0x45, 0xE7, 0xC6, 0xA2, 0xBE, 0x55, 0x45, 0x9B, 
	0x8C, 0x45, 0xD5, 0x60, 0x54, 0x46, 0xA2, 0x76, 0xB1, 0xC8, 0x4D, 0xAE, 
	0x01, 0x00, 0x80, 0xEB, 0x21, 0x18, 0xAD, 0xA3, 0x8C, 0x45, 0x57, 0x13, 
	0x8C, 0x7E, 0x3B, 0x2A, 0x43, 0xD1, 0x69, 0x30, 0xCA, 0xC7, 0x32, 0xB2, 
	0xA4, 0x8C, 0x34, 0xA5, 0x7D, 0x74, 0xCA, 0xFD, 0x52, 0xB9, 0xDF, 0x51, 
	0x6E, 0xDB, 0x67, 0x78, 0xFB, 0xCA, 0x67, 0x29, 0xE2, 0x50, 0x37, 0x14, 
	0x1D, 0x64, 0x14, 0xAA, 0xC9, 0x50, 0x94, 0xC1, 0x68, 0x28, 0x14, 0x8D, 
	0xC5, 0xA2, 0x32, 0x10, 0x8D, 0x87, 0xA2, 0xE9, 0xB1, 0x68, 0x2C, 0x14, 
	0x8D, 0xC5, 0xA2, 0x32, 0x12, 0x89, 0x45, 0x00, 0x00, 0x00, 0xED, 0x09, 
	0x46, 0xEB, 0x28, 0x63, 0x51, 0xB3, 0x60, 0x54, 0x06, 0x9D, 0x96, 0xFE, 
	0x30, 0x10, 0x8C, 0xAA, 0x32, 0xB2, 0x54, 0x64, 0x20, 0xDA, 0xC7, 0x99, 
	0x53, 0xE5, 0x3E, 0xA9, 0x3F, 0x12, 0x4D, 0x3F, 0x46, 0xA9, 0xE7, 0x7D, 
	0xBC, 0x3A, 0x1A, 0x0A, 0x45, 0x87, 0xFD, 0x32, 0x0E, 0x4D, 0x09, 0x45, 
	0x07, 0x1F, 0xDF, 0x7D, 0x3B, 0x18, 0x8B, 0x86, 0x42, 0x51, 0x8B, 0x58, 
	0xB4, 0xE4, 0xAA, 0xA2, 0xC5, 0x62, 0x51, 0x11, 0x8A, 0xC4, 0x22, 0x00, 
	0x00, 0x80, 0x31, 0x82, 0xD1, 0x3A, 0xCA, 0x58, 0xD4, 0x28, 0x18, 0xED, 
	0x02, 0xCE, 0x53, 0x2B, 0xA2, 0xD0, 0x90, 0x22, 0xC2, 0x0C, 0x05, 0x99, 
	0x3E, 0xB9, 0x5F, 0xA9, 0x1E, 0x89, 0xE6, 0x1D, 0x63, 0x78, 0xFF, 0xF7, 
	0x77, 0x5F, 0xEE, 0x22, 0xD0, 0x49, 0x2C, 0xEA, 0x06, 0xA3, 0x32, 0x14, 
	0x1D, 0x64, 0x24, 0x9A, 0x12, 0x8A, 0xBA, 0xC1, 0x68, 0x4A, 0x28, 0x7A, 
	0xCA, 0x55, 0x45, 0x97, 0xC7, 0xA2, 0x0C, 0x44, 0xD7, 0x1C, 0x8B, 0xDC, 
	0xB7, 0x08, 0x00, 0x00, 0xB8, 0x46, 0x82, 0xD1, 0x3A, 0xCA, 0x58, 0x74, 
	0x43, 0xC1, 0x68, 0xA7, 0x08, 0x43, 0x7D, 0xC6, 0x22, 0xCC, 0x24, 0x19, 
	0x74, 0x1E, 0x9C, 0xDE, 0x74, 0xBB, 0xD8, 0xA7, 0xA6, 0x72, 0x8C, 0xB1, 
	0xF7, 0x77, 0x1F, 0x89, 0x4E, 0x65, 0x30, 0xEA, 0x0F, 0x45, 0x07, 0xE7, 
	0x84, 0xA2, 0x63, 0x30, 0xFA, 0x66, 0x42, 0x2C, 0x6A, 0xBB, 0xAA, 0xE8, 
	0xA9, 0x62, 0xD1, 0x3E, 0x14, 0x3D, 0x6D, 0x2C, 0x3A, 0x06, 0x23, 0xB1, 
	0x08, 0x00, 0x00, 0x78, 0x5E, 0x04, 0xA3, 0x75, 0x94, 0xB1, 0xE8, 0x99, 
	0x05, 0xA3, 0x0F, 0x0F, 0x32, 0x9E, 0x9C, 0x2F, 0x23, 0x51, 0x86, 0xA9, 
	0x29, 0x32, 0x12, 0xCD, 0x09, 0x45, 0x19, 0x8C, 0xF6, 0xFF, 0x3D, 0x14, 
	0x8A, 0x0E, 0xCE, 0x09, 0x45, 0xB5, 0x60, 0x54, 0x86, 0xA2, 0xE9, 0xAB, 
	0x8A, 0x96, 0x89, 0x45, 0x63, 0xA1, 0x68, 0xF9, 0x58, 0x74, 0x0C, 0x45, 
	0xEB, 0xC6, 0xA2, 0x7A, 0x30, 0x2A, 0x7F, 0xE1, 0x02, 0x00, 0x00, 0x5C, 
	0x0B, 0xC1, 0x68, 0x1D, 0x65, 0x2C, 0x6A, 0x14, 0x8C, 0x7E, 0xFF, 0xF5, 
	0x6F, 0xEF, 0x9E, 0xC6, 0xAF, 0x1D, 0x87, 0x20, 0xD4, 0x42, 0x46, 0xA7, 
	0x73, 0x65, 0xB8, 0x19, 0x8B, 0x44, 0x1F, 0x2A, 0x72, 0x9B, 0xB1, 0xED, 
	0xD3, 0xBB, 0xCF, 0xDF, 0x8E, 0x7A, 0xDB, 0x63, 0x17, 0x8C, 0xBE, 0x7D, 
	0xFB, 0xCD, 0xDD, 0x4F, 0x5F, 0xFE, 0x54, 0xF1, 0x63, 0xC7, 0x8F, 0xBD, 
	0x0E, 0x31, 0xA8, 0xEE, 0xFB, 0x0F, 0x3B, 0xDF, 0x57, 0x7D, 0xD7, 0xF1, 
	0x5D, 0xC7, 0xA7, 0xC2, 0x49, 0x14, 0x7A, 0x5F, 0xF7, 0xED, 0xFB, 0x8F, 
	0x55, 0xDF, 0x3C, 0xCA, 0x40, 0x54, 0x8F, 0x45, 0x5F, 0xBF, 0xFF, 0xB6, 
	0x62, 0x17, 0x85, 0xEA, 0xBE, 0x7C, 0xF7, 0x75, 0xD5, 0x87, 0x7B, 0x5F, 
	0x75, 0xBC, 0xEF, 0x38, 0xC6, 0xA1, 0x77, 0x6F, 0xD3, 0x87, 0xBB, 0xB7, 
	0x00, 0x00, 0x00, 0x57, 0x6C, 0x17, 0x8C, 0xCA, 0x40, 0xB3, 0x35, 0x65, 
	0x70, 0x99, 0xA2, 0x0C, 0x32, 0x5B, 0x57, 0x06, 0x9F, 0x4B, 0xBD, 0xC8, 
	0x90, 0x33, 0xC7, 0xEF, 0x2E, 0x90, 0x71, 0x66, 0x33, 0x26, 0xC6, 0x9E, 
	0xA9, 0xE1, 0x67, 0xCE, 0xB6, 0x35, 0x19, 0x87, 0xA6, 0x84, 0xA2, 0xD3, 
	0x60, 0xF4, 0xCD, 0x9B, 0x0C, 0x46, 0xD3, 0x43, 0xD1, 0x53, 0xC7, 0xA2, 
	0x0C, 0x44, 0xD3, 0x63, 0x51, 0xC6, 0xA1, 0x24, 0x16, 0x01, 0x00, 0x00, 
	0x2C, 0x4D, 0x30, 0xDA, 0x92, 0x32, 0xF8, 0x5C, 0xEA, 0x45, 0x86, 0x9C, 
	0xA7, 0x52, 0x84, 0x9A, 0x2D, 0x18, 0x89, 0x3D, 0xE7, 0x84, 0x9F, 0xC7, 
	0xED, 0x7B, 0x5E, 0x63, 0x4C, 0x46, 0xA2, 0x29, 0xA1, 0xE8, 0x54, 0x37, 
	0x18, 0x4D, 0x09, 0x45, 0xED, 0x56, 0x15, 0x9D, 0x17, 0x8B, 0xCA, 0x48, 
	0x74, 0xDD, 0xB1, 0xE8, 0xCB, 0xE2, 0x97, 0x2C, 0x00, 0x00, 0xC0, 0x35, 
	0x12, 0x8C, 0xB6, 0xA4, 0x0C, 0x3E, 0x97, 0xDA, 0x7C, 0x30, 0x7A, 0xFF, 
	0xF9, 0xFB, 0xBB, 0x0F, 0x1D, 0xEF, 0x8A, 0x6D, 0x16, 0xD3, 0x13, 0x7B, 
	0xE6, 0x46, 0xA2, 0x47, 0x79, 0xFC, 0x9E, 0xD7, 0x19, 0x72, 0x6E, 0x28, 
	0xEA, 0x06, 0xA3, 0xE9, 0xAB, 0x8A, 0x32, 0x0E, 0xA5, 0x73, 0x63, 0x51, 
	0x19, 0x8A, 0xC6, 0x63, 0x51, 0x06, 0xA2, 0x65, 0x63, 0xD1, 0xEE, 0xB1, 
	0x32, 0x12, 0x5D, 0x1E, 0x8B, 0x8E, 0xC1, 0x28, 0x43, 0x91, 0x58, 0x04, 
	0x00, 0x00, 0xDC, 0x12, 0xC1, 0x68, 0x4B, 0xCA, 0xE0, 0x73, 0xA9, 0x4D, 
	0x04, 0xA3, 0x5D, 0x14, 0xAA, 0x7B, 0x77, 0xEF, 0x3E, 0x12, 0x9D, 0xCA, 
	0x00, 0xB3, 0x94, 0x88, 0x35, 0x67, 0x45, 0xA2, 0x9D, 0x3C, 0x6E, 0xCA, 
	0xED, 0x07, 0x9C, 0x1B, 0x8A, 0xF6, 0xDE, 0x74, 0x82, 0x51, 0x19, 0x88, 
	0xA6, 0xC7, 0xA2, 0xA1, 0x50, 0x34, 0x3F, 0x16, 0xB5, 0xBE, 0x5F, 0x91, 
	0x58, 0x04, 0x00, 0x00, 0xD0, 0x9A, 0x60, 0xB4, 0x25, 0x65, 0xF0, 0xB9, 
	0x54, 0xD3, 0x60, 0xF4, 0xDB, 0xAF, 0x86, 0x1D, 0x82, 0xD0, 0x98, 0x22, 
	0x18, 0x5D, 0x1C, 0x8D, 0x76, 0xFB, 0x57, 0x8E, 0x51, 0x09, 0x36, 0xC3, 
	0xDE, 0x1D, 0xFF, 0x3D, 0x8F, 0x35, 0xA4, 0x38, 0x4E, 0xDD, 0xFB, 0x97, 
	0xEF, 0x2B, 0x11, 0x68, 0xAA, 0x37, 0x8F, 0xC1, 0xA8, 0x8C, 0x43, 0xD3, 
	0x43, 0xD1, 0x58, 0x2C, 0x9A, 0x17, 0x8A, 0xC6, 0x57, 0x15, 0x89, 0x45, 
	0x00, 0x00, 0x00, 0xD7, 0x41, 0x30, 0xDA, 0x92, 0x32, 0xF8, 0x5C, 0xEA, 
	0x45, 0x46, 0x9C, 0xCB, 0xFC, 0x66, 0x96, 0x0C, 0x43, 0x7D, 0x8A, 0x58, 
	0x34, 0x2B, 0x18, 0x1D, 0xE2, 0x50, 0xCD, 0x39, 0x21, 0x67, 0x17, 0x89, 
	0x4E, 0xE4, 0x31, 0x06, 0xBC, 0x7F, 0x50, 0x1E, 0xB3, 0x6B, 0x17, 0x8A, 
	0x0E, 0x0E, 0xE1, 0xA7, 0x0C, 0x42, 0x7D, 0x0E, 0xDB, 0x8F, 0x05, 0xA3, 
	0xCB, 0x6E, 0x6A, 0xDD, 0x26, 0x16, 0x95, 0x91, 0x68, 0x5E, 0x2C, 0x3A, 
	0x86, 0x22, 0xB1, 0x08, 0x00, 0x00, 0xA0, 0x2D, 0xC1, 0x68, 0x4B, 0xCA, 
	0xE0, 0x73, 0xA9, 0x17, 0x19, 0x71, 0x9E, 0x52, 0x86, 0xA1, 0x21, 0xA3, 
	0xB1, 0xE7, 0x51, 0x6E, 0x37, 0x24, 0xF6, 0xAD, 0xC4, 0x9B, 0x7A, 0x24, 
	0x1A, 0x38, 0x46, 0xC5, 0x21, 0x14, 0x8D, 0x05, 0xA3, 0xD3, 0x50, 0xD4, 
	0x8D, 0x45, 0x53, 0x82, 0x51, 0x37, 0x14, 0xBD, 0x79, 0x50, 0x0F, 0x46, 
	0x65, 0x1C, 0x4A, 0x43, 0xB1, 0x68, 0x28, 0x14, 0xD5, 0x63, 0xD1, 0xF9, 
	0x97, 0xA0, 0x1D, 0x63, 0x51, 0xC6, 0xA1, 0xB4, 0xCD, 0x58, 0xE4, 0x2F, 
	0xA2, 0x01, 0x00, 0x00, 0xB7, 0x4A, 0x30, 0xDA, 0x92, 0x32, 0xF8, 0x5C, 
	0x6A, 0x5B, 0xC1, 0xE8, 0x8B, 0x7E, 0xF5, 0xD8, 0x93, 0x8F, 0xF5, 0xEB, 
	0x3F, 0x46, 0x5F, 0x34, 0xEA, 0x46, 0xA2, 0xE1, 0xF7, 0x51, 0xCA, 0x48, 
	0x34, 0x14, 0x8C, 0x32, 0x14, 0xCD, 0x0B, 0x46, 0xF5, 0x50, 0x54, 0x0F, 
	0x46, 0x65, 0x18, 0x4A, 0x43, 0xA1, 0x68, 0x2C, 0x16, 0x95, 0xA1, 0x68, 
	0xCA, 0xAA, 0xA2, 0x65, 0x63, 0x51, 0x19, 0x8A, 0x86, 0x63, 0xD1, 0x97, 
	0xEF, 0xC4, 0x22, 0x00, 0x00, 0x80, 0x73, 0x08, 0x46, 0x5B, 0x52, 0x06, 
	0x9F, 0x4B, 0x3D, 0x5D, 0x30, 0xFA, 0xBA, 0x94, 0x51, 0x68, 0x48, 0x19, 
	0x6A, 0xFA, 0xE5, 0xBE, 0xFD, 0xC7, 0x38, 0x8D, 0x3C, 0x0F, 0x8F, 0x55, 
	0x22, 0xD1, 0xD4, 0x63, 0x64, 0x18, 0xEA, 0x53, 0x86, 0xA2, 0x77, 0x45, 
	0x2C, 0xEA, 0x06, 0xA3, 0x8C, 0x44, 0xE3, 0xA1, 0xA8, 0x1B, 0x8C, 0xCA, 
	0x30, 0x54, 0x33, 0x14, 0x8B, 0x86, 0x42, 0xD1, 0xF9, 0xB1, 0xA8, 0x0C, 
	0x44, 0xDD, 0x50, 0xB4, 0x4C, 0x2C, 0xCA, 0x48, 0x24, 0x16, 0x01, 0x00, 
	0x00, 0x5C, 0x4E, 0x30, 0xDA, 0x92, 0x32, 0xF8, 0x5C, 0xEA, 0x45, 0x46, 
	0x9C, 0xA7, 0x94, 0x31, 0x66, 0x48, 0x19, 0x6A, 0x8E, 0x72, 0xDB, 0x3E, 
	0xB9, 0x5F, 0xCA, 0xED, 0x6B, 0x72, 0x9F, 0xFD, 0x7E, 0x65, 0x14, 0x1A, 
	0xF5, 0x18, 0x8A, 0x0E, 0x22, 0x18, 0x7D, 0xF1, 0xFE, 0x31, 0xFA, 0x9C, 
	0x13, 0x8A, 0x8E, 0xC1, 0xE8, 0xEB, 0x22, 0x0C, 0xA5, 0xA1, 0x50, 0x34, 
	0x16, 0x8B, 0xCA, 0x48, 0x34, 0x25, 0x14, 0x4D, 0x59, 0x55, 0xB4, 0x4E, 
	0x2C, 0xDA, 0x87, 0x22, 0xB1, 0x08, 0x00, 0x00, 0x60, 0x8C, 0x60, 0xB4, 
	0x25, 0x65, 0xF0, 0xB9, 0xD4, 0x13, 0x05, 0xA3, 0x5F, 0xAA, 0x32, 0xC6, 
	0x0C, 0x99, 0x1A, 0x74, 0x86, 0x94, 0xA1, 0xE7, 0x3C, 0xE5, 0xBE, 0x95, 
	0x20, 0x34, 0xE8, 0x34, 0x14, 0x45, 0x30, 0x3A, 0xD9, 0xAE, 0x1B, 0x8C, 
	0xE6, 0x85, 0xA2, 0x83, 0xAF, 0x07, 0x82, 0xD1, 0x25, 0xA1, 0xA8, 0x6D, 
	0x2C, 0xCA, 0x30, 0x54, 0x73, 0x49, 0x2C, 0x2A, 0x43, 0x91, 0x58, 0x04, 
	0x00, 0x00, 0x30, 0x8F, 0x60, 0xB4, 0x25, 0x65, 0xF0, 0xB9, 0xD4, 0x8B, 
	0x8C, 0x38, 0x4F, 0x2D, 0x63, 0xCC, 0x75, 0xCA, 0x20, 0x54, 0x13, 0xFB, 
	0x64, 0x30, 0x2A, 0xB6, 0x3F, 0x0D, 0x46, 0xF3, 0x43, 0xD1, 0x50, 0x30, 
	0x9A, 0x17, 0x8A, 0xCA, 0x58, 0x54, 0x46, 0xA2, 0x63, 0x28, 0x1A, 0x8E, 
	0x45, 0x65, 0x20, 0xBA, 0x64, 0x55, 0x51, 0x3D, 0x16, 0xF5, 0xDF, 0xAF, 
	0x48, 0x2C, 0x02, 0x00, 0x00, 0x58, 0x8E, 0x60, 0xB4, 0x25, 0x65, 0xF0, 
	0xB9, 0xD4, 0x2A, 0xC1, 0xE8, 0xD7, 0x13, 0x45, 0x48, 0xB9, 0x4A, 0x65, 
	0xEC, 0xE9, 0x0D, 0x45, 0x07, 0x0F, 0xA1, 0xE8, 0xDD, 0x17, 0x7B, 0xB5, 
	0xFD, 0x4E, 0x83, 0x51, 0x86, 0xA0, 0xA9, 0x32, 0x18, 0xCD, 0x8B, 0x45, 
	0x4F, 0xB9, 0xAA, 0x48, 0x2C, 0x02, 0x00, 0x00, 0xB8, 0x26, 0x82, 0xD1, 
	0x96, 0x94, 0xC1, 0xE7, 0x52, 0x2F, 0x4E, 0xE3, 0x4D, 0x86, 0x9D, 0x74, 
	0xBA, 0xED, 0x52, 0x8A, 0x90, 0x32, 0xEA, 0xED, 0x89, 0x7C, 0x6E, 0x2D, 
	0x65, 0xEC, 0x19, 0x72, 0x88, 0x44, 0xA7, 0x72, 0xBF, 0x0C, 0x3F, 0xE7, 
	0x3A, 0x04, 0xA3, 0x96, 0xA1, 0xE8, 0xA9, 0x63, 0x51, 0x19, 0x8A, 0x5A, 
	0xC7, 0xA2, 0x7D, 0x28, 0x12, 0x8B, 0x00, 0x00, 0x00, 0x8E, 0x04, 0xA3, 
	0x2D, 0x29, 0x83, 0xCF, 0xA5, 0x3A, 0xC1, 0x68, 0x0D, 0x19, 0x53, 0x8E, 
	0x4E, 0xC3, 0x50, 0xD7, 0xBB, 0xCF, 0xF7, 0xCA, 0x7D, 0x9E, 0x56, 0xB9, 
	0x3A, 0xA8, 0xDC, 0xA6, 0xB6, 0x7D, 0x9F, 0xD3, 0x6D, 0x33, 0xFC, 0x9C, 
	0xEB, 0xAB, 0xD7, 0x5F, 0x17, 0x71, 0xA8, 0x3F, 0x14, 0xCD, 0x8F, 0x45, 
	0x19, 0x87, 0x5A, 0x86, 0xA2, 0xA1, 0x58, 0x94, 0x81, 0x48, 0x2C, 0x02, 
	0x00, 0x00, 0x68, 0x4B, 0x30, 0xDA, 0x92, 0x32, 0xF8, 0x5C, 0x6A, 0xC5, 
	0x60, 0xF4, 0xF3, 0xBD, 0x8C, 0x41, 0xE9, 0x10, 0x87, 0x6A, 0x32, 0xC8, 
	0x4C, 0xD5, 0x17, 0x69, 0xA6, 0xC8, 0xC8, 0x33, 0x76, 0x8C, 0xDC, 0x76, 
	0xAA, 0x0C, 0x3F, 0x73, 0xBD, 0xFE, 0x6C, 0xE7, 0xF5, 0xDD, 0x57, 0xAF, 
	0xBF, 0x2A, 0x22, 0x51, 0x3D, 0x16, 0xCD, 0x0B, 0x45, 0xD7, 0x10, 0x8B, 
	0xFA, 0xFE, 0x12, 0x9A, 0x58, 0x04, 0x00, 0x00, 0x70, 0x39, 0xC1, 0x68, 
	0x4B, 0xCA, 0xE0, 0x73, 0xA9, 0x85, 0x82, 0xD1, 0x3E, 0xFE, 0x9C, 0x23, 
	0x23, 0xD0, 0x1C, 0x19, 0x67, 0xFA, 0x64, 0x8C, 0x39, 0x95, 0xDB, 0xD6, 
	0xE4, 0x3E, 0x35, 0xE7, 0xEC, 0x33, 0x24, 0x03, 0xD0, 0x54, 0x87, 0x50, 
	0x74, 0x50, 0x0B, 0x46, 0xE7, 0x85, 0xA2, 0x69, 0xAB, 0x8A, 0x86, 0x6E, 
	0x6C, 0x7D, 0x8C, 0x45, 0x19, 0x86, 0x6A, 0xC6, 0x43, 0xD1, 0x65, 0xB1, 
	0xA8, 0x1B, 0x8A, 0xC4, 0x22, 0x00, 0x00, 0x80, 0x79, 0x04, 0xA3, 0x2D, 
	0x29, 0x83, 0xCF, 0xA5, 0x5E, 0x64, 0xC0, 0x59, 0xC2, 0x6F, 0xBE, 0x9A, 
	0x2E, 0x23, 0xD0, 0x1C, 0x19, 0x69, 0xCE, 0x0D, 0x35, 0x4B, 0x1D, 0x23, 
	0x1F, 0xBB, 0xC4, 0x3E, 0x00, 0xBD, 0x2E, 0x82, 0x50, 0x9F, 0x0C, 0x45, 
	0xB5, 0x60, 0xD4, 0xF2, 0xF2, 0xB3, 0xE5, 0x56, 0x15, 0x2D, 0x11, 0x8B, 
	0xCA, 0x48, 0x24, 0x16, 0x01, 0x00, 0x00, 0x2C, 0x4B, 0x30, 0xDA, 0x92, 
	0x32, 0xF8, 0x5C, 0xEA, 0x45, 0x06, 0x9C, 0x35, 0x64, 0x08, 0x9A, 0xA5, 
	0x12, 0x5B, 0xE6, 0x5A, 0x3A, 0xF6, 0x5C, 0xEE, 0xED, 0x7D, 0x2C, 0x7A, 
	0x3D, 0x21, 0x18, 0xED, 0x43, 0x51, 0x3D, 0x16, 0x1D, 0x82, 0xD1, 0xA5, 
	0xA1, 0x68, 0x2C, 0x16, 0x65, 0x1C, 0x4A, 0xD3, 0x63, 0xD1, 0x65, 0x97, 
	0xA0, 0x0D, 0xC5, 0xA2, 0xBE, 0x4B, 0xD0, 0xE6, 0xC6, 0xA2, 0xFC, 0x05, 
	0x09, 0x00, 0x00, 0xF0, 0x5C, 0x09, 0x46, 0x5B, 0x52, 0x06, 0x9F, 0x4B, 
	0x09, 0x46, 0x8B, 0xDB, 0xBD, 0xA7, 0x73, 0xDF, 0xD7, 0x7E, 0xDF, 0xB7, 
	0x5F, 0xBC, 0xBD, 0x8F, 0x45, 0x43, 0xC1, 0x68, 0x2C, 0x14, 0x1D, 0x7C, 
	0xD9, 0x09, 0x46, 0x53, 0x43, 0xD1, 0xBA, 0xAB, 0x8A, 0xEA, 0xB1, 0x68, 
	0x78, 0x55, 0xD1, 0x39, 0xB1, 0xA8, 0x1B, 0x8A, 0xC4, 0x22, 0x00, 0x00, 
	0x80, 0x39, 0x04, 0xA3, 0x2D, 0x29, 0x83, 0xCF, 0xA5, 0x9E, 0x79, 0x30, 
	0xBA, 0x24, 0xEE, 0xD4, 0x8E, 0x93, 0x72, 0xBB, 0x3E, 0xFB, 0x48, 0x74, 
	0x70, 0x88, 0x45, 0xB5, 0x60, 0x34, 0x35, 0x14, 0x75, 0x83, 0x51, 0x19, 
	0x8A, 0xFA, 0x63, 0xD1, 0x36, 0x57, 0x15, 0x0D, 0xC5, 0xA2, 0xF1, 0xFB, 
	0x15, 0x4D, 0x8F, 0x45, 0x19, 0x89, 0xC4, 0x22, 0x00, 0x00, 0x80, 0x3A, 
	0xC1, 0x68, 0x4B, 0xCA, 0xE0, 0x73, 0xA9, 0xE6, 0xC1, 0xE8, 0x97, 0x09, 
	0x8A, 0x08, 0x34, 0x47, 0x11, 0x5F, 0x86, 0x64, 0xD0, 0x19, 0x08, 0x3B, 
	0x9F, 0x87, 0x7C, 0xBE, 0x38, 0xC6, 0xDE, 0x69, 0xF8, 0x29, 0xF7, 0x29, 
	0xF7, 0x3F, 0xDD, 0x3E, 0x83, 0x51, 0x19, 0x8A, 0xCA, 0x20, 0x34, 0xE6, 
	0xCB, 0xD7, 0x5F, 0x2E, 0x1A, 0x8A, 0xA6, 0xDD, 0xD4, 0x7A, 0x4A, 0x28, 
	0x5A, 0x2A, 0x16, 0x95, 0x91, 0x48, 0x2C, 0x02, 0x00, 0x00, 0x68, 0x4F, 
	0x30, 0xDA, 0x92, 0x32, 0xF8, 0x5C, 0xEA, 0x45, 0xC6, 0x9B, 0x35, 0x14, 
	0x11, 0x68, 0x8E, 0x22, 0xC4, 0x0C, 0x07, 0x9D, 0xBA, 0x87, 0x7D, 0x32, 
	0x12, 0x15, 0xC1, 0x28, 0xF7, 0xDB, 0xCB, 0xE0, 0xD3, 0x1F, 0x8C, 0x86, 
	0xB7, 0xAF, 0x05, 0xA3, 0x73, 0x43, 0x51, 0x2D, 0x18, 0x95, 0x91, 0x68, 
	0x4E, 0x28, 0x5A, 0x72, 0x55, 0x51, 0x37, 0x16, 0x95, 0x91, 0xE8, 0x18, 
	0x8B, 0x32, 0x10, 0x3D, 0x6D, 0x2C, 0x2A, 0x7F, 0x21, 0x02, 0x00, 0x00, 
	0xB0, 0x27, 0x18, 0x6D, 0x49, 0x19, 0x7C, 0x2E, 0x75, 0x55, 0xC1, 0xE8, 
	0x6D, 0x45, 0xC6, 0x98, 0x39, 0x3A, 0xC7, 0xC9, 0x40, 0xF4, 0xE8, 0x10, 
	0xA6, 0x62, 0xDF, 0x09, 0xF2, 0xBD, 0xE5, 0xF3, 0x7D, 0xEE, 0x83, 0x51, 
	0x25, 0xFE, 0x9C, 0x63, 0x17, 0x8C, 0xCA, 0x48, 0xD4, 0x8D, 0x45, 0x19, 
	0x86, 0x4A, 0x65, 0x1C, 0x5A, 0x22, 0x14, 0xF5, 0xC7, 0xA2, 0xE1, 0x55, 
	0x45, 0x43, 0xB1, 0xA8, 0x2F, 0x14, 0x95, 0xB1, 0x68, 0xF8, 0x7E, 0x45, 
	0x62, 0x11, 0x00, 0x00, 0xC0, 0x30, 0xC1, 0x68, 0x4B, 0xCA, 0xE0, 0x73, 
	0xA9, 0x4D, 0x04, 0xA3, 0x9D, 0xA1, 0x28, 0x34, 0x26, 0x63, 0x4E, 0x9F, 
	0xDC, 0xAF, 0x73, 0x8C, 0x5A, 0x24, 0x3A, 0x55, 0x09, 0x3B, 0x63, 0x66, 
	0xEF, 0xF3, 0xF0, 0x5E, 0x32, 0xFA, 0x9C, 0xEB, 0x55, 0x6F, 0x30, 0x5A, 
	0x7F, 0x55, 0xD1, 0xB9, 0xB1, 0xE8, 0x9C, 0xFB, 0x15, 0x89, 0x45, 0x00, 
	0x00, 0x00, 0xCB, 0x13, 0x8C, 0xB6, 0xA4, 0x0C, 0x3E, 0x97, 0x7A, 0xD2, 
	0x60, 0xF4, 0xF3, 0x80, 0x0C, 0x38, 0x73, 0x64, 0x18, 0x9A, 0x12, 0x88, 
	0x52, 0x11, 0x88, 0x32, 0x60, 0x65, 0xDC, 0x59, 0x52, 0xBC, 0x97, 0x0C, 
	0x3F, 0x73, 0xED, 0x42, 0xD1, 0x41, 0x37, 0x18, 0x5D, 0x6F, 0x28, 0x1A, 
	0x5A, 0x55, 0x34, 0x14, 0x8B, 0xFA, 0x2E, 0x41, 0x13, 0x8B, 0x00, 0x00, 
	0x00, 0x2E, 0x23, 0x18, 0x6D, 0x49, 0x19, 0x7C, 0x2E, 0xF5, 0x22, 0xC3, 
	0xCD, 0xD3, 0xF9, 0xA9, 0xE3, 0xED, 0xE7, 0x6F, 0x1E, 0x94, 0x01, 0x65, 
	0xCC, 0xDC, 0x38, 0x54, 0x53, 0x8D, 0x44, 0x29, 0x43, 0xCF, 0x25, 0xF2, 
	0xD8, 0x0F, 0x32, 0xFE, 0x9C, 0x06, 0xA0, 0x7C, 0x3C, 0x9D, 0x86, 0xA2, 
	0x6E, 0x30, 0x5A, 0x2E, 0x14, 0x1D, 0x63, 0x51, 0x46, 0xA1, 0x3E, 0x4F, 
	0x15, 0x8B, 0xC6, 0x56, 0x15, 0x1D, 0x63, 0x51, 0x19, 0x89, 0xC4, 0x22, 
	0x00, 0x00, 0x80, 0xB9, 0x04, 0xA3, 0x2D, 0x29, 0x83, 0xCF, 0xA5, 0x2E, 
	0x0C, 0x46, 0xDD, 0xE8, 0x73, 0x89, 0x4B, 0x82, 0xD1, 0x93, 0xC9, 0xE8, 
	0x73, 0x8E, 0x3C, 0x66, 0x18, 0x0A, 0x40, 0x19, 0x88, 0xFA, 0xB6, 0x3B, 
	0x7A, 0xF5, 0x18, 0x8C, 0x32, 0x0C, 0x95, 0xCA, 0x30, 0x94, 0x96, 0x5F, 
	0x55, 0xB4, 0x8F, 0x45, 0x19, 0x87, 0xBA, 0xA1, 0xA8, 0x3F, 0x16, 0xF5, 
	0xAD, 0x2A, 0x3A, 0x27, 0x16, 0xE5, 0x2F, 0x3E, 0x00, 0x00, 0x00, 0x86, 
	0x09, 0x46, 0x5B, 0x52, 0x06, 0x9F, 0x4B, 0xBD, 0xC8, 0x70, 0xB3, 0x96, 
	0xE5, 0x82, 0xD1, 0x12, 0xC7, 0xE8, 0x91, 0xF1, 0x67, 0xA2, 0x37, 0x9F, 
	0x1F, 0x8C, 0xBF, 0xB7, 0x7A, 0x00, 0x7A, 0x75, 0x6F, 0x4E, 0x28, 0x3A, 
	0xF8, 0xF0, 0xEA, 0xCB, 0x4A, 0x1C, 0x9A, 0xB7, 0xAA, 0x68, 0x5E, 0x28, 
	0x9A, 0x1A, 0x8B, 0x96, 0x58, 0x55, 0x34, 0x25, 0x16, 0x8D, 0x5D, 0x82, 
	0x26, 0x16, 0x01, 0x00, 0x00, 0x9C, 0x43, 0x30, 0xDA, 0x92, 0x32, 0xF8, 
	0x5C, 0x6A, 0xB5, 0x60, 0xF4, 0xD3, 0x97, 0x5D, 0xBB, 0x98, 0x32, 0x25, 
	0xA8, 0x74, 0x1D, 0x22, 0x53, 0x4D, 0x6E, 0xBB, 0x80, 0x4A, 0x0C, 0x1A, 
	0x72, 0x88, 0x44, 0xA7, 0x8A, 0x63, 0x3E, 0x38, 0x44, 0xA5, 0xBE, 0xF0, 
	0x33, 0x37, 0x14, 0x4D, 0x09, 0x46, 0x19, 0x86, 0x52, 0x9B, 0x50, 0xD4, 
	0x2E, 0x16, 0xF5, 0xAD, 0x2A, 0xEA, 0x8F, 0x45, 0xE5, 0x2F, 0x3C, 0x00, 
	0x00, 0x00, 0xA6, 0x11, 0x8C, 0xB6, 0xA4, 0x0C, 0x3E, 0x97, 0x3A, 0x3B, 
	0x18, 0x65, 0xF0, 0xB9, 0xD4, 0x70, 0x54, 0xC9, 0x18, 0xD4, 0xAF, 0xFF, 
	0x18, 0x53, 0x74, 0x8F, 0x53, 0x3C, 0x5F, 0x89, 0x42, 0xA9, 0x16, 0x89, 
	0x86, 0x3E, 0xDB, 0x71, 0xF5, 0xD1, 0x21, 0x18, 0x95, 0xD1, 0xE7, 0x10, 
	0x8C, 0xCA, 0x40, 0xD4, 0x1F, 0x8A, 0x86, 0x82, 0x51, 0x86, 0xA1, 0x9A, 
	0x36, 0xB1, 0xA8, 0x4D, 0x28, 0x12, 0x8B, 0x00, 0x00, 0x00, 0x9E, 0x9E, 
	0x60, 0xB4, 0x25, 0x65, 0xF0, 0xB9, 0xD4, 0x8B, 0x0C, 0x37, 0xEB, 0xF8, 
	0xF1, 0xDE, 0x31, 0xAA, 0x8C, 0xCB, 0x10, 0x93, 0x32, 0xCC, 0xD4, 0x0D, 
	0x1F, 0xAF, 0xD8, 0xBE, 0x12, 0x88, 0xA6, 0x44, 0xA2, 0x3C, 0x66, 0x46, 
	0xA2, 0xD3, 0xFD, 0x33, 0xF8, 0x1C, 0x65, 0x24, 0x1A, 0x0E, 0x45, 0xB5, 
	0x60, 0x94, 0x51, 0xA8, 0xA6, 0x4D, 0x28, 0x5A, 0x27, 0x16, 0x95, 0x91, 
	0x48, 0x2C, 0x02, 0x00, 0x00, 0x58, 0x8A, 0x60, 0xB4, 0x25, 0x65, 0xF0, 
	0xB9, 0x54, 0xE3, 0x60, 0xB4, 0x0F, 0x41, 0x53, 0x1D, 0xA3, 0xCA, 0xBC, 
	0x38, 0x54, 0x53, 0xC4, 0x9E, 0x09, 0x81, 0x28, 0x15, 0xFB, 0x9F, 0x19, 
	0x89, 0x4A, 0xFD, 0xFB, 0x67, 0xF0, 0xA9, 0x07, 0xA3, 0x7C, 0xAE, 0xDF, 
	0x2E, 0x18, 0x65, 0x14, 0xAA, 0xB9, 0x34, 0x14, 0xF5, 0xC7, 0xA2, 0x29, 
	0xA1, 0xE8, 0xBC, 0x58, 0xD4, 0x17, 0x8A, 0xC4, 0x22, 0x00, 0x00, 0x80, 
	0xF6, 0x04, 0xA3, 0x2D, 0x29, 0x83, 0xCF, 0xA5, 0x5E, 0x64, 0xB4, 0x59, 
	0xC3, 0x8F, 0x0F, 0x32, 0x9E, 0x5C, 0xE2, 0x9C, 0x40, 0x94, 0x4E, 0x63, 
	0xD1, 0x50, 0xE4, 0x59, 0x4A, 0xC6, 0x9E, 0xAE, 0x79, 0xA1, 0x68, 0xE7, 
	0xE5, 0x67, 0xAF, 0xEE, 0xDE, 0xBF, 0xFA, 0x50, 0xC4, 0xA1, 0xCB, 0x42, 
	0x51, 0x19, 0x8B, 0xCA, 0x48, 0x74, 0x8C, 0x45, 0x19, 0x87, 0x52, 0xC6, 
	0xA1, 0x29, 0xA1, 0xE8, 0xBC, 0x58, 0x54, 0xFE, 0x72, 0x03, 0x00, 0x00, 
	0xE0, 0x7C, 0x82, 0xD1, 0x96, 0x94, 0xC1, 0xE7, 0x52, 0xCD, 0x82, 0xD1, 
	0x21, 0x02, 0xCD, 0x91, 0x01, 0x65, 0x1B, 0xDA, 0x46, 0xA2, 0x9D, 0xD7, 
	0x0F, 0x32, 0xF8, 0x9C, 0x6B, 0x17, 0x8A, 0x0E, 0xFA, 0x82, 0xD1, 0x31, 
	0x14, 0xCD, 0x89, 0x45, 0xD3, 0x43, 0xD1, 0x58, 0x2C, 0x3A, 0x77, 0x55, 
	0xD1, 0x50, 0x2C, 0x2A, 0x23, 0x91, 0x58, 0x04, 0x00, 0x00, 0xD0, 0x8A, 
	0x60, 0xB4, 0x25, 0x65, 0xF0, 0xB9, 0xD4, 0x8B, 0x8C, 0x36, 0x6B, 0xCA, 
	0x90, 0x72, 0xEB, 0x0E, 0xA1, 0x68, 0x2C, 0x18, 0xED, 0xC2, 0x4F, 0x3E, 
	0x56, 0x73, 0x1A, 0x8A, 0xFA, 0x82, 0xD1, 0x12, 0xA1, 0xA8, 0x3F, 0x16, 
	0x8D, 0x87, 0xA2, 0xA7, 0x5D, 0x55, 0x24, 0x16, 0x01, 0x00, 0x00, 0xB4, 
	0x22, 0x18, 0x6D, 0x49, 0x19, 0x7C, 0x2E, 0xB5, 0xD1, 0x60, 0xF4, 0xBA, 
	0x88, 0x2B, 0x5B, 0xB4, 0x8B, 0x3C, 0xF9, 0xD8, 0x98, 0x8C, 0x44, 0x43, 
	0xC1, 0xE8, 0x10, 0x7D, 0xF2, 0xF1, 0x94, 0x91, 0xA8, 0x2F, 0x18, 0xB5, 
	0x0B, 0x45, 0xD3, 0x62, 0x51, 0x8B, 0x55, 0x45, 0x43, 0xB1, 0x28, 0x7F, 
	0x99, 0x01, 0x00, 0x00, 0xB0, 0x1C, 0xC1, 0x68, 0x4B, 0xCA, 0xE0, 0x73, 
	0xA9, 0x95, 0x82, 0xD1, 0x0F, 0x55, 0xAF, 0x3F, 0x7F, 0xFD, 0x28, 0x43, 
	0xCB, 0x16, 0x64, 0xE0, 0x39, 0xC8, 0xED, 0x52, 0x6E, 0x5F, 0xDA, 0x7F, 
	0xE6, 0xBE, 0x00, 0x94, 0x81, 0xA8, 0x6F, 0xBB, 0x9A, 0x5D, 0x30, 0x9A, 
	0x1F, 0x8A, 0xCA, 0x58, 0x54, 0x06, 0xA2, 0xE9, 0xA1, 0x68, 0x6C, 0x55, 
	0xD1, 0xF2, 0xB1, 0xA8, 0xFC, 0x45, 0x06, 0x00, 0x00, 0xC0, 0xB2, 0x04, 
	0xA3, 0x2D, 0x29, 0x83, 0xCF, 0xA5, 0xCE, 0x08, 0x46, 0x65, 0xE8, 0x19, 
	0xF3, 0xC3, 0x0C, 0x4B, 0x06, 0xA3, 0x0C, 0x32, 0xF9, 0xFC, 0x14, 0x65, 
	0xDC, 0xE9, 0x1E, 0xB3, 0xEF, 0xB8, 0xE5, 0xF6, 0xE9, 0xB8, 0xFF, 0x41, 
	0xC6, 0x9E, 0xBE, 0x60, 0x94, 0xCF, 0x0F, 0x79, 0x77, 0x1F, 0x8C, 0x32, 
	0x06, 0x0D, 0x99, 0x1A, 0x8A, 0xA6, 0xC5, 0xA2, 0xA7, 0x5E, 0x55, 0x24, 
	0x16, 0x01, 0x00, 0x00, 0x3C, 0x0D, 0xC1, 0x68, 0x4B, 0xCA, 0xE0, 0x73, 
	0xA9, 0x17, 0x19, 0x6C, 0xD6, 0x36, 0x14, 0x61, 0xFA, 0xBC, 0xFE, 0xEC, 
	0xD4, 0xEB, 0xA3, 0x08, 0x32, 0xB9, 0x5F, 0x4D, 0x19, 0x76, 0x86, 0x23, 
	0xCF, 0xE9, 0x71, 0xCB, 0xED, 0x6B, 0xCA, 0xFD, 0x0F, 0x32, 0xF6, 0x1C, 
	0x9C, 0x13, 0x8A, 0xF6, 0x5E, 0xDE, 0xBD, 0x7B, 0xF5, 0xBE, 0x12, 0x85, 
	0x6A, 0x96, 0xBD, 0xFC, 0xEC, 0xE9, 0x57, 0x15, 0x89, 0x45, 0x00, 0x00, 
	0x00, 0x4F, 0x49, 0x30, 0xDA, 0x92, 0x32, 0xF8, 0x5C, 0xEA, 0xEA, 0x82, 
	0x51, 0x6F, 0x1C, 0xAA, 0xE9, 0x09, 0x3B, 0xA9, 0x8C, 0x3A, 0xE3, 0x71, 
	0xA7, 0x2B, 0xF7, 0x4B, 0xB9, 0x7D, 0xA9, 0x8C, 0x3D, 0xC7, 0xE8, 0x53, 
	0x3E, 0x36, 0x66, 0xB7, 0xCF, 0xDE, 0x78, 0x30, 0x12, 0x8A, 0x00, 0x00, 
	0x00, 0x98, 0x4F, 0x30, 0xDA, 0x92, 0x32, 0xF8, 0x5C, 0x6A, 0x9B, 0xC1, 
	0xE8, 0x3E, 0xF8, 0xCC, 0x08, 0x43, 0x7D, 0x2A, 0x61, 0xA6, 0x8C, 0x39, 
	0x29, 0xB7, 0x9F, 0x22, 0x8F, 0x31, 0xFF, 0x38, 0x7D, 0xC1, 0x67, 0x5E, 
	0x30, 0xCA, 0xFD, 0x86, 0x82, 0xD1, 0xF2, 0xA1, 0x68, 0x2C, 0x16, 0x1D, 
	0x43, 0x91, 0x58, 0x04, 0x00, 0x00, 0x70, 0xED, 0x04, 0xA3, 0x2D, 0x29, 
	0x83, 0xCF, 0xA5, 0x9E, 0x3C, 0x18, 0x7D, 0xFF, 0xA1, 0xE6, 0xFB, 0x47, 
	0x45, 0xF4, 0xB9, 0x54, 0x11, 0x67, 0x2E, 0x0B, 0x3B, 0x75, 0x97, 0x1F, 
	0xAB, 0x2F, 0xF8, 0x8C, 0x07, 0xA3, 0xDC, 0x76, 0x2C, 0x18, 0xCD, 0x09, 
	0x45, 0xD3, 0x63, 0x51, 0xC6, 0xA1, 0x34, 0x2F, 0x14, 0x4D, 0x8B, 0x45, 
	0xF9, 0xCB, 0x0A, 0x00, 0x00, 0x80, 0xA7, 0x23, 0x18, 0x6D, 0x49, 0x19, 
	0x7C, 0x2E, 0x35, 0x39, 0x18, 0x95, 0x91, 0x67, 0xCC, 0x31, 0x02, 0xCD, 
	0x51, 0x04, 0x9F, 0x4B, 0x55, 0xE2, 0x4C, 0x4B, 0xAF, 0x3E, 0xDB, 0xCB, 
	0xC7, 0x87, 0xBC, 0xBA, 0x0F, 0x46, 0x65, 0xEC, 0xA9, 0xC5, 0xA2, 0x2F, 
	0x26, 0x86, 0xA2, 0x32, 0x18, 0x6D, 0x2F, 0x14, 0xD5, 0x63, 0xD1, 0x78, 
	0x28, 0xB2, 0xAA, 0x08, 0x00, 0x00, 0x60, 0x7D, 0x82, 0xD1, 0x96, 0x94, 
	0xC1, 0xE7, 0x52, 0x2F, 0x32, 0xD8, 0xAC, 0xAD, 0x08, 0x3E, 0x97, 0xAA, 
	0x04, 0x9A, 0xA5, 0x1D, 0x22, 0xD1, 0xA9, 0xDC, 0x26, 0xED, 0x22, 0xD1, 
	0xA9, 0x0C, 0x3D, 0xA7, 0xC1, 0x68, 0x17, 0x89, 0x8E, 0xF2, 0xF9, 0x61, 
	0xEF, 0x5E, 0xBD, 0x6B, 0x14, 0x8A, 0x2E, 0x8B, 0x45, 0x65, 0x28, 0x12, 
	0x8B, 0x00, 0x00, 0x00, 0xAE, 0x89, 0x60, 0xB4, 0x25, 0x65, 0xF0, 0xB9, 
	0xD4, 0xE6, 0x82, 0xD1, 0xCE, 0x2E, 0xF4, 0x64, 0x80, 0xB9, 0x8F, 0x30, 
	0xE7, 0xA8, 0xC4, 0x9A, 0x0C, 0x36, 0xF9, 0xDC, 0x14, 0xF9, 0xDE, 0x52, 
	0x6E, 0x7F, 0xBF, 0xCF, 0x80, 0x0C, 0x3D, 0x3B, 0xBB, 0x38, 0x74, 0x1A, 
	0x8A, 0xE6, 0xC6, 0xA2, 0x9D, 0xD3, 0x60, 0x54, 0xC6, 0xA1, 0xF9, 0xA1, 
	0x68, 0x1F, 0x8B, 0xCA, 0x38, 0x34, 0x35, 0x14, 0xD5, 0x63, 0x91, 0x50, 
	0x04, 0x00, 0x00, 0x70, 0x6D, 0x04, 0xA3, 0x2D, 0x29, 0x83, 0xCF, 0xA5, 
	0x56, 0x0D, 0x46, 0xDF, 0xF5, 0xC8, 0xF8, 0xB2, 0x44, 0x30, 0xCA, 0x40, 
	0x73, 0x4E, 0x30, 0xCA, 0xF7, 0x33, 0x64, 0xCA, 0xEB, 0x9E, 0xEA, 0x46, 
	0xA2, 0x7E, 0x19, 0x84, 0xC6, 0xEC, 0x82, 0x51, 0x19, 0x87, 0x5A, 0x87, 
	0xA2, 0x7A, 0x2C, 0x2A, 0x43, 0x91, 0x58, 0x04, 0x00, 0x00, 0x70, 0xAD, 
	0x04, 0xA3, 0x2D, 0x29, 0x83, 0xCF, 0xA5, 0x16, 0x0B, 0x46, 0x19, 0x7D, 
	0xCE, 0xF7, 0xDD, 0xDD, 0xAB, 0xCF, 0x5E, 0x55, 0x15, 0x31, 0xA8, 0x47, 
	0x27, 0xDE, 0x54, 0xE2, 0x4C, 0xCA, 0x30, 0x74, 0x4E, 0x20, 0xEA, 0x7A, 
	0x55, 0xBC, 0xC6, 0x90, 0x29, 0xA1, 0xE8, 0x9C, 0x60, 0xB4, 0xDB, 0x7E, 
	0x77, 0x0F, 0xA3, 0x32, 0x12, 0x2D, 0x1B, 0x8A, 0xBA, 0xB1, 0xA8, 0x0C, 
	0x45, 0xF5, 0x58, 0x34, 0x25, 0x14, 0xB9, 0xB1, 0x35, 0x00, 0x00, 0xC0, 
	0x56, 0x09, 0x46, 0x5B, 0x52, 0x06, 0x9F, 0x4B, 0xBD, 0x28, 0x83, 0x4D, 
	0x6B, 0xDF, 0x8D, 0xCA, 0x50, 0xD4, 0x17, 0x8C, 0xCA, 0x50, 0x53, 0x51, 
	0x09, 0x34, 0xAF, 0x3E, 0xDF, 0x05, 0x9D, 0xA3, 0xC5, 0x22, 0xD1, 0xA9, 
	0xE2, 0x35, 0xFB, 0x65, 0x14, 0x1A, 0x92, 0x51, 0xA8, 0xE6, 0x74, 0xFB, 
	0x32, 0x18, 0xCD, 0x09, 0x45, 0xE3, 0xB1, 0xE8, 0x92, 0x50, 0x34, 0x1C, 
	0x8B, 0xCA, 0x5F, 0x46, 0x00, 0x00, 0x00, 0x6C, 0x87, 0x60, 0xB4, 0x25, 
	0x65, 0xF0, 0xB9, 0xD4, 0x8C, 0x60, 0x54, 0x86, 0x9D, 0x56, 0x8A, 0xF8, 
	0xD2, 0x91, 0xA1, 0x66, 0x82, 0x08, 0x44, 0x8F, 0x2E, 0x39, 0xE6, 0xBD, 
	0x7C, 0x6F, 0xA1, 0x12, 0x87, 0x4A, 0xC7, 0xFB, 0x13, 0x4D, 0x91, 0x71, 
	0xA8, 0x2F, 0x14, 0x95, 0xC1, 0xA8, 0x55, 0x28, 0xAA, 0xC7, 0xA2, 0x32, 
	0x14, 0x59, 0x55, 0x04, 0x00, 0x00, 0x70, 0x4B, 0x04, 0xA3, 0x2D, 0x29, 
	0x83, 0xCF, 0xA5, 0x5E, 0x64, 0xAC, 0x59, 0xCB, 0xA7, 0x13, 0x45, 0x78, 
	0xE9, 0xC8, 0x68, 0x93, 0x72, 0xFB, 0x5A, 0x20, 0x4A, 0x79, 0x8C, 0x3E, 
	0xB9, 0xDF, 0x88, 0x93, 0x30, 0xF4, 0x32, 0x22, 0xD1, 0xA9, 0x8C, 0x3C, 
	0xFD, 0xBE, 0x28, 0x22, 0x51, 0x5F, 0x28, 0x3A, 0x78, 0xF7, 0x7A, 0x77, 
	0x0F, 0xA3, 0x32, 0x0A, 0xD5, 0x2C, 0x11, 0x8A, 0xEA, 0xB1, 0x68, 0x5A, 
	0x28, 0xB2, 0xAA, 0x08, 0x00, 0x00, 0xE0, 0x7A, 0x08, 0x46, 0x5B, 0x52, 
	0x06, 0x9F, 0x4B, 0x35, 0x0D, 0x46, 0xA7, 0x11, 0x68, 0xAE, 0x22, 0xBE, 
	0x3C, 0x3A, 0x33, 0xDE, 0x0C, 0xCA, 0x30, 0x74, 0x41, 0x24, 0x3A, 0xB1, 
	0x8B, 0x44, 0x47, 0x95, 0x15, 0x4E, 0x93, 0x82, 0xD1, 0x17, 0x1D, 0x53, 
	0x22, 0xD1, 0xA9, 0xB7, 0xAF, 0xDF, 0x15, 0x61, 0xA8, 0x26, 0xC3, 0x50, 
	0xCD, 0xFC, 0x50, 0x34, 0x35, 0x16, 0x95, 0xBF, 0x78, 0x00, 0x00, 0x00, 
	0xD8, 0x36, 0xC1, 0x68, 0x4B, 0xCA, 0xE0, 0x73, 0xA9, 0x17, 0x19, 0x6A, 
	0xB6, 0x22, 0xE3, 0x4B, 0x7B, 0xC7, 0x40, 0xF4, 0xB2, 0x78, 0x6E, 0xBA, 
	0xDD, 0xBE, 0x8F, 0x3E, 0xEF, 0xCA, 0x50, 0x34, 0x1C, 0x8C, 0xBA, 0xA1, 
	0xE8, 0x10, 0x8B, 0xCA, 0xED, 0x86, 0x8D, 0x05, 0xA3, 0x8C, 0x42, 0x35, 
	0xED, 0x42, 0x91, 0x58, 0x04, 0x00, 0x00, 0x70, 0xAD, 0x04, 0xA3, 0x2D, 
	0x29, 0x83, 0xCF, 0xA5, 0x36, 0x10, 0x8C, 0x3E, 0x55, 0x65, 0x88, 0x39, 
	0xC4, 0x98, 0x7C, 0x6C, 0x09, 0x9D, 0xC8, 0x33, 0xF3, 0x75, 0x72, 0xBF, 
	0xA1, 0x60, 0x54, 0x8B, 0x46, 0x63, 0x91, 0xE8, 0xA8, 0x8C, 0x41, 0x53, 
	0xF4, 0x05, 0xA3, 0x8C, 0x42, 0x35, 0x63, 0x97, 0x9F, 0x95, 0x91, 0xA8, 
	0x1B, 0x8A, 0x86, 0x63, 0x51, 0xF9, 0xCB, 0x06, 0x00, 0x00, 0x80, 0xEB, 
	0x21, 0x18, 0x6D, 0x49, 0x19, 0x7C, 0x2E, 0xD5, 0x28, 0x18, 0x95, 0x01, 
	0x68, 0xAA, 0x8F, 0xEF, 0xF7, 0x8A, 0xF8, 0x32, 0x33, 0xE4, 0xF4, 0xC9, 
	0xE3, 0xF5, 0xC9, 0xFD, 0xCE, 0x39, 0x46, 0xC6, 0xA2, 0xFE, 0x60, 0x94, 
	0x71, 0xE8, 0xB2, 0x48, 0x74, 0x2A, 0x83, 0x51, 0x46, 0xA1, 0x9A, 0xB1, 
	0x50, 0x54, 0x8F, 0x45, 0x53, 0x43, 0x91, 0x58, 0x04, 0x00, 0x00, 0x70, 
	0x0B, 0x04, 0xA3, 0x2D, 0x29, 0x83, 0xCF, 0xA5, 0x5E, 0x7C, 0xFA, 0xF0, 
	0xF1, 0xEE, 0x29, 0x7C, 0x7C, 0x3F, 0x4F, 0xDE, 0xD8, 0xF9, 0x54, 0x06, 
	0x9C, 0x7E, 0xE5, 0xBE, 0x53, 0x0D, 0x07, 0xA2, 0x72, 0xFB, 0xAA, 0xCF, 
	0x4B, 0xC7, 0x58, 0xB4, 0xFB, 0xF7, 0x5D, 0xD4, 0xC9, 0x48, 0x34, 0xE4, 
	0x10, 0x82, 0xF2, 0xF1, 0x7E, 0xBB, 0x60, 0xB4, 0x0F, 0x41, 0x5F, 0x8D, 
	0xEA, 0x46, 0xA1, 0x2F, 0xAB, 0x32, 0x0C, 0xED, 0x7D, 0x78, 0xB4, 0x8B, 
	0x41, 0xFD, 0xDE, 0xDF, 0xBD, 0x05, 0x00, 0x00, 0xE0, 0x26, 0xBC, 0x7A, 
	0xF5, 0xFA, 0xA2, 0x28, 0xB3, 0x65, 0x65, 0x90, 0xE9, 0x53, 0x86, 0x96, 
	0x5B, 0xF1, 0xE2, 0x34, 0xD2, 0x9C, 0x1B, 0x77, 0x5A, 0x28, 0xE2, 0x4B, 
	0x4F, 0xCC, 0xB9, 0x34, 0x0C, 0xF5, 0x3B, 0x33, 0x12, 0xA5, 0x22, 0x18, 
	0x75, 0x65, 0xE0, 0x99, 0xE2, 0xF3, 0x07, 0xF9, 0x78, 0xFA, 0xFC, 0x4F, 
	0xBF, 0xB8, 0x7B, 0xF3, 0xEA, 0x6D, 0x11, 0x86, 0x52, 0xFB, 0x50, 0x24, 
	0x16, 0x01, 0x00, 0x00, 0xDC, 0x1A, 0xC1, 0xE8, 0x19, 0x05, 0xA3, 0x2D, 
	0x29, 0xC2, 0xCB, 0xB5, 0x1A, 0x08, 0x46, 0xBB, 0x4B, 0xD4, 0x32, 0xF2, 
	0x0C, 0x39, 0x84, 0xA2, 0xB1, 0x60, 0xB4, 0x0B, 0x45, 0xF7, 0x3E, 0x1B, 
	0x0E, 0x46, 0x4B, 0x84, 0xA2, 0xF1, 0x58, 0x54, 0xFE, 0x52, 0x01, 0x00, 
	0x00, 0xE0, 0xFA, 0x09, 0x46, 0x82, 0xD1, 0x13, 0xFB, 0xF6, 0xEE, 0xDB, 
	0x07, 0x45, 0x7C, 0xB9, 0x46, 0xC5, 0x65, 0x69, 0xDD, 0x7B, 0x1A, 0x65, 
	0xEC, 0x49, 0x19, 0x89, 0x86, 0x82, 0xD1, 0x63, 0x28, 0x1A, 0x09, 0x46, 
	0x42, 0x11, 0x00, 0x00, 0x00, 0x97, 0x12, 0x8C, 0x04, 0xA3, 0x05, 0x7D, 
	0xDB, 0x09, 0x42, 0x63, 0x8A, 0xF8, 0x72, 0x8D, 0xCE, 0x0C, 0x46, 0x19, 
	0x87, 0x6A, 0x7A, 0x43, 0x51, 0x4F, 0x30, 0x12, 0x8A, 0x00, 0x00, 0x00, 
	0x58, 0x8A, 0x60, 0xF4, 0xAC, 0x83, 0xD1, 0x3E, 0xF0, 0xA4, 0x0C, 0x3B, 
	0xAD, 0x14, 0xF1, 0xE5, 0x1A, 0x15, 0xC1, 0xE8, 0x18, 0x8D, 0xCE, 0x89, 
	0x44, 0x8F, 0x32, 0x0E, 0xD5, 0x3C, 0x04, 0xA3, 0xF3, 0x43, 0x51, 0x37, 
	0x16, 0x95, 0x71, 0x28, 0x95, 0xBF, 0x40, 0x00, 0x00, 0x00, 0xB8, 0x4D, 
	0x82, 0xD1, 0x8D, 0x07, 0xA3, 0x8C, 0x34, 0x5B, 0x52, 0xC4, 0x97, 0x13, 
	0xF9, 0xE7, 0xE3, 0xF3, 0xF9, 0x36, 0xBE, 0xA8, 0x3C, 0x36, 0xA2, 0x88, 
	0x45, 0x47, 0xB3, 0x23, 0xD1, 0x7D, 0x28, 0xFA, 0xFC, 0x41, 0x25, 0x10, 
	0xA5, 0xCF, 0xBE, 0xB8, 0x7B, 0x7D, 0x1F, 0x8C, 0xCA, 0x40, 0x24, 0x14, 
	0x01, 0x00, 0x00, 0x70, 0x09, 0xC1, 0x48, 0x30, 0x5A, 0x4D, 0x46, 0xA1, 
	0xAE, 0xEE, 0xEA, 0x9C, 0x22, 0xD4, 0x2C, 0x66, 0x77, 0xEC, 0x53, 0xF9, 
	0xFC, 0x88, 0x5A, 0x28, 0x7A, 0x50, 0xC4, 0xA0, 0x3E, 0xF7, 0x01, 0xE8, 
	0x10, 0x8A, 0xE6, 0x04, 0xA3, 0xCF, 0xEF, 0x5E, 0xBF, 0x7A, 0x53, 0x44, 
	0x22, 0xA1, 0x08, 0x00, 0x00, 0x80, 0x4B, 0x09, 0x46, 0x82, 0x51, 0x33, 
	0xDF, 0x8C, 0xA8, 0x85, 0xA1, 0x3E, 0x45, 0xA8, 0x39, 0x5B, 0x06, 0xA2, 
	0x94, 0xDB, 0x4F, 0x70, 0x12, 0x89, 0x4E, 0x15, 0x61, 0x28, 0x15, 0x91, 
	0x68, 0x6A, 0x30, 0x7A, 0xD8, 0xA6, 0x12, 0x8C, 0xCA, 0x40, 0x24, 0x14, 
	0x01, 0x00, 0x00, 0x30, 0x9F, 0x60, 0x24, 0x18, 0x4D, 0x96, 0xC1, 0x67, 
	0x9A, 0x6F, 0x7A, 0x65, 0x14, 0x1A, 0x52, 0x44, 0x9A, 0x49, 0x32, 0x06, 
	0xD5, 0x9D, 0x7B, 0xE9, 0xDB, 0xE3, 0x7E, 0x95, 0x58, 0xD4, 0x1B, 0x8C, 
	0x4E, 0x83, 0xCF, 0xA0, 0xFD, 0xB6, 0x9F, 0x3D, 0x28, 0xF6, 0xFB, 0xAC, 
	0x1B, 0x8C, 0xCA, 0x40, 0x24, 0x14, 0x01, 0x00, 0x00, 0x70, 0x3E, 0xC1, 
	0xE8, 0xC6, 0x83, 0x51, 0x19, 0x70, 0x2E, 0x51, 0x46, 0x9F, 0x4B, 0x65, 
	0x18, 0xEA, 0x93, 0xB1, 0xA6, 0xAE, 0x8C, 0x41, 0x35, 0xE5, 0xE5, 0x6F, 
	0xD3, 0x83, 0x51, 0x6E, 0x3F, 0x29, 0x18, 0x65, 0xEC, 0x19, 0xF1, 0xD9, 
	0xBD, 0x63, 0x2C, 0xDA, 0xFD, 0x77, 0x6E, 0x73, 0x1A, 0x8C, 0x86, 0x22, 
	0x91, 0x50, 0x04, 0x00, 0x00, 0xC0, 0x39, 0x04, 0xA3, 0x9B, 0x0F, 0x46, 
	0x65, 0xA4, 0xD9, 0x92, 0x0C, 0x43, 0x43, 0xCE, 0x89, 0x43, 0x63, 0x81, 
	0x28, 0x65, 0x20, 0xEA, 0x8D, 0x44, 0xA7, 0x2A, 0xB1, 0x68, 0xF7, 0x78, 
	0x11, 0x79, 0x46, 0xEC, 0x43, 0x51, 0x5D, 0xB1, 0xDD, 0xC3, 0x24, 0xEF, 
	0x06, 0xA3, 0xF9, 0xA1, 0x48, 0x2C, 0x02, 0x00, 0x00, 0xA0, 0x46, 0x30, 
	0x12, 0x8C, 0x56, 0x95, 0x51, 0x68, 0x48, 0x86, 0xA0, 0x9A, 0x22, 0xE6, 
	0x4C, 0x76, 0x8C, 0x52, 0xE5, 0x73, 0x23, 0x4E, 0x22, 0xD1, 0xE1, 0x38, 
	0x19, 0x83, 0xFA, 0x64, 0x18, 0xEA, 0x53, 0x6C, 0xFB, 0x30, 0xC9, 0xF7, 
	0xC1, 0x48, 0x28, 0x02, 0x00, 0x00, 0x60, 0x59, 0x82, 0x91, 0x60, 0xB4, 
	0xAA, 0x8C, 0x42, 0x43, 0x96, 0x8B, 0x43, 0xC7, 0xB0, 0x53, 0x97, 0xDB, 
	0x8E, 0xC9, 0xFD, 0xC7, 0x83, 0x51, 0x06, 0xA1, 0xD9, 0x1E, 0x26, 0xF9, 
	0xEB, 0x57, 0xAF, 0x85, 0x22, 0x00, 0x00, 0x00, 0x16, 0x27, 0x18, 0x09, 
	0x46, 0x4F, 0xE4, 0xEB, 0xAA, 0x0C, 0x2D, 0xC3, 0x32, 0xD4, 0x4C, 0x95, 
	0xC7, 0x19, 0x93, 0xFB, 0xD7, 0xE4, 0x3E, 0x5D, 0x19, 0x88, 0x16, 0x89, 
	0x44, 0xA7, 0x1E, 0x26, 0xF9, 0x2E, 0x18, 0x95, 0x61, 0xA8, 0xA6, 0xFC, 
	0xF2, 0x03, 0x00, 0x00, 0x40, 0x1F, 0xC1, 0x48, 0x30, 0xBA, 0x40, 0x19, 
	0x80, 0xE6, 0xCA, 0xD0, 0x32, 0x2C, 0xA3, 0x4D, 0x9F, 0xDC, 0x6F, 0xAE, 
	0x3C, 0xDE, 0xFC, 0xE3, 0x36, 0x89, 0x44, 0xA7, 0x76, 0x93, 0xFC, 0x4F, 
	0x3F, 0xBF, 0x7B, 0xF5, 0x72, 0x28, 0x18, 0x59, 0x51, 0x04, 0x00, 0x00, 
	0xC0, 0x79, 0x04, 0xA3, 0x9B, 0x0F, 0x46, 0x65, 0xA4, 0x59, 0xD3, 0xD7, 
	0xEF, 0xBF, 0xE9, 0xC8, 0xD0, 0x32, 0x2C, 0x03, 0xCE, 0xBC, 0x88, 0x33, 
	0xDD, 0xEE, 0x2F, 0x9C, 0x1D, 0xFF, 0xCA, 0x59, 0xF9, 0xFC, 0xB0, 0xDD, 
	0x3E, 0x45, 0xE0, 0x39, 0xDB, 0x67, 0x9D, 0xFF, 0xDE, 0x4D, 0xD8, 0xD3, 
	0xFF, 0xAE, 0x07, 0xA3, 0xF2, 0x8B, 0x0E, 0x00, 0x00, 0x00, 0x73, 0x08, 
	0x46, 0x82, 0xD1, 0x62, 0x32, 0x06, 0x4D, 0x95, 0xC1, 0x65, 0x2D, 0x87, 
	0x40, 0x94, 0x72, 0xBB, 0x9A, 0xDC, 0xA7, 0x0C, 0x3F, 0x73, 0xEC, 0x22, 
	0xD1, 0xA9, 0xEE, 0x84, 0x3D, 0xDD, 0xB6, 0x1B, 0x8C, 0xCA, 0x2F, 0x38, 
	0x00, 0x00, 0x00, 0x9C, 0x43, 0x30, 0x12, 0x8C, 0x8A, 0x80, 0xF3, 0xD4, 
	0x32, 0xBE, 0xF4, 0xC9, 0x28, 0x33, 0x35, 0xE6, 0xF4, 0xC9, 0x63, 0x0D, 
	0xC9, 0x7D, 0xC7, 0xF6, 0x2F, 0x23, 0xD0, 0x14, 0xDD, 0x50, 0x74, 0x1C, 
	0xC8, 0xB1, 0x60, 0x54, 0x7E, 0xB1, 0x01, 0x00, 0x00, 0xE0, 0x12, 0x82, 
	0xD1, 0x8D, 0x07, 0xA3, 0x8C, 0x33, 0xDB, 0xB1, 0x0B, 0x55, 0x7B, 0x73, 
	0x42, 0x4C, 0xCA, 0x7D, 0x87, 0xE4, 0xBE, 0x73, 0xCC, 0x39, 0x46, 0x19, 
	0x82, 0x86, 0xE4, 0x6A, 0xA2, 0x72, 0x10, 0x73, 0xC2, 0x9E, 0xEE, 0xF7, 
	0xF2, 0xE5, 0xEB, 0xE2, 0x4B, 0x0D, 0x00, 0x00, 0x00, 0x97, 0x12, 0x8C, 
	0x04, 0xA3, 0x06, 0x8E, 0x31, 0xA8, 0xCF, 0x57, 0x27, 0x32, 0xB8, 0xCC, 
	0x91, 0x51, 0xA8, 0x13, 0x88, 0xFE, 0xF4, 0x41, 0x65, 0xBF, 0x96, 0xCA, 
	0x28, 0x54, 0x33, 0x16, 0x89, 0x4E, 0xF5, 0x4F, 0x56, 0xC1, 0x08, 0x00, 
	0x00, 0x80, 0x16, 0x04, 0xA3, 0xF2, 0x1C, 0xFC, 0x96, 0x5C, 0x18, 0x8C, 
	0xCA, 0xD0, 0x33, 0xD5, 0x69, 0x10, 0x1A, 0x93, 0xC1, 0x65, 0x8E, 0x22, 
	0x0E, 0xD5, 0x54, 0xF6, 0x9B, 0xE7, 0xF3, 0xCA, 0x63, 0xFD, 0xCA, 0x38, 
	0x54, 0x8F, 0x44, 0xE3, 0xA1, 0x68, 0x67, 0x78, 0x92, 0x0A, 0x46, 0x00, 
	0x00, 0x00, 0xB4, 0x20, 0x18, 0xF5, 0x9F, 0x8B, 0xDF, 0x82, 0x17, 0x19, 
	0x72, 0xCE, 0x91, 0x81, 0x67, 0x69, 0x19, 0x5C, 0x06, 0xDD, 0x47, 0xA0, 
	0xFD, 0x9F, 0xAC, 0xDF, 0xAB, 0x04, 0xA2, 0x94, 0xC7, 0x98, 0x64, 0x17, 
	0x89, 0x4E, 0xE5, 0xF3, 0x7B, 0xFB, 0x2F, 0xCF, 0xDE, 0xE3, 0x63, 0x17, 
	0x47, 0xA2, 0xE9, 0x04, 0x23, 0x00, 0x00, 0x00, 0x5A, 0x10, 0x8C, 0x6E, 
	0x3C, 0x18, 0x65, 0x9C, 0xD9, 0xAA, 0x0C, 0x31, 0xF7, 0x8A, 0x38, 0xD4, 
	0xA7, 0x12, 0x89, 0x66, 0x07, 0xA3, 0x0C, 0x44, 0xE9, 0x24, 0x08, 0xF5, 
	0x78, 0x7C, 0xBE, 0x71, 0x24, 0x3A, 0x25, 0x18, 0x01, 0x00, 0x00, 0xD0, 
	0x82, 0x60, 0x24, 0x18, 0xAD, 0xEA, 0xCB, 0x77, 0x3B, 0x5F, 0x55, 0x22, 
	0xD0, 0x1C, 0x95, 0x48, 0x34, 0x1A, 0x8C, 0x32, 0x08, 0xF5, 0xDB, 0x4F, 
	0xA8, 0x32, 0x10, 0x75, 0x9D, 0x6C, 0xDF, 0x38, 0x12, 0x9D, 0x12, 0x8C, 
	0x00, 0x00, 0x00, 0x68, 0x41, 0x30, 0x12, 0x8C, 0x9A, 0xDA, 0x07, 0xA1, 
	0x7D, 0x14, 0x1A, 0x52, 0x46, 0xA0, 0x39, 0x8E, 0x71, 0xE8, 0xB3, 0x8C, 
	0x45, 0x8F, 0xC1, 0xA8, 0x0C, 0x41, 0x43, 0x72, 0x32, 0xED, 0x95, 0x91, 
	0xE8, 0xD4, 0x6E, 0xBF, 0x1C, 0x80, 0xD6, 0x04, 0x23, 0x00, 0x00, 0x00, 
	0x5A, 0x10, 0x8C, 0x9E, 0xFE, 0x1C, 0xFF, 0x29, 0x2D, 0x1E, 0x8C, 0xA6, 
	0x06, 0xA0, 0xB9, 0xCA, 0x08, 0x34, 0xEE, 0x78, 0x9F, 0xA0, 0x7D, 0x28, 
	0x3A, 0xC8, 0xED, 0xEE, 0x55, 0xA2, 0xD0, 0x78, 0x20, 0x9A, 0xE8, 0xE4, 
	0xBD, 0xE4, 0x00, 0xB4, 0x26, 0x18, 0x01, 0x00, 0x00, 0xD0, 0x82, 0x60, 
	0xF4, 0xF4, 0xE7, 0xF8, 0x4F, 0xE9, 0x45, 0x86, 0x99, 0xAD, 0x2A, 0x02, 
	0x4F, 0x35, 0x0C, 0x4D, 0x93, 0xFB, 0xD7, 0x82, 0x51, 0x4E, 0x96, 0xD9, 
	0x2A, 0xAF, 0xBB, 0x93, 0x03, 0xD0, 0x9A, 0x60, 0x04, 0x00, 0x00, 0x40, 
	0x0B, 0x82, 0xD1, 0xD3, 0x9F, 0xE3, 0x3F, 0xA5, 0xAB, 0x0A, 0x46, 0x19, 
	0x5F, 0x2E, 0x91, 0xC1, 0x28, 0x27, 0xC7, 0x6C, 0x95, 0xD7, 0xA8, 0xC9, 
	0x01, 0x68, 0x4D, 0x30, 0x02, 0x00, 0x00, 0xA0, 0x05, 0xC1, 0xE8, 0xE9, 
	0xCF, 0xF1, 0x9F, 0xD2, 0xA6, 0x82, 0xD1, 0x87, 0x01, 0x19, 0x5E, 0x16, 
	0x57, 0x99, 0x20, 0xA3, 0xF2, 0x18, 0x13, 0xE4, 0x00, 0xB4, 0x26, 0x18, 
	0x01, 0x00, 0x00, 0xD0, 0x82, 0x60, 0xF4, 0xF4, 0xE7, 0xF8, 0x4F, 0xE9, 
	0x49, 0x82, 0x51, 0xC6, 0x9F, 0x71, 0x5F, 0x56, 0x65, 0x7C, 0x59, 0x54, 
	0x65, 0x82, 0x14, 0x72, 0x9F, 0xC9, 0xCA, 0x1F, 0xFC, 0x53, 0x11, 0x8C, 
	0x00, 0x00, 0x00, 0x68, 0x41, 0x30, 0x7A, 0x66, 0xC1, 0xA8, 0x8C, 0x37, 
	0x4B, 0x2B, 0x43, 0xD0, 0x54, 0x65, 0x88, 0x59, 0x50, 0x65, 0x82, 0x14, 
	0xDB, 0x4C, 0xF6, 0xD9, 0xAA, 0x91, 0xE8, 0x94, 0x60, 0x04, 0x00, 0x00, 
	0x40, 0x0B, 0x82, 0xD1, 0x8D, 0x07, 0xA3, 0x32, 0xE8, 0x8C, 0x29, 0x43, 
	0xCE, 0x53, 0x29, 0xC3, 0xCC, 0x5C, 0xFB, 0x90, 0xB3, 0x17, 0xCF, 0xED, 
	0x26, 0x45, 0x3E, 0x36, 0xCB, 0x76, 0x22, 0xD1, 0x29, 0xC1, 0x08, 0x00, 
	0x00, 0x80, 0x16, 0x04, 0xA3, 0x9B, 0x0F, 0x46, 0x65, 0x98, 0x59, 0xDB, 
	0xFB, 0x1E, 0x65, 0xA4, 0xE9, 0x73, 0x1A, 0x86, 0xFA, 0xE4, 0x20, 0xE7, 
	0x31, 0xC6, 0x6C, 0x33, 0x10, 0x25, 0xC1, 0x08, 0x00, 0x00, 0x80, 0x16, 
	0x04, 0x23, 0xC1, 0x68, 0x51, 0x19, 0x81, 0xE6, 0x28, 0xA3, 0xCD, 0x31, 
	0xDC, 0x8C, 0xC9, 0x0F, 0xBE, 0x37, 0x37, 0x18, 0x0D, 0x1D, 0x6B, 0x9B, 
	0x04, 0x23, 0x00, 0x00, 0x00, 0x5A, 0x10, 0x8C, 0x04, 0xA3, 0xC5, 0x82, 
	0xCF, 0xF9, 0x3E, 0xDC, 0xCB, 0x08, 0x54, 0x93, 0x1F, 0x70, 0xD8, 0x50, 
	0x30, 0x3A, 0xF7, 0x98, 0xDB, 0x22, 0x18, 0x01, 0x00, 0x00, 0xD0, 0x82, 
	0x60, 0x74, 0xE3, 0xC1, 0xA8, 0x8C, 0x33, 0x6B, 0xD8, 0x07, 0xA1, 0x31, 
	0xCB, 0x47, 0x9C, 0xEE, 0x20, 0x2F, 0x77, 0xDC, 0xED, 0x10, 0x8C, 0x00, 
	0x00, 0x00, 0x68, 0x41, 0x30, 0x12, 0x8C, 0xCE, 0x50, 0xC6, 0x9E, 0x73, 
	0xBC, 0x7B, 0x5B, 0xCA, 0x0F, 0xC0, 0x30, 0xC1, 0x08, 0x00, 0x00, 0x80, 
	0x16, 0x04, 0xA3, 0x9B, 0x0F, 0x46, 0x65, 0xA8, 0x79, 0x2A, 0x19, 0x83, 
	0xA6, 0xC8, 0x0F, 0xC0, 0x30, 0xC1, 0x08, 0x00, 0x00, 0x80, 0x16, 0x04, 
	0x23, 0xC1, 0x68, 0x92, 0x0C, 0x3B, 0xAD, 0xE4, 0x07, 0x60, 0x98, 0x60, 
	0x04, 0x00, 0x00, 0x40, 0x0B, 0x82, 0xD1, 0x8D, 0x07, 0xA3, 0x0C, 0x32, 
	0x5B, 0x97, 0x1F, 0x80, 0x61, 0x82, 0x11, 0x00, 0x00, 0x00, 0x2D, 0x08, 
	0x46, 0x82, 0xD1, 0x0A, 0xDE, 0x77, 0x9C, 0x4E, 0xC8, 0xFC, 0x00, 0x0C, 
	0x13, 0x8C, 0x00, 0x00, 0x00, 0x68, 0x41, 0x30, 0x12, 0x8C, 0x16, 0xD4, 
	0x0D, 0x41, 0xB5, 0x20, 0x34, 0x26, 0x3F, 0x00, 0xC3, 0x04, 0x23, 0x00, 
	0x00, 0x00, 0x5A, 0x10, 0x8C, 0x04, 0xA3, 0xC1, 0xD8, 0x53, 0x93, 0x93, 
	0x68, 0x49, 0xF9, 0x01, 0x18, 0x26, 0x18, 0x01, 0x00, 0x00, 0xD0, 0x82, 
	0x60, 0x74, 0xE3, 0xC1, 0x28, 0x07, 0xFC, 0x1A, 0xE4, 0x87, 0xA0, 0x9F, 
	0x60, 0x04, 0x00, 0x00, 0x40, 0x0B, 0x82, 0x91, 0x60, 0xB4, 0x39, 0xF9, 
	0x21, 0xE8, 0x27, 0x18, 0x01, 0x00, 0x00, 0xD0, 0x82, 0x60, 0x24, 0x18, 
	0x6D, 0x4E, 0x7E, 0x08, 0xFA, 0x09, 0x46, 0x00, 0x00, 0x00, 0xB4, 0x20, 
	0x18, 0x09, 0x46, 0x9B, 0x93, 0x1F, 0x82, 0x7E, 0x82, 0x11, 0x00, 0x00, 
	0x00, 0x2D, 0x08, 0x46, 0x82, 0xD1, 0xE6, 0xE4, 0x87, 0xA0, 0x9F, 0x60, 
	0x04, 0x00, 0x00, 0x40, 0x0B, 0x82, 0x91, 0x60, 0xB4, 0x39, 0xF9, 0x21, 
	0xE8, 0x27, 0x18, 0x01, 0x00, 0x00, 0xD0, 0x82, 0x60, 0x24, 0x18, 0x6D, 
	0x52, 0x7E, 0x10, 0xEA, 0x04, 0x23, 0x00, 0x00, 0x00, 0x5A, 0x10, 0x8C, 
	0x04, 0xA3, 0x4D, 0xCA, 0x0F, 0x42, 0x9D, 0x60, 0x04, 0x00, 0x00, 0x40, 
	0x0B, 0x82, 0x91, 0x60, 0xB4, 0x49, 0xF9, 0x41, 0xA8, 0x13, 0x8C, 0x00, 
	0x00, 0x00, 0x68, 0x41, 0x30, 0x12, 0x8C, 0x36, 0x29, 0x3F, 0x08, 0x75, 
	0x82, 0x11, 0x00, 0x00, 0x00, 0x2D, 0x08, 0x46, 0x82, 0xD1, 0x26, 0xE5, 
	0x07, 0xA1, 0x4E, 0x30, 0x02, 0x00, 0x00, 0xA0, 0x05, 0xC1, 0x48, 0x30, 
	0xDA, 0xA4, 0xFC, 0x20, 0xD4, 0x09, 0x46, 0x00, 0x00, 0x00, 0xB4, 0x20, 
	0x18, 0x3D, 0x83, 0x60, 0xF4, 0xE6, 0xCD, 0xF5, 0xF9, 0x93, 0x3F, 0xF9, 
	0x6C, 0x75, 0xF9, 0xC3, 0xAC, 0xC9, 0x7D, 0x9E, 0xDA, 0x17, 0x5F, 0xBC, 
	0x2E, 0x7E, 0x76, 0x00, 0x00, 0x00, 0x70, 0xA9, 0xDD, 0x02, 0x85, 0xA9, 
	0xC1, 0xA8, 0x0C, 0x2D, 0xB7, 0xA2, 0xEC, 0x00, 0xE7, 0xCA, 0xF3, 0xF9, 
	0xB5, 0x5D, 0x6D, 0x30, 0xDA, 0xC9, 0x0F, 0xF3, 0xD4, 0x72, 0x70, 0x6B, 
	0x72, 0x9F, 0xA7, 0x26, 0x18, 0x01, 0x00, 0x00, 0xD0, 0x82, 0x60, 0xB4, 
	0x53, 0x76, 0x80, 0x73, 0xE5, 0xF9, 0xFC, 0xDA, 0x04, 0xA3, 0x0B, 0xE4, 
	0xE0, 0xD6, 0xE4, 0x3E, 0x4F, 0x4D, 0x30, 0x02, 0x00, 0x00, 0xA0, 0x05, 
	0xC1, 0x68, 0xA7, 0xEC, 0x00, 0xE7, 0xCA, 0xF3, 0xF9, 0xB5, 0x09, 0x46, 
	0x17, 0xC8, 0xC1, 0x4D, 0xB9, 0xFD, 0x1A, 0x04, 0x23, 0x00, 0x00, 0x00, 
	0x5A, 0x10, 0x8C, 0x76, 0xCA, 0x16, 0x70, 0xAE, 0x3C, 0x9F, 0x5F, 0x9B, 
	0x60, 0x74, 0x81, 0x1C, 0xDC, 0x94, 0xDB, 0x3F, 0xB5, 0xDD, 0x7B, 0x10, 
	0x8C, 0x00, 0x00, 0x00, 0x68, 0x41, 0x30, 0xDA, 0x29, 0x5B, 0xC0, 0xB9, 
	0xF2, 0x9C, 0x7E, 0x6D, 0x82, 0xD1, 0x05, 0x72, 0x70, 0x53, 0x6E, 0xFF, 
	0xD4, 0x76, 0xEF, 0x41, 0x30, 0x02, 0x00, 0x00, 0xA0, 0x05, 0xC1, 0x68, 
	0xA7, 0x6C, 0x01, 0xE7, 0xCA, 0x73, 0xFA, 0xB5, 0x09, 0x46, 0x17, 0xC8, 
	0xC1, 0x4D, 0xB9, 0xFD, 0x53, 0xDB, 0xBD, 0x07, 0xC1, 0x08, 0x00, 0x00, 
	0x80, 0x16, 0x04, 0xA3, 0x9D, 0xB2, 0x05, 0x9C, 0x2B, 0xCF, 0xE9, 0xD7, 
	0x26, 0x18, 0x5D, 0x28, 0x07, 0x78, 0x4B, 0x83, 0xBD, 0x7B, 0x0F, 0x82, 
	0x11, 0x00, 0x00, 0x00, 0x2D, 0x08, 0x46, 0x3B, 0x65, 0x0B, 0x38, 0x57, 
	0x9E, 0xD3, 0xAF, 0xED, 0xAA, 0x83, 0xD1, 0x4E, 0x7E, 0xA0, 0xA7, 0x96, 
	0x03, 0xBC, 0xA5, 0xC1, 0xDE, 0xBD, 0x07, 0xC1, 0x08, 0x00, 0x00, 0x80, 
	0x16, 0x04, 0xA3, 0x9D, 0xB2, 0x05, 0x9C, 0x2B, 0xCF, 0xE9, 0xD7, 0x26, 
	0x18, 0x5D, 0x28, 0x07, 0x78, 0x4B, 0x83, 0xBD, 0x7B, 0x0F, 0x82, 0x11, 
	0x00, 0x00, 0x00, 0x2D, 0x08, 0x46, 0x3B, 0x65, 0x0B, 0x38, 0x57, 0x9E, 
	0xD3, 0xAF, 0x4D, 0x30, 0xBA, 0x50, 0x0E, 0xF0, 0x96, 0x06, 0x7A, 0xF7, 
	0x3E, 0x04, 0x23, 0x00, 0x00, 0x00, 0x5A, 0x10, 0x8C, 0x76, 0xCA, 0x1E, 
	0x70, 0xAE, 0x3C, 0xA7, 0x5F, 0x9B, 0x60, 0x74, 0xA1, 0x1C, 0xE0, 0xAD, 
	0x0C, 0xF4, 0xE1, 0x7D, 0x08, 0x46, 0x00, 0x00, 0x00, 0xB4, 0x20, 0x18, 
	0xED, 0x94, 0x3D, 0xE0, 0x5C, 0x79, 0x5E, 0xBF, 0x36, 0xC1, 0xE8, 0x42, 
	0x39, 0xC0, 0x5B, 0x19, 0xE8, 0xC3, 0xFB, 0x10, 0x8C, 0x00, 0x00, 0x00, 
	0x68, 0x41, 0x30, 0xDA, 0x29, 0x7B, 0xC0, 0xB9, 0xF2, 0xBC, 0x7E, 0x6D, 
	0x82, 0xD1, 0x85, 0x72, 0x80, 0xB7, 0x32, 0xD0, 0x87, 0xF7, 0x21, 0x18, 
	0x01, 0x00, 0x00, 0xD0, 0x82, 0x60, 0xB4, 0x53, 0xF6, 0x80, 0x73, 0xE5, 
	0x79, 0xFD, 0xDA, 0x04, 0xA3, 0x05, 0xE4, 0x20, 0x6F, 0x61, 0xA0, 0x0F, 
	0xEF, 0x43, 0x30, 0x02, 0x00, 0x00, 0xA0, 0x05, 0xC1, 0x68, 0xA7, 0xEC, 
	0x01, 0xE7, 0xCA, 0xF3, 0xFA, 0xB5, 0x5D, 0x7D, 0x30, 0xDA, 0xC9, 0x0F, 
	0xF5, 0xD4, 0x72, 0x90, 0xB7, 0x30, 0xD0, 0x87, 0xF7, 0x21, 0x18, 0x01, 
	0x00, 0x00, 0xD0, 0x82, 0x60, 0xB4, 0x53, 0xF6, 0x80, 0x73, 0xE5, 0x79, 
	0xFD, 0xDA, 0x04, 0xA3, 0x05, 0xE4, 0x20, 0x6F, 0x61, 0xA0, 0x0F, 0xEF, 
	0x43, 0x30, 0x02, 0x00, 0x00, 0xA0, 0x05, 0xC1, 0x68, 0xA7, 0xEC, 0x01, 
	0xE7, 0xCA, 0xF3, 0xFA, 0xB5, 0x09, 0x46, 0x0B, 0xD8, 0xE2, 0x20, 0x1F, 
	0xDE, 0x8B, 0x60, 0x04, 0x00, 0x00, 0x40, 0x0B, 0x82, 0xD1, 0x4E, 0xD9, 
	0x04, 0xCE, 0x95, 0xE7, 0xF5, 0x6B, 0x13, 0x8C, 0x16, 0xB0, 0xB5, 0x41, 
	0x3E, 0x7D, 0x2F, 0x82, 0x11, 0x00, 0x00, 0x00, 0x2D, 0x08, 0x46, 0x3B, 
	0x65, 0x13, 0x38, 0x57, 0x9E, 0xDB, 0xAF, 0x4D, 0x30, 0x5A, 0xC0, 0xD6, 
	0x06, 0xF9, 0xF4, 0xBD, 0x08, 0x46, 0x00, 0x00, 0x00, 0xB4, 0x20, 0x18, 
	0xED, 0x94, 0x4D, 0xE0, 0x5C, 0x79, 0x6E, 0xBF, 0x36, 0xC1, 0x68, 0x21, 
	0x5B, 0x1A, 0xE4, 0xD3, 0xF7, 0x22, 0x18, 0x01, 0x00, 0x00, 0xD0, 0x82, 
	0x60, 0xB4, 0x53, 0x86, 0x9F, 0x73, 0xE5, 0xB9, 0xFD, 0xDA, 0x6E, 0x22, 
	0x18, 0xED, 0xE4, 0x07, 0x7B, 0x6A, 0x5B, 0x1A, 0xE4, 0xD3, 0xF7, 0x22, 
	0x18, 0x01, 0x00, 0x00, 0xD0, 0x82, 0x60, 0xB4, 0x53, 0x86, 0x9F, 0x73, 
	0xE5, 0xB9, 0xFD, 0xDA, 0x04, 0xA3, 0x85, 0x6C, 0x69, 0x90, 0x4F, 0xDF, 
	0x8B, 0x60, 0x04, 0x00, 0x00, 0x40, 0x0B, 0x82, 0xD1, 0x4E, 0x19, 0x7E, 
	0xCE, 0x95, 0xE7, 0xF6, 0x6B, 0x13, 0x8C, 0x16, 0xB2, 0xA5, 0x01, 0x3E, 
	0x9D, 0x70, 0x82, 0x11, 0x00, 0x00, 0x00, 0x2D, 0x08, 0x46, 0x3B, 0x65, 
	0xF8, 0x39, 0x57, 0x9E, 0xDB, 0xAF, 0x4D, 0x30, 0x5A, 0xC8, 0x56, 0x06, 
	0x38, 0x27, 0x9C, 0x60, 0x04, 0x00, 0x00, 0x40, 0x0B, 0x82, 0xD1, 0x4E, 
	0x79, 0x1E, 0x7E, 0xAE, 0x3C, 0xBF, 0x5F, 0x9B, 0x60, 0xB4, 0x90, 0xAD, 
	0x0C, 0x70, 0x4E, 0x38, 0xC1, 0x08, 0x00, 0x00, 0x80, 0x16, 0x04, 0xA3, 
	0x9D, 0xF2, 0x3C, 0xFC, 0x5C, 0x79, 0x7E, 0xBF, 0x36, 0xC1, 0x68, 0x21, 
	0x5B, 0x19, 0xE0, 0x9C, 0x70, 0x82, 0x11, 0x00, 0x00, 0x00, 0x2D, 0x08, 
	0x46, 0x3B, 0xE5, 0x79, 0xF8, 0xB9, 0xF2, 0xFC, 0x7E, 0x6D, 0x82, 0xD1, 
	0x82, 0xB6, 0x30, 0xC0, 0x39, 0xE1, 0x04, 0x23, 0x00, 0x00, 0x00, 0x5A, 
	0x10, 0x8C, 0x76, 0xCA, 0xF3, 0xF0, 0x73, 0xE5, 0xF9, 0xFD, 0xDA, 0x6E, 
	0x26, 0x18, 0xED, 0xE4, 0x87, 0x7B, 0x6A, 0x5B, 0x18, 0xE0, 0x9C, 0x70, 
	0x82, 0x11, 0x00, 0x00, 0x00, 0x2D, 0x08, 0x46, 0x3B, 0xE5, 0x79, 0xF8, 
	0xB9, 0xF2, 0xFC, 0x7E, 0x6D, 0x82, 0xD1, 0x82, 0xB6, 0x30, 0xC0, 0x39, 
	0xE1, 0x04, 0x23, 0x00, 0x00, 0x00, 0x5A, 0x10, 0x8C, 0x76, 0xCA, 0xF3, 
	0xF0, 0x73, 0xE5, 0xF9, 0xFD, 0xDA, 0x04, 0xA3, 0x1B, 0x93, 0x13, 0x4E, 
	0x30, 0x02, 0x00, 0x00, 0xA0, 0x05, 0xC1, 0x68, 0xA7, 0x3C, 0x0F, 0x3F, 
	0x57, 0x9E, 0xDF, 0xAF, 0x4D, 0x30, 0xBA, 0x21, 0x39, 0xD9, 0x76, 0x04, 
	0x23, 0x00, 0x00, 0x00, 0x5A, 0x10, 0x8C, 0x76, 0xCA, 0xF3, 0xF0, 0x73, 
	0xE5, 0x39, 0xFE, 0xDA, 0x04, 0xA3, 0x1B, 0x92, 0x93, 0x6D, 0x47, 0x30, 
	0x02, 0x00, 0x00, 0xA0, 0x05, 0xC1, 0x68, 0xA7, 0x3C, 0x0F, 0x3F, 0x57, 
	0x9E, 0xE3, 0xAF, 0x4D, 0x30, 0xBA, 0x21, 0x39, 0xD9, 0x76, 0x04, 0x23, 
	0x00, 0x00, 0x00, 0x5A, 0x10, 0x8C, 0x76, 0xCA, 0xF3, 0xF0, 0x73, 0xE5, 
	0x39, 0xFE, 0xDA, 0x04, 0xA3, 0x1B, 0x92, 0x93, 0x6D, 0x47, 0x30, 0x02, 
	0x00, 0x00, 0xA0, 0x05, 0xC1, 0x68, 0xA7, 0x3C, 0x0F, 0x3F, 0x57, 0x9E, 
	0xE3, 0xAF, 0xED, 0xA6, 0x82, 0xD1, 0x4E, 0x7E, 0xC0, 0xE7, 0x24, 0x27, 
	0xDB, 0x8E, 0x60, 0x04, 0x00, 0x00, 0x40, 0x0B, 0x82, 0xD1, 0x4E, 0x79, 
	0x1E, 0x7E, 0xAE, 0x3C, 0xC7, 0x5F, 0x9B, 0x60, 0x74, 0x43, 0x72, 0xB2, 
	0xED, 0x08, 0x46, 0x00, 0x00, 0x00, 0xB4, 0x20, 0x18, 0xED, 0x94, 0xE7, 
	0xE1, 0xE7, 0xCA, 0x73, 0xFC, 0xB5, 0x09, 0x46, 0x37, 0x24, 0x27, 0xDB, 
	0x8E, 0x60, 0x04, 0x00, 0x00, 0x40, 0x0B, 0x82, 0xD1, 0x4E, 0x79, 0x1E, 
	0x7E, 0xAE, 0x3C, 0xC7, 0x5F, 0x9B, 0x60, 0x74, 0x23, 0x72, 0xA2, 0x1D, 
	0x08, 0x46, 0x00, 0x00, 0x00, 0xB4, 0x20, 0x18, 0xED, 0x94, 0xE7, 0xE1, 
	0xE7, 0xCA, 0xF3, 0xFC, 0xB5, 0x09, 0x46, 0x37, 0x22, 0x27, 0xDA, 0x81, 
	0x60, 0x04, 0x00, 0x00, 0x40, 0x0B, 0x82, 0xD1, 0x4E, 0x79, 0x1E, 0x7E, 
	0xAE, 0x3C, 0xCF, 0x5F, 0x9B, 0x60, 0x74, 0x23, 0x72, 0xA2, 0x1D, 0x08, 
	0x46, 0x00, 0x00, 0x00, 0xB4, 0x20, 0x18, 0xED, 0x94, 0xE7, 0xE1, 0xE7, 
	0xCA, 0xF3, 0xFC, 0xB5, 0x09, 0x46, 0x37, 0x22, 0x27, 0xDA, 0x81, 0x60, 
	0x04, 0x00, 0x00, 0x40, 0x0B, 0x82, 0xD1, 0x4E, 0x79, 0x1E, 0x7E, 0xAE, 
	0x3C, 0xCF, 0x5F, 0xDB, 0xCD, 0x05, 0xA3, 0x9D, 0xFC, 0x90, 0xCF, 0x41, 
	0x4E, 0xB4, 0x03, 0xC1, 0x08, 0x00, 0x00, 0x80, 0x16, 0x04, 0xA3, 0x9D, 
	0xF2, 0x3C, 0xFC, 0x5C, 0x79, 0x9E, 0xBF, 0x36, 0xC1, 0xE8, 0x46, 0xE4, 
	0x44, 0x3B, 0x10, 0x8C, 0x00, 0x00, 0x00, 0x68, 0x41, 0x30, 0xDA, 0x29, 
	0xCF, 0xC3, 0xCF, 0x95, 0xE7, 0xF9, 0x6B, 0x13, 0x8C, 0x6E, 0x44, 0x4E, 
	0xB4, 0x03, 0xC1, 0x08, 0x00, 0x00, 0x80, 0x16, 0x04, 0xA3, 0x9D, 0xF2, 
	0x3C, 0xFC, 0x5C, 0x79, 0x9E, 0xBF, 0x36, 0xC1, 0xE8, 0x06, 0xE4, 0x24, 
	0x3B, 0x25, 0x18, 0x01, 0x00, 0x00, 0xD0, 0x82, 0x60, 0xB4, 0x53, 0x9E, 
	0x87, 0x9F, 0x2B, 0xCF, 0xF5, 0xD7, 0x26, 0x18, 0xDD, 0x80, 0x9C, 0x64, 
	0xA7, 0x04, 0x23, 0x00, 0x00, 0x00, 0x5A, 0x10, 0x8C, 0x76, 0xCA, 0xF3, 
	0xF0, 0x73, 0xE5, 0xB9, 0xFE, 0xDA, 0x04, 0xA3, 0x1B, 0x90, 0x93, 0xEC, 
	0x94, 0x60, 0x04, 0x00, 0x00, 0x40, 0x0B, 0x82, 0xD1, 0x4E, 0x79, 0x1E, 
	0x7E, 0xAE, 0x3C, 0xD7, 0x5F, 0xDB, 0x4D, 0x06, 0xA3, 0x9D, 0xFC, 0xA0, 
	0xB7, 0x2C, 0x27, 0xD9, 0x29, 0xC1, 0x08, 0x00, 0x00, 0x80, 0x16, 0x04, 
	0xA3, 0x9D, 0xF2, 0x3C, 0xFC, 0x5C, 0x79, 0xAE, 0xBF, 0x36, 0xC1, 0xE8, 
	0x06, 0xE4, 0x24, 0x3B, 0x25, 0x18, 0x01, 0x00, 0x00, 0xD0, 0x82, 0x60, 
	0xB4, 0x53, 0x9E, 0x87, 0x9F, 0x2B, 0xCF, 0xF5, 0xD7, 0x26, 0x18, 0xDD, 
	0x80, 0x9C, 0x64, 0xA7, 0x04, 0x23, 0x00, 0x00, 0x00, 0x5A, 0x10, 0x8C, 
	0x76, 0xCA, 0xF3, 0xF0, 0x73, 0xE5, 0xB9, 0xFE, 0xDA, 0x04, 0xA3, 0x2B, 
	0x97, 0x13, 0x2C, 0x09, 0x46, 0x00, 0x00, 0x00, 0xB4, 0x20, 0x18, 0xED, 
	0x94, 0xE7, 0xE1, 0xE7, 0xCA, 0xF3, 0xFD, 0xB5, 0x09, 0x46, 0x57, 0x2E, 
	0x27, 0x58, 0x12, 0x8C, 0x00, 0x00, 0x00, 0x68, 0x41, 0x30, 0xDA, 0x29, 
	0xCF, 0xC3, 0xCF, 0x95, 0xE7, 0xFB, 0x6B, 0x13, 0x8C, 0xAE, 0x5C, 0x4E, 
	0xB0, 0x24, 0x18, 0x01, 0x00, 0x00, 0xD0, 0x82, 0x60, 0xB4, 0x53, 0x9E, 
	0x87, 0x9F, 0x2B, 0xCF, 0xF7, 0xD7, 0x26, 0x18, 0x5D, 0xB9, 0x9C, 0x60, 
	0x49, 0x30, 0x02, 0x00, 0x00, 0xA0, 0x05, 0xC1, 0x68, 0xA7, 0x3C, 0x0F, 
	0x3F, 0x57, 0x9E, 0xEF, 0xAF, 0xED, 0x66, 0x83, 0xD1, 0x4E, 0x7E, 0xD8, 
	0x5B, 0x94, 0x13, 0x2C, 0x09, 0x46, 0x00, 0x00, 0x00, 0xB4, 0x20, 0x18, 
	0xED, 0x94, 0xE7, 0xE1, 0xE7, 0xCA, 0xF3, 0xFD, 0xB5, 0x3D, 0x04, 0xA3, 
	0x77, 0x37, 0xE9, 0x4F, 0xFE, 0xE4, 0x4F, 0x1B, 0x3A, 0xFC, 0x10, 0xF3, 
	0xF1, 0x25, 0x95, 0x03, 0x96, 0x72, 0x82, 0xA5, 0x2F, 0xBE, 0x78, 0x55, 
	0xFC, 0x5C, 0x00, 0x00, 0x00, 0xE0, 0x52, 0x2F, 0x5F, 0xBE, 0x2A, 0xC2, 
	0x50, 0x9F, 0x32, 0xB4, 0xCC, 0x51, 0x9E, 0xEB, 0xDE, 0xA2, 0x3C, 0xDF, 
	0xEF, 0x97, 0xED, 0xA0, 0x0D, 0xC1, 0xE8, 0x6C, 0x4F, 0x31, 0x48, 0x39, 
	0x29, 0x4A, 0x39, 0xC1, 0x92, 0x60, 0x04, 0x00, 0x00, 0x40, 0x0B, 0x82, 
	0xD1, 0xB2, 0xF2, 0x7C, 0xBF, 0x5F, 0xB6, 0x83, 0x36, 0x04, 0xA3, 0x4D, 
	0xCB, 0x49, 0xD1, 0x95, 0x93, 0xAB, 0x46, 0x30, 0x02, 0x00, 0x00, 0xA0, 
	0x05, 0xC1, 0x68, 0x59, 0x79, 0xCE, 0xDF, 0x2F, 0xDB, 0x41, 0x1B, 0x82, 
	0xD1, 0xA6, 0xE5, 0xA4, 0xE8, 0xCA, 0xC9, 0x55, 0x23, 0x18, 0x01, 0x00, 
	0x00, 0xD0, 0x82, 0x60, 0xB4, 0xAC, 0x3C, 0xE7, 0xEF, 0x97, 0xED, 0xA0, 
	0x0D, 0xC1, 0x68, 0xD3, 0x72, 0x52, 0x74, 0xE5, 0xE4, 0xAA, 0x11, 0x8C, 
	0x00, 0x00, 0x00, 0x68, 0x41, 0x30, 0x5A, 0x56, 0x9E, 0xF3, 0xF7, 0xCB, 
	0x76, 0xD0, 0x86, 0x60, 0xB4, 0x59, 0x39, 0x21, 0x4A, 0x39, 0xB9, 0x6A, 
	0x04, 0x23, 0x00, 0x00, 0x00, 0x5A, 0x10, 0x8C, 0x96, 0x95, 0xE7, 0xFC, 
	0xFD, 0xB2, 0x1F, 0xB4, 0x71, 0xD3, 0xC1, 0x68, 0x27, 0x3F, 0xF0, 0xF5, 
	0xC8, 0x09, 0x51, 0xCA, 0xC9, 0x55, 0x23, 0x18, 0x01, 0x00, 0x00, 0xD0, 
	0x82, 0x60, 0xB4, 0xAC, 0x3C, 0xE7, 0xEF, 0x97, 0xFD, 0xA0, 0x0D, 0xC1, 
	0x68, 0xB3, 0x72, 0x42, 0x94, 0x72, 0x72, 0xD5, 0x08, 0x46, 0x00, 0x00, 
	0x00, 0xB4, 0x20, 0x18, 0x2D, 0x2B, 0xCF, 0xF9, 0xFB, 0x65, 0x3F, 0x68, 
	0x43, 0x30, 0xDA, 0xAC, 0x9C, 0x10, 0xA5, 0x9C, 0x5C, 0x35, 0x82, 0x11, 
	0x00, 0x00, 0x00, 0x2D, 0x08, 0x46, 0xCB, 0xCA, 0x73, 0xFE, 0x7E, 0xD9, 
	0x0F, 0xDA, 0x10, 0x8C, 0x36, 0x2B, 0x27, 0x44, 0x57, 0x4E, 0xAC, 0x3E, 
	0x82, 0x11, 0x00, 0x00, 0x00, 0x2D, 0x08, 0x46, 0xCB, 0xCA, 0xF3, 0xFE, 
	0x7E, 0xD9, 0x0F, 0xDA, 0x10, 0x8C, 0x36, 0x2B, 0x27, 0x44, 0x57, 0x4E, 
	0xAC, 0x3E, 0x82, 0x11, 0x00, 0x00, 0x00, 0x2D, 0x08, 0x46, 0xCB, 0xCA, 
	0xF3, 0xFE, 0x7E, 0xD9, 0x0F, 0xDA, 0x10, 0x8C, 0x36, 0x2B, 0x27, 0x44, 
	0x57, 0x4E, 0xAC, 0x3E, 0x82, 0x11, 0x00, 0x00, 0x00, 0x2D, 0x08, 0x46, 
	0xCB, 0xCA, 0xF3, 0xFE, 0x7E, 0xD9, 0x0F, 0xDA, 0x10, 0x8C, 0x36, 0x29, 
	0x27, 0x43, 0x29, 0x27, 0x56, 0x1F, 0xC1, 0x08, 0x00, 0x00, 0x80, 0x16, 
	0x04, 0xA3, 0x65, 0xE5, 0x79, 0x7F, 0xBF, 0x6C, 0x08, 0x6D, 0xDC, 0x7C, 
	0x30, 0xDA, 0xC9, 0x0F, 0xBD, 0x7D, 0x39, 0x19, 0x4A, 0x39, 0xB1, 0xFA, 
	0x08, 0x46, 0x00, 0x00, 0x00, 0xB4, 0x20, 0x18, 0x2D, 0x2B, 0xCF, 0xFB, 
	0xFB, 0x65, 0x43, 0x68, 0x43, 0x30, 0xDA, 0xA4, 0x9C, 0x0C, 0xA5, 0x9C, 
	0x58, 0x7D, 0x04, 0x23, 0x00, 0x00, 0x00, 0x5A, 0x10, 0x8C, 0x96, 0x95, 
	0xE7, 0xFD, 0xFD, 0xB2, 0x21, 0xB4, 0x21, 0x18, 0x6D, 0x52, 0x4E, 0x86, 
	0x52, 0x4E, 0xAC, 0x3E, 0x82, 0x11, 0x00, 0x00, 0x00, 0x2D, 0x08, 0x46, 
	0xCB, 0xCA, 0xF3, 0xFE, 0x7E, 0xD9, 0x10, 0xDA, 0x10, 0x8C, 0x36, 0x29, 
	0x27, 0x43, 0x57, 0x4E, 0xAA, 0x21, 0x82, 0x11, 0x00, 0x00, 0x00, 0x2D, 
	0x08, 0x46, 0xCB, 0xCA, 0x73, 0xFF, 0x7E, 0xD9, 0x10, 0xDA, 0x10, 0x8C, 
	0x36, 0x29, 0x27, 0x43, 0x57, 0x4E, 0xAA, 0x21, 0x82, 0x11, 0x00, 0x00, 
	0x00, 0x2D, 0x08, 0x46, 0xCB, 0xCA, 0x73, 0xFF, 0x7E, 0xD9, 0x10, 0xDA, 
	0x10, 0x8C, 0x36, 0x27, 0x27, 0x42, 0x29, 0x27, 0xD5, 0x10, 0xC1, 0x08, 
	0x00, 0x00, 0x80, 0x16, 0x04, 0xA3, 0x65, 0xE5, 0xB9, 0x7F, 0xBF, 0xEC, 
	0x08, 0x6D, 0x3C, 0x8B, 0x60, 0xB4, 0x93, 0x1F, 0x7C, 0xBB, 0x72, 0x22, 
	0x94, 0x72, 0x52, 0x0D, 0x11, 0x8C, 0x00, 0x00, 0x00, 0x68, 0x41, 0x30, 
	0x5A, 0x56, 0x9E, 0xFB, 0xF7, 0xCB, 0x8E, 0xD0, 0x86, 0x60, 0xB4, 0x39, 
	0x39, 0x11, 0x4A, 0x39, 0xA9, 0x86, 0x08, 0x46, 0x00, 0x00, 0x00, 0xB4, 
	0x20, 0x18, 0x2D, 0x2B, 0xCF, 0xFD, 0xFB, 0x65, 0x47, 0x68, 0x43, 0x30, 
	0xDA, 0x9C, 0x9C, 0x08, 0xA5, 0x9C, 0x54, 0x43, 0x04, 0x23, 0x00, 0x00, 
	0x00, 0x5A, 0x10, 0x8C, 0x96, 0x95, 0xE7, 0xFE, 0xFD, 0xB2, 0x23, 0xB4, 
	0x21, 0x18, 0x6D, 0x4E, 0x4E, 0x84, 0xAE, 0x9C, 0x50, 0x63, 0x04, 0x23, 
	0x00, 0x00, 0x00, 0x5A, 0x10, 0x8C, 0x96, 0x95, 0xE7, 0xFF, 0xFD, 0xB2, 
	0x23, 0xB4, 0x21, 0x18, 0x6D, 0x4E, 0x4E, 0x84, 0xAE, 0x9C, 0x50, 0x63, 
	0x04, 0x23, 0x00, 0x00, 0x00, 0x5A, 0x10, 0x8C, 0x96, 0x95, 0xE7, 0xFF, 
	0xFD, 0xB2, 0x23, 0xB4, 0x21, 0x18, 0x6D, 0x4E, 0x4E, 0x84, 0xAE, 0x9C, 
	0x50, 0x63, 0x04, 0x23, 0x00, 0x00, 0x00, 0x5A, 0x10, 0x8C, 0x96, 0x95, 
	0xE7, 0xFF, 0xFD, 0xB2, 0x23, 0xB4, 0x21, 0x18, 0x6D, 0x4A, 0x4E, 0x82, 
	0x52, 0x4E, 0xA8, 0x31, 0x82, 0x11, 0x00, 0x00, 0x00, 0x2D, 0x08, 0x46, 
	0xCB, 0xCA, 0xF3, 0xFF, 0x7E, 0xD9, 0x12, 0xDA, 0x78, 0x36, 0xC1, 0x68, 
	0x27, 0x3F, 0xFC, 0xF6, 0xE4, 0x24, 0x28, 0xE5, 0x84, 0x1A, 0x23, 0x18, 
	0x01, 0x00, 0x00, 0xD0, 0x82, 0x60, 0xB4, 0xAC, 0x3C, 0xFF, 0xEF, 0x97, 
	0x2D, 0xA1, 0x0D, 0xC1, 0x68, 0x53, 0x72, 0x12, 0x94, 0x72, 0x42, 0x8D, 
	0x11, 0x8C, 0x00, 0x00, 0x00, 0x68, 0x41, 0x30, 0x5A, 0x56, 0x9E, 0xFF, 
	0xF7, 0xCB, 0x96, 0xD0, 0x86, 0x60, 0xB4, 0x29, 0x39, 0x09, 0x4A, 0x39, 
	0xA1, 0xC6, 0x08, 0x46, 0x00, 0x00, 0x00, 0xB4, 0x20, 0x18, 0x2D, 0x2B, 
	0xCF, 0xFF, 0xFB, 0x65, 0x4B, 0x68, 0x43, 0x30, 0xDA, 0x94, 0x9C, 0x04, 
	0x5D, 0x39, 0x99, 0xA6, 0x10, 0x8C, 0x00, 0x00, 0x00, 0x68, 0x41, 0x30, 
	0x5A, 0x56, 0x36, 0x80, 0x7E, 0xD9, 0x12, 0xDA, 0x10, 0x8C, 0x36, 0x25, 
	0x27, 0x41, 0x57, 0x4E, 0xA6, 0x29, 0x04, 0x23, 0x00, 0x00, 0x00, 0x5A, 
	0x10, 0x8C, 0x96, 0x95, 0x0D, 0xA0, 0x5F, 0xB6, 0x84, 0x36, 0x04, 0xA3, 
	0x4D, 0xC9, 0x49, 0xD0, 0x95, 0x93, 0x69, 0x0A, 0xC1, 0x08, 0x00, 0x00, 
	0x80, 0x16, 0x04, 0xA3, 0x65, 0x65, 0x03, 0xE8, 0x97, 0x2D, 0xA1, 0x0D, 
	0xC1, 0x68, 0x33, 0x72, 0x02, 0x94, 0x72, 0x32, 0x4D, 0x21, 0x18, 0x01, 
	0x00, 0x00, 0xD0, 0x82, 0x60, 0xB4, 0xAC, 0x6C, 0x00, 0xFD, 0xB2, 0x27, 
	0xB4, 0xF1, 0xAC, 0x82, 0xD1, 0x4E, 0xFE, 0x00, 0xB6, 0x23, 0x27, 0x40, 
	0x29, 0x27, 0xD3, 0x14, 0x82, 0x11, 0x00, 0x00, 0x00, 0x2D, 0x08, 0x46, 
	0xCB, 0xCA, 0x06, 0xD0, 0x2F, 0x7B, 0x42, 0x1B, 0x82, 0xD1, 0x66, 0xE4, 
	0x04, 0x28, 0xE5, 0x64, 0x9A, 0x42, 0x30, 0x02, 0x00, 0x00, 0xA0, 0x05, 
	0xC1, 0x68, 0x59, 0xD9, 0x00, 0xFA, 0x65, 0x4F, 0x68, 0x43, 0x30, 0xDA, 
	0x8C, 0x9C, 0x00, 0xA5, 0x9C, 0x4C, 0x53, 0x08, 0x46, 0x00, 0x00, 0x00, 
	0xB4, 0x20, 0x18, 0x2D, 0x2B, 0x1B, 0x40, 0xBF, 0xEC, 0x09, 0x6D, 0x08, 
	0x46, 0x9B, 0x91, 0x13, 0xA0, 0x2B, 0x27, 0xD2, 0x54, 0x82, 0x11, 0x00, 
	0x00, 0x00, 0x2D, 0x08, 0x46, 0xCB, 0xCA, 0x0E, 0xD0, 0x2F, 0x7B, 0x42, 
	0x1B, 0x82, 0xD1, 0x66, 0xE4, 0x04, 0xE8, 0xCA, 0x89, 0x34, 0x95, 0x60, 
	0x04, 0x00, 0x00, 0x40, 0x0B, 0x82, 0xD1, 0xB2, 0xB2, 0x03, 0xF4, 0xCB, 
	0x9E, 0xD0, 0x86, 0x60, 0xB4, 0x19, 0x39, 0x01, 0xBA, 0x72, 0x22, 0x4D, 
	0x25, 0x18, 0x01, 0x00, 0x00, 0xD0, 0x82, 0x60, 0xB4, 0xAC, 0xEC, 0x00, 
	0xFD, 0xB2, 0x27, 0xB4, 0x21, 0x18, 0x6D, 0x42, 0x0E, 0x7E, 0x29, 0x27, 
	0xD2, 0x54, 0x82, 0x11, 0x00, 0x00, 0x00, 0x2D, 0x08, 0x46, 0xCB, 0xCA, 
	0x0E, 0xD0, 0x2F, 0x9B, 0x42, 0x1B, 0xCF, 0x2E, 0x18, 0xED, 0xE4, 0x0F, 
	0x61, 0x7D, 0x39, 0xF8, 0xA5, 0x9C, 0x48, 0x53, 0x09, 0x46, 0x00, 0x00, 
	0x00, 0xB4, 0x20, 0x18, 0x2D, 0x2B, 0x3B, 0x40, 0xBF, 0x6C, 0x0A, 0x6D, 
	0x08, 0x46, 0x9B, 0x90, 0x83, 0x5F, 0xCA, 0x89, 0x34, 0x95, 0x60, 0x04, 
	0x00, 0x00, 0x40, 0x0B, 0x82, 0xD1, 0xB2, 0xB2, 0x03, 0xF4, 0xCB, 0xA6, 
	0xD0, 0x86, 0x60, 0xB4, 0x09, 0x39, 0xF8, 0xA5, 0x9C, 0x48, 0x53, 0x09, 
	0x46, 0x00, 0x00, 0x00, 0xB4, 0x20, 0x18, 0x2D, 0x2B, 0x3B, 0x40, 0xBF, 
	0x6C, 0x0A, 0x6D, 0x08, 0x46, 0x9B, 0x90, 0x83, 0xDF, 0x95, 0x93, 0x68, 
	0x0E, 0xC1, 0x08, 0x00, 0x00, 0x80, 0x16, 0x04, 0xA3, 0x65, 0x65, 0x0B, 
	0xE8, 0x97, 0x4D, 0xA1, 0x0D, 0xC1, 0x68, 0x13, 0x72, 0xF0, 0xBB, 0x72, 
	0x12, 0xCD, 0x21, 0x18, 0x01, 0x00, 0x00, 0xD0, 0x82, 0x60, 0xB4, 0xAC, 
	0x6C, 0x01, 0xFD, 0xB2, 0x29, 0xB4, 0x21, 0x18, 0xAD, 0x2E, 0x07, 0xBE, 
	0x94, 0x93, 0x68, 0x0E, 0xC1, 0x08, 0x00, 0x00, 0x80, 0x16, 0x04, 0xA3, 
	0x65, 0x65, 0x0B, 0xE8, 0x97, 0x5D, 0xA1, 0x8D, 0x67, 0x19, 0x8C, 0x76, 
	0xF2, 0x07, 0xB1, 0x9E, 0x1C, 0xF8, 0x52, 0x4E, 0xA2, 0x39, 0x04, 0x23, 
	0x00, 0x00, 0x00, 0x5A, 0x10, 0x8C, 0x96, 0x95, 0x2D, 0xA0, 0x5F, 0x76, 
	0x85, 0x36, 0x04, 0xA3, 0xD5, 0xE5, 0xC0, 0x97, 0x72, 0x12, 0xCD, 0x21, 
	0x18, 0x01, 0x00, 0x00, 0xD0, 0x82, 0x60, 0xB4, 0xAC, 0x6C, 0x01, 0xFD, 
	0xB2, 0x2B, 0xB4, 0x21, 0x18, 0xAD, 0x2E, 0x07, 0xBE, 0x94, 0x93, 0x68, 
	0x0E, 0xC1, 0x08, 0x00, 0x00, 0x80, 0x16, 0x04, 0xA3, 0x65, 0x65, 0x0B, 
	0xE8, 0x97, 0x5D, 0xA1, 0x0D, 0xC1, 0x68, 0x75, 0x39, 0xF0, 0x5D, 0x39, 
	0x81, 0xE6, 0x12, 0x8C, 0x00, 0x00, 0x00, 0x68, 0x41, 0x30, 0x5A, 0x56, 
	0xF6, 0x80, 0x7E, 0xD9, 0x15, 0xDA, 0x10, 0x8C, 0x56, 0x97, 0x03, 0xDF, 
	0x95, 0x13, 0x68, 0x2E, 0xC1, 0x08, 0x00, 0x00, 0x80, 0x16, 0x04, 0xA3, 
	0x65, 0x65, 0x0F, 0xE8, 0x97, 0x5D, 0xA1, 0x0D, 0xC1, 0x68, 0x75, 0x39, 
	0xF0, 0x5D, 0x39, 0x81, 0xE6, 0x12, 0x8C, 0x00, 0x00, 0x00, 0x68, 0x41, 
	0x30, 0x5A, 0x56, 0xF6, 0x80, 0x7E, 0xD9, 0x15, 0xDA, 0x10, 0x8C, 0x56, 
	0x95, 0x83, 0x5E, 0xCA, 0x09, 0x34, 0x97, 0x60, 0x04, 0x00, 0x00, 0x40, 
	0x0B, 0x82, 0xD1, 0xB2, 0xB2, 0x07, 0xF4, 0xCB, 0xB6, 0xD0, 0xC6, 0xB3, 
	0x0D, 0x46, 0x3B, 0xF9, 0xC3, 0x78, 0x7A, 0x39, 0xE8, 0xA5, 0x9C, 0x40, 
	0x73, 0x09, 0x46, 0x00, 0x00, 0x00, 0xB4, 0x20, 0x18, 0x2D, 0x2B, 0x7B, 
	0x40, 0xBF, 0x6C, 0x0B, 0x6D, 0x08, 0x46, 0xAB, 0xCA, 0x41, 0x2F, 0xE5, 
	0x04, 0x9A, 0x4B, 0x30, 0x02, 0x00, 0x00, 0xA0, 0x05, 0xC1, 0x68, 0x59, 
	0xD9, 0x03, 0xFA, 0x65, 0x5B, 0x68, 0x43, 0x30, 0x5A, 0x55, 0x0E, 0x7A, 
	0x29, 0x27, 0xD0, 0x5C, 0x82, 0x11, 0x00, 0x00, 0x00, 0x2D, 0x08, 0x46, 
	0xCB, 0xCA, 0x1E, 0xD0, 0x2F, 0xDB, 0x42, 0x1B, 0x82, 0xD1, 0xAA, 0x72, 
	0xD0, 0xBB, 0x72, 0xF2, 0x9C, 0x43, 0x30, 0x02, 0x00, 0x00, 0xA0, 0x05, 
	0xC1, 0x68, 0x59, 0xD9, 0x04, 0xFA, 0x65, 0x5B, 0x68, 0xE3, 0xC5, 0x9B, 
	0x37, 0xEF, 0xEF, 0x5E, 0xBF, 0x7E, 0xF7, 0x2C, 0xFD, 0x9B, 0x7F, 0xF3, 
	0xA7, 0xF7, 0xF2, 0x87, 0x72, 0x30, 0xF6, 0xFC, 0xE5, 0x72, 0xD0, 0x97, 
	0xB7, 0x0B, 0x46, 0xF9, 0xB9, 0x01, 0x00, 0x00, 0xE0, 0x52, 0xBB, 0xF3, 
	0xCD, 0x32, 0xEE, 0xB4, 0x50, 0xC6, 0x95, 0xA9, 0xF2, 0x1C, 0xF9, 0x36, 
	0x64, 0x5B, 0x58, 0xD6, 0xA1, 0x85, 0x08, 0x46, 0x03, 0x51, 0x68, 0xE8, 
	0xB9, 0x65, 0xE4, 0xA0, 0x2F, 0x4F, 0x30, 0x02, 0x00, 0x00, 0xA0, 0x05, 
	0xC1, 0x68, 0x2D, 0xD9, 0x16, 0x96, 0x25, 0x18, 0xAD, 0x1E, 0x8C, 0x72, 
	0xC0, 0xDB, 0x10, 0x8C, 0x00, 0x00, 0x00, 0x68, 0x41, 0x30, 0x5A, 0x4B, 
	0xF6, 0x85, 0x65, 0x09, 0x46, 0x0F, 0x86, 0xA2, 0xD0, 0xD0, 0x73, 0x97, 
	0xCB, 0x01, 0x6F, 0x43, 0x30, 0x02, 0x00, 0x00, 0xA0, 0x05, 0xC1, 0x68, 
	0x2D, 0xD9, 0x17, 0x96, 0x25, 0x18, 0x3D, 0x18, 0x8A, 0x42, 0x43, 0xCF, 
	0x5D, 0x2E, 0x07, 0xBC, 0x0D, 0xC1, 0x08, 0x00, 0x00, 0x80, 0x16, 0x04, 
	0xA3, 0xB5, 0x64, 0x5F, 0x58, 0x96, 0x60, 0xF4, 0xA0, 0x2F, 0x0A, 0x1D, 
	0x1E, 0xAF, 0x3D, 0xB7, 0x8C, 0x1C, 0xF0, 0x36, 0x04, 0x23, 0x00, 0x00, 
	0x00, 0x5A, 0x10, 0x8C, 0xD6, 0x92, 0x7D, 0x61, 0x59, 0x82, 0xD1, 0x83, 
	0xBE, 0x28, 0xD4, 0xF7, 0xF8, 0x72, 0x72, 0xC0, 0xDB, 0x10, 0x8C, 0x00, 
	0x00, 0x00, 0x68, 0x41, 0x30, 0x5A, 0x4B, 0xF6, 0x85, 0x65, 0x09, 0x46, 
	0x0F, 0xFA, 0xC2, 0x50, 0xDF, 0xE3, 0xCB, 0xC9, 0x01, 0x6F, 0x43, 0x30, 
	0x02, 0x00, 0x00, 0xA0, 0x05, 0xC1, 0x68, 0x2D, 0xD9, 0x17, 0x96, 0x25, 
	0x18, 0x3D, 0x38, 0xFC, 0x20, 0x32, 0x0E, 0xD5, 0x1E, 0x5B, 0x56, 0x0E, 
	0x78, 0x1B, 0x82, 0x11, 0x00, 0x00, 0x00, 0x2D, 0x08, 0x46, 0x6B, 0xC9, 
	0xBE, 0xB0, 0x2C, 0xC1, 0xE8, 0xC1, 0x3A, 0xC1, 0x28, 0x07, 0xBB, 0x1D, 
	0xC1, 0x08, 0x00, 0x00, 0x80, 0x16, 0x04, 0xA3, 0xB5, 0x64, 0x63, 0x58, 
	0x96, 0x60, 0x74, 0xA2, 0x16, 0x87, 0x6A, 0x8F, 0x2D, 0x27, 0x07, 0xBB, 
	0x1D, 0xC1, 0x08, 0x00, 0x00, 0x80, 0x16, 0x04, 0xA3, 0xB5, 0x64, 0x63, 
	0x58, 0x96, 0x60, 0x74, 0xA2, 0x16, 0x87, 0x6A, 0x8F, 0x2D, 0x27, 0x07, 
	0xBB, 0x1D, 0xC1, 0x08, 0x00, 0x00, 0x80, 0x16, 0x04, 0xA3, 0xB5, 0x64, 
	0x63, 0x58, 0x96, 0x60, 0x74, 0x22, 0xE3, 0xD0, 0xE1, 0xBF, 0x05, 0x23, 
	0x00, 0x00, 0x00, 0xA8, 0x13, 0x8C, 0xD6, 0x92, 0x8D, 0x61, 0x59, 0x82, 
	0xD1, 0x89, 0x8C, 0x43, 0xF9, 0xDF, 0xCB, 0xCB, 0xC1, 0x6E, 0x47, 0x30, 
	0x02, 0x00, 0x00, 0xA0, 0x05, 0xC1, 0x68, 0x2D, 0xD9, 0x18, 0x96, 0x25, 
	0x18, 0x9D, 0xC8, 0x40, 0x94, 0xFF, 0xBD, 0xBC, 0x1C, 0xEC, 0x76, 0x04, 
	0x23, 0x00, 0x00, 0x00, 0x5A, 0x10, 0x8C, 0xD6, 0x92, 0x8D, 0x61, 0x59, 
	0x82, 0xD1, 0x89, 0xC3, 0x0F, 0xE3, 0x10, 0x89, 0xDA, 0x06, 0xA3, 0x1C, 
	0xE8, 0xB6, 0x04, 0x23, 0x00, 0x00, 0x00, 0x5A, 0x10, 0x8C, 0xD6, 0x92, 
	0x9D, 0x61, 0x59, 0x82, 0x51, 0x10, 0x8C, 0x00, 0x00, 0x00, 0x60, 0x3A, 
	0xC1, 0x68, 0x2D, 0xD9, 0x19, 0x96, 0x25, 0x18, 0x05, 0xC1, 0x08, 0x00, 
	0x00, 0x00, 0xA6, 0x13, 0x8C, 0xD6, 0x92, 0x9D, 0x61, 0x59, 0x82, 0x51, 
	0x38, 0xFC, 0x40, 0x4E, 0xE5, 0x0F, 0x6D, 0x19, 0x39, 0xD0, 0x6D, 0x09, 
	0x46, 0x00, 0x00, 0x00, 0xB4, 0x20, 0x18, 0xAD, 0x25, 0x3B, 0xC3, 0xB2, 
	0x04, 0xA3, 0x90, 0xB1, 0x48, 0x30, 0x02, 0x00, 0x00, 0x80, 0x7E, 0x82, 
	0xD1, 0x5A, 0xB2, 0x33, 0x2C, 0x4B, 0x30, 0x0A, 0x4F, 0x13, 0x8B, 0x76, 
	0x72, 0xA0, 0xDB, 0x12, 0x8C, 0x00, 0x00, 0x00, 0x68, 0x41, 0x30, 0x5A, 
	0x4B, 0x76, 0x86, 0x65, 0x09, 0x46, 0x41, 0x30, 0x02, 0x00, 0x00, 0x80, 
	0xE9, 0x04, 0xA3, 0xB5, 0x64, 0x67, 0x58, 0x96, 0x60, 0x14, 0x9E, 0x26, 
	0x18, 0xE5, 0x20, 0xB7, 0x27, 0x18, 0x01, 0x00, 0x00, 0xD0, 0x82, 0x60, 
	0xB4, 0x96, 0x6C, 0x0D, 0xCB, 0x12, 0x8C, 0x2A, 0x04, 0x23, 0x00, 0x00, 
	0x00, 0x98, 0x46, 0x30, 0x5A, 0x4B, 0xB6, 0x86, 0x65, 0x09, 0x46, 0x15, 
	0x82, 0x11, 0x00, 0x00, 0x00, 0x4C, 0x23, 0x18, 0xAD, 0x25, 0x5B, 0xC3, 
	0xB2, 0x04, 0xA3, 0x0A, 0xC1, 0x08, 0x00, 0x00, 0x00, 0xA6, 0x11, 0x8C, 
	0xD6, 0x92, 0xAD, 0x61, 0x59, 0x82, 0x51, 0x85, 0x60, 0x04, 0x00, 0x00, 
	0x00, 0xD3, 0x08, 0x46, 0x6B, 0xC9, 0xD6, 0xB0, 0x2C, 0xC1, 0xA8, 0xA2, 
	0x6D, 0x2C, 0xDA, 0xC9, 0x41, 0x6E, 0x4F, 0x30, 0x02, 0x00, 0x00, 0xA0, 
	0x05, 0xC1, 0x68, 0x2D, 0xD9, 0x1A, 0x96, 0x25, 0x18, 0x55, 0x08, 0x46, 
	0x00, 0x00, 0x00, 0x30, 0x8D, 0x60, 0xB4, 0x96, 0x6C, 0x0D, 0xCB, 0x12, 
	0x8C, 0x2A, 0xDA, 0x06, 0xA3, 0x1C, 0xE0, 0xA7, 0x21, 0x18, 0x01, 0x00, 
	0x00, 0xD0, 0x82, 0x60, 0xB4, 0x96, 0xEC, 0x0D, 0xCB, 0x12, 0x8C, 0x2A, 
	0x04, 0x23, 0x00, 0x00, 0x00, 0x98, 0x46, 0x30, 0x5A, 0x4B, 0xF6, 0x86, 
	0x65, 0x09, 0x46, 0x15, 0x82, 0x11, 0x00, 0x00, 0x00, 0x4C, 0x23, 0x18, 
	0xAD, 0x25, 0x7B, 0xC3, 0xB2, 0x04, 0xA3, 0x70, 0xF8, 0x81, 0x08, 0x46, 
	0x00, 0x00, 0x00, 0x30, 0x4E, 0x30, 0x5A, 0x4B, 0xF6, 0x86, 0x65, 0x09, 
	0x46, 0xA1, 0x6D, 0x2C, 0xDA, 0xC9, 0x01, 0x7E, 0x1A, 0x82, 0x11, 0x00, 
	0x00, 0x00, 0x2D, 0x08, 0x46, 0x6B, 0xC9, 0xDE, 0xB0, 0x2C, 0xC1, 0x28, 
	0x08, 0x46, 0x00, 0x00, 0x00, 0x30, 0x9D, 0x60, 0xB4, 0x96, 0xEC, 0x0D, 
	0xCB, 0x12, 0x8C, 0x82, 0x60, 0x04, 0x00, 0x00, 0x00, 0xD3, 0x09, 0x46, 
	0x6B, 0xC9, 0xDE, 0xB0, 0x2C, 0xC1, 0x28, 0xB4, 0x0D, 0x46, 0x39, 0xB8, 
	0x4F, 0x47, 0x30, 0x02, 0x00, 0x00, 0xA0, 0x05, 0xC1, 0x68, 0x2D, 0xD9, 
	0x1C, 0x96, 0x25, 0x18, 0x05, 0xC1, 0x08, 0x00, 0x00, 0x00, 0xA6, 0x13, 
	0x8C, 0xD6, 0x92, 0xCD, 0x61, 0x59, 0x82, 0x51, 0x10, 0x8C, 0x00, 0x00, 
	0x00, 0x60, 0x3A, 0xC1, 0x68, 0x2D, 0xD9, 0x1C, 0x96, 0x25, 0x18, 0x9D, 
	0x38, 0xFC, 0x30, 0x04, 0x23, 0x00, 0x00, 0x00, 0x98, 0x46, 0x30, 0x5A, 
	0x4B, 0x36, 0x87, 0x65, 0x09, 0x46, 0x27, 0xDA, 0xC6, 0xA2, 0x9D, 0x1C, 
	0xDC, 0xA7, 0x23, 0x18, 0x01, 0x00, 0x00, 0xD0, 0x82, 0x60, 0xB4, 0x96, 
	0x6C, 0x0E, 0xCB, 0x12, 0x8C, 0x4E, 0x08, 0x46, 0x00, 0x00, 0x00, 0x30, 
	0x8F, 0x60, 0xB4, 0x96, 0x6C, 0x0E, 0xCB, 0x12, 0x8C, 0x4E, 0xB4, 0x0D, 
	0x46, 0x39, 0xB0, 0x4F, 0x4B, 0x30, 0x02, 0x00, 0x00, 0xA0, 0x05, 0xC1, 
	0x68, 0x2D, 0xD9, 0x1D, 0x96, 0x25, 0x18, 0x9D, 0x10, 0x8C, 0x00, 0x00, 
	0x00, 0x60, 0x1E, 0xC1, 0x68, 0x2D, 0xD9, 0x1D, 0x96, 0x25, 0x18, 0x9D, 
	0x10, 0x8C, 0x00, 0x00, 0x00, 0x60, 0x1E, 0xC1, 0x68, 0x2D, 0xD9, 0x1D, 
	0x96, 0x25, 0x18, 0x3D, 0x38, 0xFC, 0x20, 0x04, 0x23, 0x00, 0x00, 0x00, 
	0x98, 0x4E, 0x30, 0x5A, 0x4B, 0x76, 0x87, 0x65, 0x09, 0x46, 0x0F, 0x04, 
	0x23, 0x00, 0x00, 0x00, 0x98, 0x4F, 0x30, 0x5A, 0x4B, 0x76, 0x87, 0x65, 
	0x09, 0x46, 0x0F, 0xDA, 0xC6, 0xA2, 0x9D, 0x1C, 0xD8, 0xA7, 0x25, 0x18, 
	0x01, 0x00, 0x00, 0xD0, 0x82, 0x60, 0xB4, 0x96, 0xEC, 0x0E, 0xCB, 0x12, 
	0x8C, 0x1E, 0x08, 0x46, 0x00, 0x00, 0x00, 0x30, 0x9F, 0x60, 0xB4, 0x96, 
	0xEC, 0x0E, 0xCB, 0x12, 0x8C, 0x1E, 0xB4, 0x0D, 0x46, 0x39, 0xA8, 0x4F, 
	0x4F, 0x30, 0x02, 0x00, 0x00, 0xA0, 0x05, 0xC1, 0x68, 0x2D, 0xD9, 0x1E, 
	0x96, 0x25, 0x18, 0x3D, 0x10, 0x8C, 0x00, 0x00, 0x00, 0x60, 0x3E, 0xC1, 
	0x68, 0x2D, 0xD9, 0x1E, 0x96, 0x25, 0x18, 0x3D, 0x10, 0x8C, 0x00, 0x00, 
	0x00, 0x60, 0x3E, 0xC1, 0x68, 0x2D, 0xD9, 0x1E, 0x96, 0x25, 0x18, 0x3D, 
	0x83, 0xBF, 0x90, 0xB6, 0x23, 0x18, 0x01, 0x00, 0x00, 0xD0, 0x82, 0x60, 
	0xB4, 0x96, 0x6C, 0x0F, 0xCB, 0x12, 0x8C, 0x04, 0x23, 0x00, 0x00, 0x00, 
	0x38, 0x9B, 0x60, 0xB4, 0x96, 0x6C, 0x0F, 0xCB, 0x12, 0x8C, 0x9A, 0x5F, 
	0x8E, 0xB6, 0x93, 0x83, 0xFA, 0xF4, 0x04, 0x23, 0x00, 0x00, 0x00, 0x5A, 
	0x10, 0x8C, 0xD6, 0x92, 0xED, 0x61, 0x59, 0x82, 0x91, 0x60, 0x04, 0x00, 
	0x00, 0x00, 0x67, 0x13, 0x8C, 0xD6, 0x92, 0xED, 0x61, 0x59, 0x27, 0xC1, 
	0x68, 0x37, 0xD0, 0x6F, 0x9F, 0xA5, 0xF6, 0xC1, 0x68, 0x7D, 0x5F, 0x7C, 
	0xF1, 0xB2, 0xF8, 0xDC, 0x00, 0x00, 0x00, 0x70, 0xA9, 0x7D, 0x30, 0x2A, 
	0x23, 0xCD, 0x96, 0x94, 0xB1, 0x65, 0xAA, 0xF2, 0xFC, 0xFA, 0xB9, 0x10, 
	0x8C, 0x04, 0x23, 0x00, 0x00, 0x00, 0x38, 0x9B, 0x60, 0x74, 0x9B, 0x04, 
	0x23, 0xC1, 0x08, 0x00, 0x00, 0x00, 0xCE, 0x26, 0x18, 0xDD, 0xA6, 0x67, 
	0x1F, 0x8C, 0x0E, 0x3F, 0x00, 0xC1, 0x08, 0x00, 0x00, 0x00, 0xE6, 0x13, 
	0x8C, 0x6E, 0x93, 0x60, 0xF4, 0x0C, 0x62, 0xD1, 0x8E, 0x60, 0x04, 0x00, 
	0x00, 0x40, 0x0B, 0x82, 0xD1, 0x6D, 0x12, 0x8C, 0x04, 0x23, 0x00, 0x00, 
	0x00, 0x38, 0x9B, 0x60, 0x74, 0x9B, 0x04, 0x23, 0xC1, 0x08, 0x00, 0x00, 
	0x00, 0xCE, 0x26, 0x18, 0xDD, 0x26, 0xC1, 0x48, 0x30, 0x02, 0x00, 0x00, 
	0x80, 0xB3, 0x09, 0x46, 0xB7, 0x49, 0x30, 0x12, 0x8C, 0x00, 0x00, 0x00, 
	0xE0, 0x6C, 0x82, 0xD1, 0x6D, 0x12, 0x8C, 0x9E, 0x45, 0x30, 0xFA, 0x4C, 
	0x30, 0x02, 0x00, 0x00, 0xA0, 0x09, 0xC1, 0xE8, 0x36, 0x3D, 0xEB, 0x60, 
	0x74, 0xF8, 0xF0, 0x82, 0x11, 0x00, 0x00, 0x00, 0x9C, 0x47, 0x30, 0xBA, 
	0x4D, 0x82, 0xD1, 0xCD, 0xC7, 0xA2, 0x1D, 0xC1, 0x08, 0x00, 0x00, 0x80, 
	0x36, 0x04, 0xA3, 0xDB, 0x24, 0x18, 0x09, 0x46, 0x00, 0x00, 0x00, 0x70, 
	0x36, 0xC1, 0xE8, 0x36, 0x09, 0x46, 0x82, 0x11, 0x00, 0x00, 0x00, 0x9C, 
	0x4D, 0x30, 0xBA, 0x4D, 0x82, 0x91, 0x60, 0x04, 0x00, 0x00, 0x00, 0x67, 
	0x13, 0x8C, 0x6E, 0x93, 0x60, 0x24, 0x18, 0x01, 0x00, 0x00, 0xC0, 0xD9, 
	0x04, 0xA3, 0xDB, 0xF4, 0x6C, 0x83, 0xD1, 0xE1, 0x83, 0xDF, 0x7E, 0x30, 
	0xDA, 0x4F, 0x72, 0xC1, 0x08, 0x00, 0x00, 0x80, 0x16, 0x04, 0xA3, 0xDB, 
	0x24, 0x18, 0x09, 0x46, 0x00, 0x00, 0x00, 0x70, 0x36, 0xC1, 0xE8, 0x36, 
	0x3D, 0xFB, 0x60, 0x94, 0x3F, 0x90, 0xDB, 0x23, 0x18, 0x01, 0x00, 0x00, 
	0xD0, 0x8E, 0x60, 0x74, 0x9B, 0x04, 0xA3, 0xCA, 0x0F, 0xE5, 0xB6, 0x08, 
	0x46, 0x00, 0x00, 0x00, 0xB4, 0x23, 0x18, 0xDD, 0x26, 0xC1, 0xA8, 0xF2, 
	0x43, 0xB9, 0x2D, 0x82, 0x11, 0x00, 0x00, 0x00, 0xED, 0x08, 0x46, 0xB7, 
	0x49, 0x30, 0xAA, 0xFC, 0x50, 0x6E, 0x8B, 0x60, 0x04, 0x00, 0x00, 0x40, 
	0x3B, 0x82, 0xD1, 0x6D, 0x12, 0x8C, 0x2A, 0x3F, 0x94, 0xDB, 0x71, 0x9C, 
	0xE4, 0x82, 0x11, 0x00, 0x00, 0x00, 0x2D, 0x08, 0x46, 0xB7, 0xE9, 0x59, 
	0x06, 0xA3, 0xC3, 0x87, 0x16, 0x8C, 0x00, 0x00, 0x00, 0xE0, 0x32, 0x82, 
	0xD1, 0x6D, 0x12, 0x8C, 0x2A, 0x3F, 0x94, 0xDB, 0x71, 0x9C, 0xE4, 0x82, 
	0x11, 0x00, 0x00, 0x00, 0x2D, 0x08, 0x46, 0xB7, 0xE9, 0x59, 0x07, 0xA3, 
	0xFC, 0x61, 0xDC, 0x9E, 0xE3, 0x24, 0x17, 0x8C, 0x00, 0x00, 0x00, 0x68, 
	0x41, 0x30, 0xBA, 0x4D, 0x82, 0xD1, 0x4D, 0x3B, 0x4E, 0x72, 0xC1, 0x08, 
	0x00, 0x00, 0x80, 0x16, 0x04, 0xA3, 0xDB, 0x24, 0x18, 0xDD, 0xB4, 0xE3, 
	0x24, 0x17, 0x8C, 0x00, 0x00, 0x00, 0x68, 0x41, 0x30, 0xBA, 0x4D, 0x82, 
	0xD1, 0x4D, 0x3B, 0x4E, 0x72, 0xC1, 0x08, 0x00, 0x00, 0x80, 0x16, 0x04, 
	0xA3, 0xDB, 0x24, 0x18, 0xDD, 0xAC, 0xEE, 0x24, 0x17, 0x8C, 0x00, 0x00, 
	0x00, 0x68, 0x41, 0x30, 0xBA, 0x4D, 0xCF, 0x2E, 0x18, 0x1D, 0x3E, 0xB0, 
	0x60, 0x04, 0x00, 0x00, 0x00, 0x97, 0x13, 0x8C, 0x6E, 0xD3, 0xB3, 0x0D, 
	0x46, 0xF9, 0x83, 0xB8, 0x3D, 0xDD, 0x49, 0x2E, 0x18, 0x01, 0x00, 0x00, 
	0xD0, 0x82, 0x60, 0x74, 0x9B, 0x04, 0xA3, 0x9B, 0xD5, 0x9D, 0xE4, 0x82, 
	0x11, 0x00, 0x00, 0x00, 0x2D, 0x08, 0x46, 0xB7, 0x49, 0x30, 0xBA, 0x59, 
	0xDD, 0x49, 0x2E, 0x18, 0x01, 0x00, 0x00, 0xD0, 0x82, 0x60, 0x74, 0x9B, 
	0x04, 0xA3, 0x9B, 0xD5, 0x9D, 0xE4, 0x82, 0x11, 0x00, 0x00, 0x00, 0x2D, 
	0x08, 0x46, 0xB7, 0x49, 0x30, 0xBA, 0x59, 0xDD, 0x49, 0x2E, 0x18, 0x01, 
	0x00, 0x00, 0xD0, 0x82, 0x60, 0x74, 0x9B, 0x04, 0xA3, 0x9B, 0x94, 0x13, 
	0x5C, 0x30, 0x02, 0x00, 0x00, 0xA0, 0x0D, 0xC1, 0xE8, 0x36, 0x3D, 0xAB, 
	0x60, 0x74, 0xF8, 0xB0, 0x82, 0x11, 0x00, 0x00, 0x00, 0x2C, 0x43, 0x30, 
	0xBA, 0x4D, 0xCF, 0x32, 0x18, 0xE5, 0x0F, 0xE1, 0xF6, 0xE4, 0x04, 0x17, 
	0x8C, 0x00, 0x00, 0x00, 0x68, 0x43, 0x30, 0xBA, 0x4D, 0x82, 0xD1, 0x4D, 
	0xCA, 0x09, 0x2E, 0x18, 0x01, 0x00, 0x00, 0xD0, 0x86, 0x60, 0x74, 0x9B, 
	0x04, 0xA3, 0x9B, 0x94, 0x13, 0x5C, 0x30, 0x02, 0x00, 0x00, 0xA0, 0x0D, 
	0xC1, 0xE8, 0x36, 0x09, 0x46, 0x37, 0x29, 0x27, 0xB8, 0x60, 0x04, 0x00, 
	0x00, 0x40, 0x1B, 0x82, 0xD1, 0x6D, 0x12, 0x8C, 0x6E, 0x52, 0x4E, 0x70, 
	0xC1, 0x08, 0x00, 0x00, 0x80, 0x36, 0x04, 0xA3, 0xDB, 0xF4, 0x6C, 0x82, 
	0xD1, 0xE1, 0x83, 0xDE, 0x7E, 0x30, 0xCA, 0xC9, 0xBD, 0x27, 0x18, 0x01, 
	0x00, 0x00, 0xD0, 0x82, 0x60, 0x74, 0x9B, 0x04, 0xA3, 0x9B, 0x93, 0x93, 
	0x7B, 0x4F, 0x30, 0x02, 0x00, 0x00, 0xA0, 0x05, 0xC1, 0xE8, 0x36, 0x3D, 
	0xBB, 0x60, 0x94, 0x3F, 0x80, 0xDB, 0x93, 0x93, 0x7B, 0x4F, 0x30, 0x02, 
	0x00, 0x00, 0xA0, 0x05, 0xC1, 0xE8, 0x36, 0x09, 0x46, 0x37, 0x27, 0x27, 
	0xF7, 0x9E, 0x60, 0x04, 0x00, 0x00, 0x40, 0x0B, 0x82, 0xD1, 0x6D, 0x12, 
	0x8C, 0x6E, 0x4E, 0x4E, 0xEE, 0x3D, 0xC1, 0x08, 0x00, 0x00, 0x80, 0x16, 
	0x04, 0xA3, 0xDB, 0x24, 0x18, 0xDD, 0x9C, 0x9C, 0xDC, 0x7B, 0x82, 0x11, 
	0x00, 0x00, 0x00, 0x2D, 0x08, 0x46, 0xB7, 0x49, 0x30, 0xBA, 0x29, 0x39, 
	0xB1, 0x8F, 0x04, 0x23, 0x00, 0x00, 0x00, 0x5A, 0x10, 0x8C, 0x6E, 0xD3, 
	0xB3, 0x08, 0x46, 0x87, 0x0F, 0x29, 0x18, 0x95, 0x3F, 0x1B, 0x00, 0x00, 
	0x00, 0xB8, 0x84, 0x60, 0x74, 0x9B, 0x04, 0xA3, 0x9B, 0x92, 0x13, 0xFB, 
	0x48, 0x30, 0x02, 0x00, 0x00, 0xA0, 0x05, 0xC1, 0xE8, 0x36, 0x3D, 0xAB, 
	0x60, 0x94, 0x1F, 0xFE, 0xF6, 0xE4, 0xC4, 0x3E, 0x12, 0x8C, 0x00, 0x00, 
	0x00, 0x68, 0x41, 0x30, 0xBA, 0x4D, 0x82, 0xD1, 0x4D, 0xC9, 0x89, 0x7D, 
	0x24, 0x18, 0x01, 0x00, 0x00, 0xD0, 0x82, 0x60, 0x74, 0x9B, 0x04, 0xA3, 
	0x9B, 0x92, 0x13, 0xFB, 0x48, 0x30, 0x02, 0x00, 0x00, 0xA0, 0x05, 0xC1, 
	0xE8, 0x36, 0x09, 0x46, 0x37, 0x25, 0x27, 0xF6, 0x91, 0x60, 0x04, 0x00, 
	0x00, 0x40, 0x0B, 0x82, 0xD1, 0x6D, 0xEA, 0x04, 0xA3, 0x57, 0xAF, 0xDE, 
	0xDC, 0xA4, 0x7F, 0xF3, 0x6F, 0xFE, 0x64, 0x65, 0xC7, 0x1F, 0x74, 0x4D, 
	0x0E, 0x4A, 0x0B, 0x9F, 0x7F, 0xFE, 0x45, 0xF1, 0x73, 0x01, 0x00, 0x00, 
	0x80, 0x4B, 0x7D, 0xFE, 0xF9, 0xCB, 0x4A, 0x68, 0xE9, 0x53, 0x9E, 0xAF, 
	0x3E, 0x27, 0xD9, 0x03, 0xEA, 0xB2, 0x29, 0xAC, 0xEB, 0x66, 0x83, 0x51, 
	0x7E, 0xD0, 0x75, 0xE4, 0xE0, 0x77, 0xE5, 0x04, 0x6A, 0x41, 0x30, 0x02, 
	0x00, 0x00, 0xA0, 0x05, 0xC1, 0x68, 0xBA, 0xEC, 0x01, 0x75, 0xD9, 0x14, 
	0xD6, 0x25, 0x18, 0x35, 0x93, 0x03, 0x5F, 0xCA, 0x09, 0xD4, 0x82, 0x60, 
	0x04, 0x00, 0x00, 0x40, 0x0B, 0x82, 0xD1, 0x74, 0xD9, 0x03, 0xEA, 0xB2, 
	0x2B, 0xAC, 0x4B, 0x30, 0x6A, 0x26, 0x07, 0xBE, 0x94, 0x13, 0xA8, 0x05, 
	0xC1, 0x08, 0x00, 0x00, 0x80, 0x16, 0x04, 0xA3, 0xE9, 0xB2, 0x07, 0xD4, 
	0x65, 0x57, 0x58, 0x97, 0x60, 0xD4, 0x4C, 0x0E, 0x7C, 0x29, 0x27, 0x50, 
	0x0B, 0xBB, 0x2F, 0x70, 0xFE, 0x6C, 0x00, 0x00, 0x00, 0xE0, 0x52, 0x82, 
	0xD1, 0x74, 0xD9, 0x03, 0xEA, 0xB2, 0x2B, 0xAC, 0x4B, 0x30, 0x6A, 0x26, 
	0x07, 0xBE, 0x94, 0x13, 0xA8, 0x05, 0xC1, 0x08, 0x00, 0x00, 0x80, 0x16, 
	0x04, 0xA3, 0xE9, 0xB2, 0x07, 0xD4, 0x65, 0x57, 0x58, 0x97, 0x60, 0xD4, 
	0x4C, 0x0E, 0x7C, 0x57, 0x4E, 0x9E, 0x56, 0x04, 0x23, 0x00, 0x00, 0x00, 
	0x5A, 0x10, 0x8C, 0xA6, 0xCB, 0x26, 0x50, 0x97, 0x5D, 0x61, 0x5D, 0x82, 
	0x51, 0x33, 0x39, 0xF0, 0x5D, 0x39, 0x79, 0x5A, 0x11, 0x8C, 0x00, 0x00, 
	0x00, 0x68, 0x41, 0x30, 0x9A, 0x2E, 0x9B, 0x40, 0x5D, 0x76, 0x85, 0x75, 
	0xDD, 0x64, 0x30, 0xCA, 0x0F, 0xB9, 0x8E, 0x1C, 0xF8, 0xAE, 0x9C, 0x3C, 
	0xAD, 0x08, 0x46, 0x00, 0x00, 0x00, 0xB4, 0x20, 0x18, 0x4D, 0x97, 0x4D, 
	0xA0, 0x2E, 0xBB, 0xC2, 0xBA, 0x04, 0xA3, 0x26, 0x72, 0xD0, 0x4B, 0x39, 
	0x79, 0x5A, 0x11, 0x8C, 0x00, 0x00, 0x00, 0x68, 0x41, 0x30, 0x9A, 0x2E, 
	0x9B, 0x40, 0x5D, 0xB6, 0x85, 0x75, 0x09, 0x46, 0x4D, 0xE4, 0xA0, 0x97, 
	0x72, 0xF2, 0xB4, 0x22, 0x18, 0x01, 0x00, 0x00, 0xD0, 0x82, 0x60, 0x34, 
	0x5D, 0x36, 0x81, 0xBA, 0x6C, 0x0B, 0xEB, 0x12, 0x8C, 0x9A, 0xC8, 0x41, 
	0x2F, 0xE5, 0xE4, 0x69, 0x45, 0x30, 0x02, 0x00, 0x00, 0xA0, 0x05, 0xC1, 
	0x68, 0xBA, 0x6C, 0x02, 0x75, 0xD9, 0x16, 0xD6, 0x25, 0x18, 0x35, 0x91, 
	0x83, 0x5E, 0xCA, 0xC9, 0xD3, 0x8A, 0x60, 0x04, 0x00, 0x00, 0x40, 0x0B, 
	0x82, 0xD1, 0x74, 0xD9, 0x04, 0xEA, 0xB2, 0x2D, 0xAC, 0x4B, 0x30, 0x6A, 
	0x22, 0x07, 0xBD, 0x2B, 0x27, 0x4E, 0x4B, 0x82, 0x11, 0x00, 0x00, 0x00, 
	0x2D, 0x08, 0x46, 0xD3, 0x65, 0x17, 0xA8, 0xCB, 0xB6, 0xB0, 0xAE, 0x9B, 
	0x0B, 0x46, 0xF9, 0x01, 0xD7, 0x91, 0x83, 0xDE, 0x95, 0x13, 0xA7, 0x25, 
	0xC1, 0x08, 0x00, 0x00, 0x80, 0x16, 0x04, 0xA3, 0xE9, 0xB2, 0x0B, 0xD4, 
	0x65, 0x5B, 0x58, 0x97, 0x60, 0xB4, 0xB8, 0x1C, 0xF0, 0x52, 0x4E, 0x9C, 
	0x96, 0x04, 0x23, 0x00, 0x00, 0x00, 0x5A, 0x10, 0x8C, 0xA6, 0xCB, 0x2E, 
	0x50, 0x97, 0x7D, 0x61, 0x5D, 0x82, 0xD1, 0xE2, 0x72, 0xC0, 0x4B, 0x39, 
	0x71, 0x5A, 0x12, 0x8C, 0x00, 0x00, 0x00, 0x68, 0x41, 0x30, 0x9A, 0x2E, 
	0xBB, 0x40, 0x5D, 0xF6, 0x85, 0x75, 0x09, 0x46, 0x8B, 0xCB, 0x01, 0x2F, 
	0xE5, 0xC4, 0x69, 0x49, 0x30, 0x02, 0x00, 0x00, 0xA0, 0x05, 0xC1, 0x68, 
	0xBA, 0xEC, 0x02, 0x75, 0xD9, 0x17, 0xD6, 0x25, 0x18, 0x2D, 0x2E, 0x07, 
	0xBC, 0x94, 0x13, 0xA7, 0x25, 0xC1, 0x08, 0x00, 0x00, 0x80, 0x16, 0x04, 
	0xA3, 0xE9, 0xB2, 0x0B, 0xD4, 0x65, 0x5F, 0x58, 0x97, 0x60, 0xB4, 0xB8, 
	0x1C, 0xF0, 0xAE, 0x9C, 0x34, 0xAD, 0x09, 0x46, 0x00, 0x00, 0x00, 0xB4, 
	0x20, 0x18, 0x4D, 0x97, 0x6D, 0xA0, 0x2E, 0xFB, 0xC2, 0xBA, 0x04, 0xA3, 
	0xC5, 0xE5, 0x80, 0x77, 0xE5, 0xA4, 0x69, 0x4D, 0x30, 0x02, 0x00, 0x00, 
	0xA0, 0x05, 0xC1, 0x68, 0xBA, 0x6C, 0x03, 0x75, 0xD9, 0x17, 0xD6, 0x75, 
	0x53, 0xC1, 0x28, 0x3F, 0xDC, 0x3A, 0x72, 0xC0, 0xBB, 0x72, 0xD2, 0xB4, 
	0x26, 0x18, 0x01, 0x00, 0x00, 0xD0, 0x82, 0x60, 0x34, 0x5D, 0xB6, 0x81, 
	0xBA, 0xEC, 0x0B, 0xEB, 0x12, 0x8C, 0x16, 0x95, 0x83, 0x5D, 0xCA, 0x49, 
	0xD3, 0x9A, 0x60, 0x04, 0x00, 0x00, 0x40, 0x0B, 0x82, 0xD1, 0x74, 0xD9, 
	0x06, 0xEA, 0xB2, 0x31, 0xAC, 0x4B, 0x30, 0x5A, 0x54, 0x0E, 0x76, 0x29, 
	0x27, 0x4D, 0x6B, 0x82, 0x11, 0x00, 0x00, 0x00, 0x2D, 0x08, 0x46, 0xD3, 
	0x65, 0x1B, 0xA8, 0xCB, 0xC6, 0xB0, 0x2E, 0xC1, 0x68, 0x51, 0x39, 0xD8, 
	0xA5, 0x9C, 0x34, 0xAD, 0x09, 0x46, 0x00, 0x00, 0x00, 0xB4, 0x20, 0x18, 
	0x4D, 0x97, 0x6D, 0xA0, 0x2E, 0x1B, 0xC3, 0xBA, 0x04, 0xA3, 0x45, 0xE5, 
	0x60, 0x97, 0x72, 0xD2, 0xB4, 0x26, 0x18, 0x01, 0x00, 0x00, 0xD0, 0x82, 
	0x60, 0x34, 0x5D, 0xB6, 0x81, 0xBA, 0x6C, 0x0C, 0xEB, 0x12, 0x8C, 0x16, 
	0x95, 0x83, 0xDD, 0x95, 0x13, 0xE6, 0x29, 0x08, 0x46, 0x00, 0x00, 0x00, 
	0xB4, 0x20, 0x18, 0x4D, 0x97, 0x7D, 0xA0, 0x2E, 0x1B, 0xC3, 0xBA, 0x04, 
	0xA3, 0x45, 0xE5, 0x60, 0x77, 0xE5, 0x84, 0x79, 0x0A, 0x82, 0x11, 0x00, 
	0x00, 0x00, 0x2D, 0x08, 0x46, 0xD3, 0x65, 0x1F, 0xA8, 0xCB, 0xC6, 0xB0, 
	0xAE, 0x9B, 0x09, 0x46, 0xF9, 0xC1, 0xD6, 0x91, 0x83, 0xDD, 0x95, 0x13, 
	0xE6, 0x29, 0x08, 0x46, 0x00, 0x00, 0x00, 0xB4, 0x20, 0x18, 0x4D, 0x97, 
	0x7D, 0xA0, 0x2E, 0x1B, 0xC3, 0xBA, 0x04, 0xA3, 0xC5, 0xE4, 0x40, 0x97, 
	0x72, 0xC2, 0x3C, 0x05, 0xC1, 0x08, 0x00, 0x00, 0x80, 0x16, 0x04, 0xA3, 
	0xE9, 0xB2, 0x0F, 0xD4, 0x65, 0x67, 0x58, 0x97, 0x60, 0xB4, 0x98, 0x1C, 
	0xE8, 0x52, 0x4E, 0x98, 0xA7, 0x20, 0x18, 0x01, 0x00, 0x00, 0xD0, 0x82, 
	0x60, 0x34, 0x5D, 0xF6, 0x81, 0xBA, 0xEC, 0x0C, 0xEB, 0x12, 0x8C, 0x16, 
	0x93, 0x03, 0x5D, 0xCA, 0x09, 0xF3, 0x14, 0x04, 0x23, 0x00, 0x00, 0x00, 
	0x5A, 0x10, 0x8C, 0xA6, 0xCB, 0x3E, 0x50, 0x97, 0x9D, 0x61, 0x5D, 0x82, 
	0xD1, 0x62, 0x72, 0xA0, 0x4B, 0x39, 0x61, 0x9E, 0x82, 0x60, 0x04, 0x00, 
	0x00, 0x40, 0x0B, 0x82, 0xD1, 0x74, 0xD9, 0x07, 0xEA, 0xB2, 0x33, 0xAC, 
	0x4B, 0x30, 0x5A, 0x4C, 0x0E, 0x74, 0x57, 0x4E, 0x96, 0xA7, 0x22, 0x18, 
	0x01, 0x00, 0x00, 0xD0, 0x82, 0x60, 0x34, 0x5D, 0x36, 0x82, 0xBA, 0xEC, 
	0x0C, 0xEB, 0x12, 0x8C, 0x16, 0x93, 0x03, 0xDD, 0x95, 0x93, 0xE5, 0xA9, 
	0x08, 0x46, 0x00, 0x00, 0x00, 0xB4, 0x20, 0x18, 0x4D, 0x97, 0x8D, 0xA0, 
	0x2E, 0x3B, 0xC3, 0xBA, 0x6E, 0x22, 0x18, 0xE5, 0x87, 0x5A, 0x47, 0x0E, 
	0x74, 0x57, 0x4E, 0x96, 0xA7, 0x22, 0x18, 0x01, 0x00, 0x00, 0xD0, 0x82, 
	0x60, 0x34, 0x5D, 0x36, 0x82, 0xBA, 0xEC, 0x0C, 0xEB, 0x12, 0x8C, 0x16, 
	0x91, 0x83, 0x5C, 0xCA, 0xC9, 0xF2, 0x54, 0x04, 0x23, 0x00, 0x00, 0x00, 
	0x5A, 0x10, 0x8C, 0xA6, 0xCB, 0x46, 0x50, 0x97, 0xAD, 0x61, 0x5D, 0x82, 
	0xD1, 0x22, 0x72, 0x90, 0x4B, 0x39, 0x59, 0x9E, 0x8A, 0x60, 0x04, 0x00, 
	0x00, 0x40, 0x0B, 0x82, 0xD1, 0x74, 0xD9, 0x08, 0xEA, 0xB2, 0x35, 0xAC, 
	0x4B, 0x30, 0x5A, 0x44, 0x0E, 0x72, 0x29, 0x27, 0xCB, 0x53, 0x11, 0x8C, 
	0x00, 0x00, 0x00, 0x68, 0x41, 0x30, 0x9A, 0x2E, 0x1B, 0x41, 0x5D, 0xB6, 
	0x86, 0x75, 0x09, 0x46, 0x8B, 0xC8, 0x41, 0x2E, 0xE5, 0x64, 0x79, 0x2A, 
	0x82, 0x11, 0x00, 0x00, 0x00, 0x2D, 0x08, 0x46, 0xD3, 0x65, 0x23, 0xA8, 
	0xCB, 0xD6, 0xB0, 0x2E, 0xC1, 0x68, 0x11, 0x39, 0xC8, 0x5D, 0x39, 0x51, 
	0x9E, 0x92, 0x60, 0x04, 0x00, 0x00, 0x40, 0x0B, 0x82, 0xD1, 0x74, 0xD9, 
	0x09, 0xEA, 0xB2, 0x35, 0xAC, 0xEB, 0xEA, 0x83, 0x51, 0x7E, 0xA0, 0x75, 
	0xE4, 0x20, 0x77, 0xE5, 0x44, 0x79, 0x4A, 0x82, 0x11, 0x00, 0x00, 0x00, 
	0x2D, 0x08, 0x46, 0xD3, 0x65, 0x27, 0xA8, 0xCB, 0xD6, 0xB0, 0x2E, 0xC1, 
	0xE8, 0x62, 0x39, 0xC0, 0xA5, 0x9C, 0x28, 0x4F, 0x49, 0x30, 0x02, 0x00, 
	0x00, 0xA0, 0x05, 0xC1, 0x68, 0xBA, 0xEC, 0x04, 0x75, 0xD9, 0x1B, 0xD6, 
	0x25, 0x18, 0x5D, 0x2C, 0x07, 0xB8, 0x94, 0x13, 0xE5, 0x29, 0x09, 0x46, 
	0x00, 0x00, 0x00, 0xB4, 0x20, 0x18, 0x4D, 0x97, 0x9D, 0xA0, 0x2E, 0x7B, 
	0xC3, 0xBA, 0x04, 0xA3, 0x8B, 0xE5, 0x00, 0x97, 0x72, 0xA2, 0x3C, 0x25, 
	0xC1, 0x08, 0x00, 0x00, 0x80, 0x16, 0x04, 0xA3, 0xE9, 0xB2, 0x13, 0xD4, 
	0x65, 0x6F, 0x58, 0x97, 0x60, 0x74, 0xB1, 0x1C, 0xE0, 0x52, 0x4E, 0x94, 
	0xA7, 0x24, 0x18, 0x01, 0x00, 0x00, 0xD0, 0x82, 0x60, 0x34, 0x5D, 0x76, 
	0x82, 0xBA, 0xEC, 0x0D, 0xEB, 0x12, 0x8C, 0x2E, 0x96, 0x03, 0xDC, 0x95, 
	0x93, 0xE4, 0xA9, 0x09, 0x46, 0x00, 0x00, 0x00, 0xB4, 0x20, 0x18, 0x4D, 
	0x97, 0xAD, 0xA0, 0x2E, 0x7B, 0xC3, 0xBA, 0x04, 0xA3, 0x8B, 0xE5, 0x00, 
	0x77, 0xE5, 0x24, 0x79, 0x6A, 0x82, 0x11, 0x00, 0x00, 0x00, 0x2D, 0x08, 
	0x46, 0xD3, 0x65, 0x2B, 0xA8, 0xCB, 0xDE, 0xB0, 0xAE, 0xAB, 0x0E, 0x46, 
	0xF9, 0x61, 0xD6, 0x91, 0x03, 0xDC, 0x95, 0x93, 0xE4, 0xA9, 0x09, 0x46, 
	0x00, 0x00, 0x00, 0xB4, 0x20, 0x18, 0x4D, 0x97, 0xAD, 0xA0, 0x2E, 0x7B, 
	0xC3, 0xBA, 0x04, 0xA3, 0x8B, 0xE4, 0xE0, 0x96, 0x72, 0x92, 0x3C, 0x35, 
	0xC1, 0x08, 0x00, 0x00, 0x80, 0x16, 0x04, 0xA3, 0xE9, 0xB2, 0x15, 0xD4, 
	0x65, 0x73, 0x58, 0x97, 0x60, 0x74, 0x91, 0x1C, 0xDC, 0x52, 0x4E, 0x92, 
	0xA7, 0x26, 0x18, 0x01, 0x00, 0x00, 0xD0, 0x82, 0x60, 0x34, 0x5D, 0xB6, 
	0x82, 0xBA, 0x6C, 0x0E, 0xEB, 0x12, 0x8C, 0x2E, 0x92, 0x83, 0x5B, 0xCA, 
	0x49, 0xF2, 0xD4, 0x04, 0x23, 0x00, 0x00, 0x00, 0x5A, 0x10, 0x8C, 0xA6, 
	0xCB, 0x56, 0x50, 0x97, 0xCD, 0x61, 0x5D, 0x82, 0xD1, 0x45, 0x72, 0x70, 
	0x4B, 0x39, 0x49, 0x9E, 0x9A, 0x60, 0x04, 0x00, 0x00, 0x40, 0x0B, 0x82, 
	0xD1, 0x74, 0xD9, 0x0A, 0xEA, 0xB2, 0x39, 0xAC, 0x4B, 0x30, 0xBA, 0x48, 
	0x0E, 0x6E, 0x57, 0x4E, 0x90, 0x35, 0x08, 0x46, 0x00, 0x00, 0x00, 0xB4, 
	0x20, 0x18, 0x4D, 0x97, 0xBD, 0xA0, 0x2E, 0x9B, 0xC3, 0xBA, 0x04, 0xA3, 
	0x8B, 0xE4, 0xE0, 0x76, 0xE5, 0x04, 0x59, 0x83, 0x60, 0x04, 0x00, 0x00, 
	0x40, 0x0B, 0x82, 0xD1, 0x74, 0xD9, 0x0B, 0xEA, 0xB2, 0x39, 0xAC, 0xEB, 
	0x6A, 0x83, 0x51, 0x7E, 0x90, 0x75, 0xE4, 0xE0, 0x76, 0xE5, 0x04, 0x59, 
	0x83, 0x60, 0x04, 0x00, 0x00, 0x40, 0x0B, 0x82, 0xD1, 0x74, 0xD9, 0x0B, 
	0xEA, 0xB2, 0x39, 0xAC, 0x4B, 0x30, 0x3A, 0x5B, 0x0E, 0x6C, 0x29, 0x27, 
	0xC8, 0x1A, 0x04, 0x23, 0x00, 0x00, 0x00, 0x5A, 0x10, 0x8C, 0xA6, 0xCB, 
	0x5E, 0x50, 0x97, 0xDD, 0x61, 0x5D, 0x82, 0xD1, 0xD9, 0x72, 0x60, 0x4B, 
	0x39, 0x41, 0xD6, 0x20, 0x18, 0x01, 0x00, 0x00, 0xD0, 0x82, 0x60, 0x34, 
	0x5D, 0xF6, 0x82, 0xBA, 0xEC, 0x0E, 0xEB, 0x12, 0x8C, 0xCE, 0x96, 0x03, 
	0x5B, 0xCA, 0x09, 0xB2, 0x06, 0xC1, 0x08, 0x00, 0x00, 0x80, 0x16, 0x04, 
	0xA3, 0xE9, 0xB2, 0x17, 0xD4, 0x65, 0x77, 0x58, 0x97, 0x60, 0x74, 0xB6, 
	0x1C, 0xD8, 0x52, 0x4E, 0x90, 0x35, 0x08, 0x46, 0x00, 0x00, 0x00, 0xB4, 
	0x20, 0x18, 0x4D, 0x97, 0xBD, 0xA0, 0x2E, 0xBB, 0xC3, 0xBA, 0x04, 0xA3, 
	0xB3, 0xE5, 0xC0, 0x76, 0xE5, 0xE4, 0x58, 0x8B, 0x60, 0x04, 0x00, 0x00, 
	0x40, 0x0B, 0x82, 0xD1, 0x74, 0xD9, 0x0C, 0xEA, 0xB2, 0x3B, 0xAC, 0x4B, 
	0x30, 0x3A, 0x5B, 0x0E, 0x6C, 0x57, 0x4E, 0x8E, 0xB5, 0x08, 0x46, 0x00, 
	0x00, 0x00, 0xB4, 0x20, 0x18, 0x4D, 0x97, 0xCD, 0xA0, 0x2E, 0xBB, 0xC3, 
	0xBA, 0xAE, 0x32, 0x18, 0xE5, 0x87, 0x58, 0x47, 0x0E, 0x6C, 0x57, 0x4E, 
	0x8E, 0xB5, 0x08, 0x46, 0x00, 0x00, 0x00, 0xB4, 0x20, 0x18, 0x4D, 0x97, 
	0xCD, 0xA0, 0x2E, 0xBB, 0xC3, 0xBA, 0x04, 0xA3, 0xB3, 0xE4, 0xA0, 0x96, 
	0x72, 0x72, 0xAC, 0x45, 0x30, 0x02, 0x00, 0x00, 0xA0, 0x05, 0xC1, 0x68, 
	0xBA, 0x6C, 0x06, 0x75, 0xD9, 0x1E, 0xD6, 0x25, 0x18, 0x9D, 0x25, 0x07, 
	0xB5, 0x94, 0x93, 0x63, 0x2D, 0x82, 0x11, 0x00, 0x00, 0x00, 0x2D, 0x08, 
	0x46, 0xD3, 0x65, 0x33, 0xA8, 0xCB, 0xF6, 0xB0, 0x2E, 0xC1, 0xE8, 0x2C, 
	0x39, 0xA8, 0xA5, 0x9C, 0x1C, 0x6B, 0x11, 0x8C, 0x00, 0x00, 0x00, 0x68, 
	0x41, 0x30, 0x9A, 0x2E, 0x9B, 0x41, 0x5D, 0xB6, 0x87, 0x75, 0x09, 0x46, 
	0x67, 0xC9, 0x41, 0x2D, 0xE5, 0xE4, 0x58, 0x8B, 0x60, 0x04, 0x00, 0x00, 
	0x40, 0x0B, 0x82, 0xD1, 0x74, 0xD9, 0x0C, 0xEA, 0xB2, 0x3D, 0xAC, 0x4B, 
	0x30, 0x3A, 0x4B, 0x0E, 0x6A, 0x57, 0x4E, 0x8C, 0x35, 0x09, 0x46, 0x00, 
	0x00, 0x00, 0xB4, 0x20, 0x18, 0x4D, 0x97, 0xDD, 0xA0, 0x2E, 0xDB, 0xC3, 
	0xBA, 0xAE, 0x2E, 0x18, 0xE5, 0x07, 0x58, 0x47, 0x0E, 0x6A, 0x57, 0x4E, 
	0x8C, 0x35, 0x09, 0x46, 0x00, 0x00, 0x00, 0xB4, 0x20, 0x18, 0x4D, 0x97, 
	0xDD, 0xA0, 0x2E, 0xDB, 0xC3, 0xBA, 0x04, 0xA3, 0xD9, 0x72, 0x40, 0x4B, 
	0x39, 0x31, 0xD6, 0x24, 0x18, 0x01, 0x00, 0x00, 0xD0, 0x82, 0x60, 0x34, 
	0x5D, 0x76, 0x83, 0xBA, 0xEC, 0x0F, 0xEB, 0x12, 0x8C, 0x66, 0xCB, 0x01, 
	0x2D, 0xE5, 0xC4, 0x58, 0x93, 0x60, 0x04, 0x00, 0x00, 0x40, 0x0B, 0x82, 
	0xD1, 0x74, 0xD9, 0x0D, 0xEA, 0xB2, 0x3F, 0xAC, 0x4B, 0x30, 0x9A, 0x2D, 
	0x07, 0xB4, 0x94, 0x13, 0x63, 0x4D, 0x82, 0x11, 0x00, 0x00, 0x00, 0x2D, 
	0x08, 0x46, 0xD3, 0x65, 0x37, 0xA8, 0xCB, 0xFE, 0xB0, 0x2E, 0xC1, 0x68, 
	0xB6, 0x1C, 0xD0, 0x52, 0x4E, 0x8C, 0x35, 0x09, 0x46, 0x00, 0x00, 0x00, 
	0xB4, 0x20, 0x18, 0x4D, 0x97, 0xDD, 0xA0, 0x2E, 0xFB, 0xC3, 0xBA, 0x04, 
	0xA3, 0xD9, 0x72, 0x40, 0xBB, 0x72, 0x52, 0xAC, 0x4D, 0x30, 0x02, 0x00, 
	0x00, 0xA0, 0x05, 0xC1, 0x68, 0xBA, 0x6C, 0x07, 0x75, 0xD9, 0x1F, 0xD6, 
	0x25, 0x18, 0xCD, 0x96, 0x03, 0xDA, 0x95, 0x93, 0x62, 0x6D, 0x82, 0x11, 
	0x00, 0x00, 0x00, 0x2D, 0x08, 0x46, 0xD3, 0x65, 0x3B, 0xA8, 0xCB, 0xFE, 
	0xB0, 0xAE, 0xAB, 0x0A, 0x46, 0xF9, 0xE6, 0xD7, 0x91, 0x03, 0xDA, 0x95, 
	0x93, 0x62, 0x6D, 0x82, 0x11, 0x00, 0x00, 0x00, 0x2D, 0x08, 0x46, 0xD3, 
	0x65, 0x3B, 0xA8, 0xCB, 0xFE, 0xB0, 0x2E, 0xC1, 0x68, 0x96, 0x1C, 0xCC, 
	0x52, 0x4E, 0x8A, 0xB5, 0x09, 0x46, 0x00, 0x00, 0x00, 0xB4, 0x20, 0x18, 
	0x4D, 0x97, 0xED, 0xA0, 0x2E, 0x1B, 0xC4, 0xBA, 0x04, 0xA3, 0x59, 0x72, 
	0x30, 0x4B, 0x39, 0x29, 0xD6, 0x26, 0x18, 0x01, 0x00, 0x00, 0xD0, 0x82, 
	0x60, 0x34, 0x5D, 0xB6, 0x83, 0xBA, 0x6C, 0x10, 0xEB, 0x12, 0x8C, 0x66, 
	0xC9, 0xC1, 0x2C, 0xE5, 0xA4, 0x58, 0x9B, 0x60, 0x04, 0x00, 0x00, 0x40, 
	0x0B, 0x82, 0xD1, 0x74, 0xD9, 0x0E, 0xEA, 0xB2, 0x41, 0xAC, 0x4B, 0x30, 
	0x9A, 0x25, 0x07, 0xB3, 0x94, 0x93, 0x62, 0x6D, 0x82, 0x11, 0x00, 0x00, 
	0x00, 0x2D, 0x08, 0x46, 0xD3, 0x65, 0x3B, 0xA8, 0xCB, 0x06, 0xB1, 0x2E, 
	0xC1, 0x68, 0x96, 0x1C, 0xCC, 0xAE, 0x9C, 0x10, 0x5B, 0x20, 0x18, 0x01, 
	0x00, 0x00, 0xD0, 0x82, 0x60, 0x34, 0x5D, 0xF6, 0x83, 0xBA, 0x6C, 0x10, 
	0xEB, 0x12, 0x8C, 0x66, 0xC9, 0xC1, 0xEC, 0xCA, 0x09, 0xB1, 0x05, 0x82, 
	0x11, 0x00, 0x00, 0x00, 0x2D, 0x08, 0x46, 0xD3, 0x65, 0x3F, 0xA8, 0xCB, 
	0x06, 0xB1, 0xAE, 0xAB, 0x09, 0x46, 0xF9, 0xC6, 0xD7, 0x91, 0x83, 0xD9, 
	0x95, 0x13, 0x62, 0x0B, 0x04, 0x23, 0x00, 0x00, 0x00, 0x5A, 0x10, 0x8C, 
	0xA6, 0xCB, 0x7E, 0x50, 0x97, 0x0D, 0x62, 0x5D, 0x82, 0xD1, 0x64, 0x39, 
	0x90, 0xA5, 0x9C, 0x10, 0x5B, 0x20, 0x18, 0x01, 0x00, 0x00, 0xD0, 0x82, 
	0x60, 0x34, 0x5D, 0xF6, 0x83, 0xBA, 0xEC, 0x10, 0xEB, 0x12, 0x8C, 0x26, 
	0xCB, 0x81, 0x2C, 0xE5, 0x84, 0xD8, 0x02, 0xC1, 0x08, 0x00, 0x00, 0x80, 
	0x16, 0x04, 0xA3, 0xE9, 0xB2, 0x1F, 0xD4, 0x65, 0x87, 0x58, 0x97, 0x60, 
	0x34, 0x59, 0x0E, 0x64, 0x29, 0x27, 0xC4, 0x16, 0x08, 0x46, 0x00, 0x00, 
	0x00, 0xB4, 0x20, 0x18, 0x4D, 0x97, 0xFD, 0xA0, 0x2E, 0x3B, 0xC4, 0xBA, 
	0x04, 0xA3, 0xC9, 0x72, 0x20, 0x4B, 0x39, 0x21, 0xB6, 0x40, 0x30, 0x02, 
	0x00, 0x00, 0xA0, 0x05, 0xC1, 0x68, 0xBA, 0xEC, 0x07, 0x75, 0xD9, 0x21, 
	0xD6, 0x25, 0x18, 0x4D, 0x96, 0x03, 0xD9, 0x95, 0x93, 0x61, 0x2B, 0x04, 
	0x23, 0x00, 0x00, 0x00, 0x5A, 0x10, 0x8C, 0xA6, 0xCB, 0x86, 0x50, 0x97, 
	0x1D, 0x62, 0x5D, 0x82, 0xD1, 0x64, 0x39, 0x90, 0x5D, 0x39, 0x19, 0xB6, 
	0x42, 0x30, 0x02, 0x00, 0x00, 0xA0, 0x05, 0xC1, 0x68, 0xBA, 0x6C, 0x08, 
	0x75, 0xD9, 0x21, 0xD6, 0x75, 0x15, 0xC1, 0x28, 0xDF, 0xF4, 0x3A, 0x72, 
	0x20, 0xBB, 0x72, 0x32, 0x6C, 0x85, 0x60, 0x04, 0x00, 0x00, 0x40, 0x0B, 
	0x82, 0xD1, 0x74, 0xD9, 0x10, 0xEA, 0xB2, 0x43, 0xAC, 0x4B, 0x30, 0x9A, 
	0x24, 0x07, 0xB1, 0x94, 0x93, 0x61, 0x2B, 0x04, 0x23, 0x00, 0x00, 0x00, 
	0x5A, 0x10, 0x8C, 0xA6, 0xCB, 0x86, 0x50, 0x97, 0x2D, 0x62, 0x5D, 0x82, 
	0xD1, 0x24, 0x39, 0x88, 0xA5, 0x9C, 0x0C, 0x5B, 0x21, 0x18, 0x01, 0x00, 
	0x00, 0xD0, 0x82, 0x60, 0x34, 0x5D, 0x36, 0x84, 0xBA, 0x6C, 0x11, 0xEB, 
	0x12, 0x8C, 0x26, 0xC9, 0x41, 0x2C, 0xE5, 0x64, 0xD8, 0x0A, 0xC1, 0x08, 
	0x00, 0x00, 0x80, 0x16, 0x04, 0xA3, 0xE9, 0xB2, 0x21, 0xD4, 0x65, 0x8B, 
	0x58, 0x97, 0x60, 0x34, 0x49, 0x0E, 0x62, 0x29, 0x27, 0xC3, 0x56, 0x08, 
	0x46, 0x00, 0x00, 0x00, 0xB4, 0x20, 0x18, 0x4D, 0x97, 0x0D, 0xA1, 0x2E, 
	0x5B, 0xC4, 0xBA, 0x04, 0xA3, 0x49, 0x72, 0x10, 0xBB, 0x72, 0x22, 0x6C, 
	0x89, 0x60, 0x04, 0x00, 0x00, 0x40, 0x0B, 0x82, 0xD1, 0x74, 0xD9, 0x11, 
	0xEA, 0xB2, 0x45, 0xAC, 0x6B, 0xF3, 0xC1, 0x28, 0xDF, 0xF0, 0x3A, 0x72, 
	0x10, 0xBB, 0x72, 0x22, 0x6C, 0x89, 0x60, 0x04, 0x00, 0x00, 0x40, 0x0B, 
	0x82, 0xD1, 0x74, 0xD9, 0x11, 0xEA, 0xB2, 0x45, 0xAC, 0x4B, 0x30, 0x1A, 
	0x95, 0x03, 0x58, 0xCA, 0x89, 0xB0, 0x25, 0x82, 0x11, 0x00, 0x00, 0x00, 
	0x2D, 0x08, 0x46, 0xD3, 0x65, 0x47, 0xA8, 0xCB, 0x1E, 0xB1, 0x2E, 0xC1, 
	0x68, 0x54, 0x0E, 0x60, 0x29, 0x27, 0xC2, 0x96, 0x08, 0x46, 0x00, 0x00, 
	0x00, 0xB4, 0x20, 0x18, 0x4D, 0x97, 0x1D, 0xA1, 0x2E, 0x7B, 0xC4, 0xBA, 
	0x04, 0xA3, 0x51, 0x39, 0x80, 0xA5, 0x9C, 0x08, 0x5B, 0x22, 0x18, 0x01, 
	0x00, 0x00, 0xD0, 0x82, 0x60, 0x34, 0x5D, 0x76, 0x84, 0xBA, 0xEC, 0x11, 
	0xEB, 0x12, 0x8C, 0x46, 0xE5, 0x00, 0x96, 0x72, 0x22, 0x6C, 0x89, 0x60, 
	0x04, 0x00, 0x00, 0x40, 0x0B, 0x82, 0xD1, 0x74, 0xD9, 0x11, 0xEA, 0xB2, 
	0x47, 0xAC, 0x4B, 0x30, 0x1A, 0x95, 0x03, 0xD8, 0x95, 0x93, 0x60, 0x6B, 
	0x04, 0x23, 0x00, 0x00, 0x00, 0x5A, 0x10, 0x8C, 0xA6, 0xCB, 0x96, 0x50, 
	0x97, 0x3D, 0x62, 0x5D, 0x82, 0xD1, 0xA8, 0x1C, 0xC0, 0xAE, 0x9C, 0x04, 
	0x5B, 0x23, 0x18, 0x01, 0x00, 0x00, 0xD0, 0x82, 0x60, 0x34, 0x5D, 0xB6, 
	0x84, 0xBA, 0xEC, 0x11, 0xEB, 0xDA, 0x74, 0x30, 0xCA, 0x37, 0xBB, 0x8E, 
	0x1C, 0xC0, 0xAE, 0x9C, 0x04, 0x5B, 0x23, 0x18, 0x01, 0x00, 0x00, 0xD0, 
	0x82, 0x60, 0x34, 0x5D, 0xB6, 0x84, 0xBA, 0xEC, 0x11, 0xEB, 0x12, 0x8C, 
	0x06, 0xE5, 0xE0, 0x95, 0x72, 0x12, 0x6C, 0x8D, 0x60, 0x04, 0x00, 0x00, 
	0x40, 0x0B, 0x82, 0xD1, 0x74, 0xD9, 0x12, 0xEA, 0xB2, 0x49, 0xAC, 0x4B, 
	0x30, 0x1A, 0x94, 0x83, 0x57, 0xCA, 0x49, 0xB0, 0x35, 0x82, 0x11, 0x00, 
	0x00, 0x00, 0x2D, 0x08, 0x46, 0xD3, 0x65, 0x4B, 0xA8, 0xCB, 0x26, 0xB1, 
	0x2E, 0xC1, 0x68, 0x50, 0x0E, 0x5E, 0x29, 0x27, 0xC1, 0xD6, 0x08, 0x46, 
	0x00, 0x00, 0x00, 0xB4, 0x20, 0x18, 0x4D, 0x97, 0x2D, 0xA1, 0x2E, 0x9B, 
	0xC4, 0xBA, 0x04, 0xA3, 0x41, 0x39, 0x78, 0xA5, 0x9C, 0x04, 0x5B, 0x23, 
	0x18, 0x01, 0x00, 0x00, 0xD0, 0x82, 0x60, 0x34, 0x5D, 0xB6, 0x84, 0xBA, 
	0x6C, 0x12, 0xEB, 0x12, 0x8C, 0x06, 0xE5, 0xE0, 0x75, 0xE5, 0x04, 0xD8, 
	0x22, 0xC1, 0x08, 0x00, 0x00, 0x80, 0x16, 0x04, 0xA3, 0xE9, 0xB2, 0x27, 
	0xD4, 0x65, 0x93, 0x58, 0x97, 0x60, 0x34, 0x28, 0x07, 0xAF, 0x2B, 0x27, 
	0xC0, 0x16, 0x09, 0x46, 0x00, 0x00, 0x00, 0xB4, 0x20, 0x18, 0x4D, 0x97, 
	0x3D, 0xA1, 0x2E, 0x9B, 0xC4, 0xBA, 0x36, 0x1B, 0x8C, 0xF2, 0x8D, 0xAE, 
	0x23, 0x07, 0xAF, 0x2B, 0x27, 0xC0, 0x16, 0x09, 0x46, 0x00, 0x00, 0x00, 
	0xB4, 0x20, 0x18, 0x4D, 0x97, 0x3D, 0xA1, 0x2E, 0x9B, 0xC4, 0xBA, 0x04, 
	0xA3, 0x5E, 0x39, 0x70, 0xA5, 0x9C, 0x00, 0x5B, 0x24, 0x18, 0x01, 0x00, 
	0x00, 0xD0, 0x82, 0x60, 0x34, 0x5D, 0xF6, 0x84, 0xBA, 0xEC, 0x12, 0xEB, 
	0x12, 0x8C, 0x7A, 0xE5, 0xC0, 0x95, 0x72, 0x02, 0x6C, 0x91, 0x60, 0x04, 
	0x00, 0x00, 0x40, 0x0B, 0x82, 0xD1, 0x74, 0xD9, 0x13, 0xEA, 0xB2, 0x4B, 
	0xAC, 0x4B, 0x30, 0xEA, 0x95, 0x03, 0x57, 0xCA, 0x09, 0xB0, 0x45, 0x82, 
	0x11, 0x00, 0x00, 0x00, 0x2D, 0x08, 0x46, 0xD3, 0x65, 0x4F, 0xA8, 0xCB, 
	0x2E, 0xB1, 0xAE, 0x17, 0xAF, 0x5F, 0xBF, 0xBD, 0x7B, 0xF9, 0xF2, 0xF5, 
	0xE6, 0xFC, 0xEF, 0xFF, 0xFB, 0xBF, 0x79, 0xF0, 0x27, 0x1D, 0xF9, 0x01, 
	0x9E, 0xA7, 0x9C, 0x54, 0xFD, 0x3E, 0xFB, 0xEC, 0x8B, 0xE2, 0x67, 0x0B, 
	0x00, 0x00, 0x00, 0x97, 0xDA, 0x9D, 0x6F, 0x66, 0x18, 0x69, 0x21, 0xCF, 
	0x73, 0xE7, 0xC9, 0xF3, 0x69, 0x4E, 0x65, 0x73, 0xD9, 0xDB, 0xF7, 0x18, 
	0xC1, 0xE8, 0x2A, 0xE5, 0x17, 0xA0, 0x9F, 0x60, 0x04, 0x00, 0x00, 0x40, 
	0x0B, 0x82, 0xD1, 0xF5, 0xCB, 0xE6, 0x22, 0x18, 0x5D, 0xB5, 0x9C, 0xFC, 
	0xC3, 0x04, 0x23, 0x00, 0x00, 0x00, 0x5A, 0x10, 0x8C, 0xAE, 0x5F, 0x36, 
	0x97, 0xCD, 0x07, 0xA3, 0x63, 0x2C, 0x12, 0x8C, 0x4A, 0x39, 0xF9, 0x87, 
	0x09, 0x46, 0x00, 0x00, 0x00, 0xB4, 0x20, 0x18, 0x5D, 0xBF, 0x6C, 0x2E, 
	0x57, 0x14, 0x8C, 0xF2, 0x4D, 0x97, 0x1F, 0xEE, 0xF9, 0xC9, 0xC9, 0x3F, 
	0x4C, 0x30, 0x02, 0x00, 0x00, 0xA0, 0x05, 0xC1, 0xE8, 0xFA, 0x65, 0x73, 
	0xB9, 0xDA, 0x60, 0x94, 0x1F, 0xEC, 0x79, 0xCA, 0xC9, 0x3F, 0x4C, 0x30, 
	0x02, 0x00, 0x00, 0xA0, 0x05, 0xC1, 0xE8, 0xFA, 0x65, 0x77, 0x11, 0x8C, 
	0xAE, 0x5A, 0x4E, 0xFE, 0x61, 0x82, 0x11, 0x00, 0x00, 0x00, 0x2D, 0x08, 
	0x46, 0xD7, 0x2F, 0xBB, 0x8B, 0x60, 0x74, 0xD5, 0x72, 0xF2, 0x0F, 0x13, 
	0x8C, 0x00, 0x00, 0x00, 0x68, 0x41, 0x30, 0xBA, 0x7E, 0xD9, 0x5D, 0x04, 
	0xA3, 0xAB, 0x95, 0x13, 0x7F, 0x9C, 0x60, 0x04, 0x00, 0x00, 0x40, 0x0B, 
	0x82, 0xD1, 0xF5, 0xCB, 0xEE, 0xB2, 0xE9, 0x60, 0x74, 0x8C, 0x45, 0x82, 
	0x51, 0x29, 0x27, 0xFE, 0x38, 0xC1, 0x08, 0x00, 0x00, 0x80, 0x16, 0x04, 
	0xA3, 0xEB, 0x97, 0xDD, 0x45, 0x30, 0xBA, 0x5A, 0x39, 0xF1, 0xC7, 0x09, 
	0x46, 0x00, 0x00, 0x00, 0xB4, 0x20, 0x18, 0x5D, 0xBF, 0xEC, 0x2E, 0x57, 
	0x12, 0x8C, 0xF2, 0x0D, 0x97, 0x1F, 0xEC, 0xF9, 0xC9, 0x89, 0x3F, 0x4E, 
	0x30, 0x02, 0x00, 0x00, 0xA0, 0x05, 0xC1, 0xE8, 0xFA, 0x65, 0x77, 0xB9, 
	0xCA, 0x60, 0x94, 0x1F, 0xEA, 0x79, 0xCA, 0x89, 0x3F, 0x4E, 0x30, 0x02, 
	0x00, 0x00, 0xA0, 0x05, 0xC1, 0xE8, 0xFA, 0x65, 0x7B, 0x11, 0x8C, 0xAE, 
	0x56, 0x4E, 0xFC, 0x71, 0x82, 0x11, 0x00, 0x00, 0x00, 0x2D, 0x08, 0x46, 
	0xD7, 0x2F, 0xDB, 0x8B, 0x60, 0x74, 0xB5, 0x72, 0xE2, 0x8F, 0x13, 0x8C, 
	0x00, 0x00, 0x00, 0x68, 0x41, 0x30, 0xBA, 0x7E, 0xD9, 0x5E, 0x04, 0xA3, 
	0xAB, 0x94, 0x93, 0x7E, 0xDC, 0xEE, 0x8B, 0x25, 0x18, 0x01, 0x00, 0x00, 
	0xD0, 0x82, 0x60, 0x74, 0xFD, 0xB2, 0xBD, 0x6C, 0x36, 0x18, 0x1D, 0x63, 
	0x91, 0x60, 0x54, 0xCA, 0x49, 0x3F, 0x6E, 0xF7, 0xC5, 0x12, 0x8C, 0x00, 
	0x00, 0x00, 0x68, 0x41, 0x30, 0xBA, 0x7E, 0xD9, 0x5E, 0x04, 0xA3, 0xAB, 
	0x94, 0x93, 0x7E, 0xDC, 0xEE, 0x8B, 0x25, 0x18, 0x01, 0x00, 0x00, 0xD0, 
	0x82, 0x60, 0x74, 0xFD, 0xB2, 0xBD, 0x5C, 0x41, 0x30, 0xCA, 0x37, 0x5B, 
	0x7E, 0xA8, 0xE7, 0x27, 0x27, 0xFD, 0xB8, 0xDD, 0x17, 0x4B, 0x30, 0x02, 
	0x00, 0x00, 0xA0, 0x05, 0xC1, 0xE8, 0xFA, 0x65, 0x7B, 0xB9, 0xBA, 0x60, 
	0x94, 0x1F, 0xE8, 0x79, 0xCA, 0x49, 0x3F, 0x6E, 0xF7, 0xC5, 0x12, 0x8C, 
	0x00, 0x00, 0x00, 0x68, 0x41, 0x30, 0xBA, 0x7E, 0xD9, 0x5F, 0x04, 0xA3, 
	0xAB, 0x94, 0x93, 0x7E, 0xDC, 0xEE, 0x8B, 0x25, 0x18, 0x01, 0x00, 0x00, 
	0xD0, 0x82, 0x60, 0x74, 0xFD, 0xB2, 0xBF, 0x08, 0x46, 0x57, 0x29, 0x27, 
	0xFD, 0xB8, 0xDD, 0x17, 0x4B, 0x30, 0x02, 0x00, 0x00, 0xA0, 0x05, 0xC1, 
	0xE8, 0xFA, 0x65, 0x7F, 0x11, 0x8C, 0xAE, 0x4E, 0x4E, 0xF8, 0x71, 0x87, 
	0x2F, 0x96, 0x60, 0x04, 0x00, 0x00, 0x40, 0x0B, 0x82, 0xD1, 0xF5, 0xCB, 
	0xFE, 0xB2, 0xC9, 0x60, 0x74, 0x8C, 0x45, 0x82, 0x51, 0x29, 0x27, 0xFC, 
	0xB8, 0xC3, 0x17, 0x4B, 0x30, 0x02, 0x00, 0x00, 0xA0, 0x05, 0xC1, 0xE8, 
	0xFA, 0x65, 0x7F, 0xD9, 0x78, 0x30, 0xCA, 0x37, 0x5A, 0x7E, 0xA0, 0xE7, 
	0x27, 0x27, 0xFC, 0xB8, 0xC3, 0x17, 0x4B, 0x30, 0x02, 0x00, 0x00, 0xA0, 
	0x05, 0xC1, 0xE8, 0xFA, 0x65, 0x7F, 0x11, 0x8C, 0xAE, 0x4E, 0x4E, 0xF8, 
	0x71, 0x87, 0x2F, 0x96, 0x60, 0x04, 0x00, 0x00, 0x40, 0x0B, 0x82, 0xD1, 
	0xF5, 0xCB, 0xFE, 0x72, 0x55, 0xC1, 0x28, 0x3F, 0xCC, 0xF3, 0x94, 0x13, 
	0x7E, 0xDC, 0xE1, 0x8B, 0x25, 0x18, 0x01, 0x00, 0x00, 0xD0, 0x82, 0x60, 
	0x74, 0xFD, 0xB2, 0xC1, 0x08, 0x46, 0x57, 0x27, 0x27, 0xFC, 0xB8, 0xC3, 
	0x17, 0x4B, 0x30, 0x02, 0x00, 0x00, 0xA0, 0x05, 0xC1, 0xE8, 0xFA, 0x65, 
	0x83, 0x11, 0x8C, 0xAE, 0x4E, 0x4E, 0xF8, 0x61, 0xA7, 0x5F, 0x2C, 0xC1, 
	0x08, 0x00, 0x00, 0x80, 0x16, 0x04, 0xA3, 0xEB, 0x97, 0x0D, 0x46, 0x30, 
	0xBA, 0x2A, 0x39, 0xD9, 0xC7, 0x9D, 0x7E, 0xB1, 0x04, 0x23, 0x00, 0x00, 
	0x00, 0x5A, 0x10, 0x8C, 0xAE, 0x5F, 0x36, 0x98, 0xCD, 0x05, 0xA3, 0x63, 
	0x2C, 0x12, 0x8C, 0x4A, 0x39, 0xD9, 0xC7, 0x9D, 0x7E, 0xB1, 0x04, 0x23, 
	0x00, 0x00, 0x00, 0x5A, 0x10, 0x8C, 0xAE, 0x5F, 0x36, 0x98, 0x0D, 0x07, 
	0xA3, 0x7C, 0x93, 0xE5, 0x87, 0x79, 0x7E, 0x72, 0xB2, 0x8F, 0x3B, 0xFD, 
	0x62, 0x09, 0x46, 0x00, 0x00, 0x00, 0xB4, 0x20, 0x18, 0x5D, 0xBF, 0x6C, 
	0x30, 0x57, 0x13, 0x8C, 0xF2, 0x83, 0x3C, 0x4F, 0x39, 0xD9, 0xC7, 0x9D, 
	0x7E, 0xB1, 0x04, 0x23, 0x00, 0x00, 0x00, 0x5A, 0x10, 0x8C, 0xAE, 0x5F, 
	0x76, 0x18, 0xC1, 0xE8, 0xAA, 0xE4, 0x64, 0x1F, 0x77, 0xFA, 0xC5, 0x12, 
	0x8C, 0x00, 0x00, 0x00, 0x68, 0x41, 0x30, 0xBA, 0x7E, 0xD9, 0x61, 0x04, 
	0xA3, 0xAB, 0x92, 0x93, 0x7D, 0xDC, 0xE9, 0x17, 0x4B, 0x30, 0x02, 0x00, 
	0x00, 0xA0, 0x05, 0xC1, 0xE8, 0xFA, 0x65, 0x87, 0x11, 0x8C, 0xAE, 0x46, 
	0x4E, 0xF4, 0x71, 0xF9, 0xC5, 0x12, 0x8C, 0x00, 0x00, 0x00, 0x68, 0x41, 
	0x30, 0xBA, 0x7E, 0xD9, 0x61, 0x36, 0x15, 0x8C, 0x8E, 0xB1, 0x48, 0x30, 
	0x2A, 0xE5, 0x44, 0x1F, 0x97, 0x5F, 0x2C, 0xC1, 0x08, 0x00, 0x00, 0x80, 
	0x16, 0x04, 0xA3, 0xEB, 0x97, 0x1D, 0x46, 0x30, 0xBA, 0x1A, 0x39, 0xD1, 
	0xC7, 0xE5, 0x17, 0x4B, 0x30, 0x02, 0x00, 0x00, 0xA0, 0x05, 0xC1, 0xE8, 
	0xFA, 0x65, 0x87, 0xD9, 0x68, 0x30, 0xCA, 0x37, 0x58, 0x7E, 0x90, 0xE7, 
	0x27, 0x27, 0xFA, 0xB8, 0xFC, 0x62, 0x09, 0x46, 0x00, 0x00, 0x00, 0xB4, 
	0x20, 0x18, 0x5D, 0xBF, 0xEC, 0x30, 0x57, 0x11, 0x8C, 0xF2, 0x43, 0x3C, 
	0x4F, 0x39, 0xD1, 0xC7, 0xE5, 0x17, 0x4B, 0x30, 0x02, 0x00, 0x00, 0xA0, 
	0x05, 0xC1, 0xE8, 0xFA, 0x65, 0x8B, 0x11, 0x8C, 0xAE, 0x46, 0x4E, 0xF4, 
	0x71, 0xF9, 0xC5, 0x12, 0x8C, 0x00, 0x00, 0x00, 0x68, 0x41, 0x30, 0xBA, 
	0x7E, 0xD9, 0x62, 0x04, 0xA3, 0xAB, 0x91, 0x13, 0x7D, 0x5C, 0x7E, 0xB1, 
	0x04, 0x23, 0x00, 0x00, 0x00, 0x5A, 0x10, 0x8C, 0xAE, 0x5F, 0xB6, 0x18, 
	0xC1, 0xE8, 0x2A, 0xE4, 0x24, 0x1F, 0x97, 0x5F, 0xAA, 0x1D, 0xC1, 0x08, 
	0x00, 0x00, 0x80, 0x16, 0x04, 0xA3, 0xEB, 0x97, 0x2D, 0x66, 0x33, 0xC1, 
	0xE8, 0x18, 0x8B, 0x04, 0xA3, 0x52, 0x4E, 0xF2, 0x71, 0xF9, 0xA5, 0xDA, 
	0x11, 0x8C, 0x00, 0x00, 0x00, 0x68, 0x41, 0x30, 0xBA, 0x7E, 0xD9, 0x62, 
	0x04, 0xA3, 0xAB, 0x90, 0x93, 0x7C, 0x5C, 0x7E, 0xA9, 0x76, 0x04, 0x23, 
	0x00, 0x00, 0x00, 0x5A, 0x10, 0x8C, 0xAE, 0x5F, 0xB6, 0x98, 0x0D, 0x06, 
	0xA3, 0x7C, 0x73, 0xE5, 0x87, 0x78, 0x7E, 0x72, 0x92, 0x8F, 0xCB, 0x2F, 
	0xD5, 0x8E, 0x60, 0x04, 0x00, 0x00, 0x40, 0x0B, 0x82, 0xD1, 0xF5, 0xCB, 
	0x16, 0xB3, 0xF9, 0x60, 0x94, 0x1F, 0xE0, 0x79, 0xCA, 0x49, 0x3E, 0x2E, 
	0xBF, 0x54, 0x3B, 0x82, 0x11, 0x00, 0x00, 0x00, 0x2D, 0x08, 0x46, 0xD7, 
	0x2F, 0x7B, 0x8C, 0x60, 0x74, 0x15, 0x72, 0x92, 0x8F, 0xCB, 0x2F, 0xD5, 
	0x8E, 0x60, 0x04, 0x00, 0x00, 0x40, 0x0B, 0x82, 0xD1, 0xF5, 0xCB, 0x1E, 
	0x23, 0x18, 0x5D, 0x85, 0x9C, 0xE4, 0xE3, 0xF2, 0x4B, 0xB5, 0x23, 0x18, 
	0x01, 0x00, 0x00, 0xD0, 0x82, 0x60, 0x74, 0xFD, 0xB2, 0xC7, 0x08, 0x46, 
	0x9B, 0x97, 0x13, 0x7C, 0x5C, 0x7E, 0xA1, 0x0E, 0x04, 0x23, 0x00, 0x00, 
	0x00, 0x5A, 0x10, 0x8C, 0xAE, 0x5F, 0xF6, 0x98, 0x4D, 0x04, 0xA3, 0x63, 
	0x2C, 0x12, 0x8C, 0x4A, 0x39, 0xC1, 0xC7, 0xE5, 0x17, 0xEA, 0x40, 0x30, 
	0x02, 0x00, 0x00, 0xA0, 0x05, 0xC1, 0xE8, 0xFA, 0x65, 0x8F, 0xD9, 0x58, 
	0x30, 0xCA, 0x37, 0x56, 0x7E, 0x80, 0xE7, 0x27, 0x27, 0xF8, 0xB8, 0xFC, 
	0x42, 0x1D, 0x08, 0x46, 0x00, 0x00, 0x00, 0xB4, 0x20, 0x18, 0x5D, 0xBF, 
	0xEC, 0x31, 0x82, 0xD1, 0xE6, 0xE5, 0x04, 0x1F, 0x97, 0x5F, 0xA8, 0x03, 
	0xC1, 0x08, 0x00, 0x00, 0x80, 0x16, 0x04, 0xA3, 0xEB, 0x97, 0x3D, 0x66, 
	0xD3, 0xC1, 0x28, 0xDF, 0xFC, 0xF3, 0x94, 0x13, 0x7C, 0x5C, 0x7E, 0xA1, 
	0x0E, 0x04, 0x23, 0x00, 0x00, 0x00, 0x5A, 0x10, 0x8C, 0xAE, 0x5F, 0x36, 
	0x19, 0xC1, 0x68, 0xF3, 0x72, 0x82, 0x8F, 0xCB, 0x2F, 0xD4, 0x81, 0x60, 
	0x04, 0x00, 0x00, 0x40, 0x0B, 0x82, 0xD1, 0xF5, 0xCB, 0x26, 0x23, 0x18, 
	0x6D, 0x5E, 0x4E, 0xF0, 0x61, 0xF9, 0x65, 0x3A, 0x25, 0x18, 0x01, 0x00, 
	0x00, 0xD0, 0x82, 0x60, 0x74, 0xFD, 0xB2, 0xC9, 0x08, 0x46, 0x9B, 0x96, 
	0x93, 0x7B, 0x5C, 0x7E, 0x99, 0x4E, 0x09, 0x46, 0x00, 0x00, 0x00, 0xB4, 
	0x20, 0x18, 0x5D, 0xBF, 0x6C, 0x32, 0xAB, 0x07, 0xA3, 0x63, 0x2C, 0x12, 
	0x8C, 0x4A, 0x39, 0xB9, 0xC7, 0xE5, 0x97, 0xE9, 0x94, 0x60, 0x04, 0x00, 
	0x00, 0x40, 0x0B, 0x82, 0xD1, 0xF5, 0xCB, 0x26, 0xB3, 0xA1, 0x60, 0x94, 
	0x6F, 0xAA, 0x7C, 0xF3, 0xCF, 0x4F, 0x4E, 0xEE, 0x71, 0xF9, 0x65, 0x3A, 
	0x25, 0x18, 0x01, 0x00, 0x00, 0xD0, 0x82, 0x60, 0x74, 0xFD, 0xB2, 0xC9, 
	0x6C, 0x36, 0x18, 0xE5, 0x1B, 0x7F, 0x9E, 0x72, 0x72, 0x8F, 0xCB, 0x2F, 
	0xD3, 0x29, 0xC1, 0x08, 0x00, 0x00, 0x80, 0x16, 0x04, 0xA3, 0xEB, 0x97, 
	0x5D, 0x46, 0x30, 0xDA, 0xB4, 0x9C, 0xDC, 0xE3, 0xF2, 0xCB, 0x74, 0x4A, 
	0x30, 0x02, 0x00, 0x00, 0xA0, 0x05, 0xC1, 0xE8, 0xFA, 0x65, 0x97, 0x11, 
	0x8C, 0x36, 0x2D, 0x27, 0xF7, 0xB8, 0xFC, 0x32, 0x9D, 0x12, 0x8C, 0x00, 
	0x00, 0x00, 0x68, 0x41, 0x30, 0xBA, 0x7E, 0xD9, 0x65, 0x04, 0xA3, 0xCD, 
	0xCA, 0x89, 0x3D, 0x2E, 0xBF, 0x48, 0x49, 0x30, 0x02, 0x00, 0x00, 0xA0, 
	0x05, 0xC1, 0xE8, 0xFA, 0x65, 0x97, 0x59, 0x35, 0x18, 0x1D, 0x63, 0x91, 
	0x60, 0x54, 0xCA, 0x89, 0x3D, 0x2E, 0xBF, 0x48, 0x49, 0x30, 0x02, 0x00, 
	0x00, 0xA0, 0x05, 0xC1, 0xE8, 0xFA, 0x65, 0x97, 0x11, 0x8C, 0x36, 0x2B, 
	0x27, 0xF6, 0xB8, 0xFC, 0x22, 0x25, 0xC1, 0x08, 0x00, 0x00, 0x80, 0x16, 
	0x04, 0xA3, 0xEB, 0x97, 0x5D, 0x66, 0x23, 0xC1, 0x28, 0xDF, 0x50, 0xF9, 
	0xC6, 0x9F, 0x9F, 0x9C, 0xD8, 0xE3, 0xF2, 0x8B, 0x94, 0x04, 0x23, 0x00, 
	0x00, 0x00, 0x5A, 0x10, 0x8C, 0xAE, 0x5F, 0x76, 0x99, 0x4D, 0x06, 0xA3, 
	0x7C, 0xD3, 0xCF, 0x53, 0x4E, 0xEC, 0x71, 0xF9, 0x45, 0x4A, 0x82, 0x11, 
	0x00, 0x00, 0x00, 0x2D, 0x08, 0x46, 0xD7, 0x2F, 0xDB, 0x8C, 0x60, 0xB4, 
	0x59, 0x39, 0xB1, 0xC7, 0xE5, 0x17, 0x29, 0x09, 0x46, 0x00, 0x00, 0x00, 
	0xB4, 0x20, 0x18, 0x5D, 0xBF, 0x6C, 0x33, 0x82, 0xD1, 0x66, 0xE5, 0xC4, 
	0x1E, 0x97, 0x5F, 0xA4, 0x24, 0x18, 0x01, 0x00, 0x00, 0xD0, 0x82, 0x60, 
	0x74, 0xFD, 0xB2, 0xCD, 0x08, 0x46, 0x9B, 0x94, 0x93, 0x7A, 0x5C, 0x7E, 
	0x89, 0x6A, 0x04, 0x23, 0x00, 0x00, 0x00, 0x5A, 0x10, 0x8C, 0xAE, 0x5F, 
	0xB6, 0x99, 0xD5, 0x82, 0xD1, 0x31, 0x16, 0x09, 0x46, 0xA5, 0x9C, 0xD4, 
	0xE3, 0xF2, 0x4B, 0x54, 0x23, 0x18, 0x01, 0x00, 0x00, 0xD0, 0x82, 0x60, 
	0x74, 0xFD, 0xB2, 0xCD, 0x08, 0x46, 0x9B, 0x94, 0x93, 0x7A, 0x5C, 0x7E, 
	0x89, 0x6A, 0x04, 0x23, 0x00, 0x00, 0x00, 0x5A, 0x10, 0x8C, 0xAE, 0x5F, 
	0xB6, 0x99, 0x0D, 0x04, 0xA3, 0x7C, 0x33, 0xE5, 0x9B, 0x7E, 0x7E, 0x72, 
	0x52, 0x8F, 0xCB, 0x2F, 0x51, 0x8D, 0x60, 0x04, 0x00, 0x00, 0x40, 0x0B, 
	0x82, 0xD1, 0xF5, 0xCB, 0x36, 0xB3, 0xB9, 0x60, 0x94, 0x6F, 0xF8, 0x79, 
	0xCA, 0x49, 0x3D, 0x2E, 0xBF, 0x44, 0x35, 0x82, 0x11, 0x00, 0x00, 0x00, 
	0x2D, 0x08, 0x46, 0xD7, 0x2F, 0xFB, 0x8C, 0x60, 0xB4, 0x49, 0x39, 0xA9, 
	0xC7, 0xE5, 0x97, 0xA8, 0x46, 0x30, 0x02, 0x00, 0x00, 0xA0, 0x05, 0xC1, 
	0xE8, 0xFA, 0x65, 0x9F, 0x11, 0x8C, 0x36, 0x29, 0x27, 0xF5, 0xB8, 0xFC, 
	0x12, 0xD5, 0x08, 0x46, 0x00, 0x00, 0x00, 0xB4, 0x20, 0x18, 0x5D, 0xBF, 
	0xEC, 0x33, 0x82, 0xD1, 0xE6, 0xE4, 0x84, 0x1E, 0x97, 0x5F, 0xA0, 0x3E, 
	0x82, 0x11, 0x00, 0x00, 0x00, 0x2D, 0x08, 0x46, 0xD7, 0x2F, 0xFB, 0xCC, 
	0x2A, 0xC1, 0xE8, 0x18, 0x8B, 0x04, 0xA3, 0x52, 0x4E, 0xE8, 0x71, 0xF9, 
	0x05, 0xEA, 0x23, 0x18, 0x01, 0x00, 0x00, 0xD0, 0x82, 0x60, 0x74, 0xFD, 
	0xB2, 0xCF, 0xAC, 0x1C, 0x8C, 0xF2, 0x8D, 0x94, 0x6F, 0xF8, 0xF9, 0xC9, 
	0x09, 0x3D, 0x2E, 0xBF, 0x40, 0x7D, 0x04, 0x23, 0x00, 0x00, 0x00, 0x5A, 
	0x10, 0x8C, 0xAE, 0x5F, 0xF6, 0x19, 0xC1, 0x68, 0x73, 0x72, 0x42, 0x8F, 
	0xCB, 0x2F, 0x50, 0x1F, 0xC1, 0x08, 0x00, 0x00, 0x80, 0x16, 0x04, 0xA3, 
	0xEB, 0x97, 0x7D, 0x66, 0x53, 0xC1, 0x28, 0xDF, 0xEC, 0xF3, 0x94, 0x13, 
	0x7A, 0x5C, 0x7E, 0x81, 0xFA, 0x08, 0x46, 0x00, 0x00, 0x00, 0xB4, 0x20, 
	0x18, 0x5D, 0xBF, 0x6C, 0x34, 0x82, 0xD1, 0xE6, 0xE4, 0x84, 0x1E, 0x97, 
	0x5F, 0xA0, 0x3E, 0x82, 0x11, 0x00, 0x00, 0x00, 0x2D, 0x08, 0x46, 0xD7, 
	0x2F, 0x1B, 0x8D, 0x60, 0xB4, 0x39, 0x39, 0xA1, 0x87, 0xE5, 0x97, 0x67, 
	0x88, 0x60, 0x04, 0x00, 0x00, 0x40, 0x0B, 0x82, 0xD1, 0xF5, 0xCB, 0x46, 
	0x23, 0x18, 0x6D, 0x4A, 0x4E, 0xE6, 0x71, 0xF9, 0xE5, 0x19, 0x22, 0x18, 
	0x01, 0x00, 0x00, 0xD0, 0x82, 0x60, 0x74, 0xFD, 0xB2, 0xD1, 0x3C, 0x79, 
	0x30, 0x3A, 0xC6, 0x22, 0xC1, 0xA8, 0x94, 0x93, 0x79, 0x5C, 0x7E, 0x79, 
	0x86, 0x08, 0x46, 0x00, 0x00, 0x00, 0xB4, 0x20, 0x18, 0x5D, 0xBF, 0x6C, 
	0x34, 0x2B, 0x06, 0xA3, 0x7C, 0x13, 0xE5, 0x9B, 0x7D, 0x7E, 0x72, 0x32, 
	0x8F, 0xCB, 0x2F, 0xCF, 0x10, 0xC1, 0x08, 0x00, 0x00, 0x80, 0x16, 0x04, 
	0xA3, 0xEB, 0x97, 0x8D, 0x66, 0x33, 0xC1, 0x28, 0xDF, 0xE8, 0xF3, 0x94, 
	0x93, 0x79, 0x5C, 0x7E, 0x79, 0x86, 0x08, 0x46, 0x00, 0x00, 0x00, 0xB4, 
	0x20, 0x18, 0x5D, 0xBF, 0xEC, 0x34, 0x82, 0xD1, 0xA6, 0xE4, 0x64, 0x1E, 
	0x97, 0x5F, 0x9E, 0x21, 0x82, 0x11, 0x00, 0x00, 0x00, 0x2D, 0x08, 0x46, 
	0xD7, 0x2F, 0x3B, 0x8D, 0x60, 0xB4, 0x29, 0x39, 0x99, 0xC7, 0xE5, 0x97, 
	0x67, 0x88, 0x60, 0x04, 0x00, 0x00, 0x40, 0x0B, 0x82, 0xD1, 0xF5, 0xCB, 
	0x4E, 0x23, 0x18, 0x6D, 0x46, 0x4E, 0xE4, 0x71, 0xF9, 0xC5, 0x19, 0x23, 
	0x18, 0x01, 0x00, 0x00, 0xD0, 0x82, 0x60, 0x74, 0xFD, 0xB2, 0xD3, 0x3C, 
	0x69, 0x30, 0x3A, 0xC6, 0x22, 0xC1, 0xA8, 0x94, 0x13, 0x79, 0x5C, 0x7E, 
	0x71, 0xC6, 0x08, 0x46, 0x00, 0x00, 0x00, 0xB4, 0x20, 0x18, 0x5D, 0xBF, 
	0xEC, 0x34, 0x82, 0xD1, 0x66, 0xE4, 0x44, 0x1E, 0x97, 0x5F, 0x9C, 0x31, 
	0x82, 0x11, 0x00, 0x00, 0x00, 0x2D, 0x08, 0x46, 0xD7, 0x2F, 0x3B, 0xCD, 
	0x4A, 0xC1, 0x28, 0xDF, 0x40, 0xF9, 0x46, 0x9F, 0x9F, 0x9C, 0xC8, 0xE3, 
	0xF2, 0x8B, 0x33, 0x46, 0x30, 0x02, 0x00, 0x00, 0xA0, 0x05, 0xC1, 0xE8, 
	0xFA, 0x65, 0xA7, 0xD9, 0x44, 0x30, 0xCA, 0x37, 0xF9, 0x3C, 0xE5, 0x44, 
	0x1E, 0x97, 0x5F, 0x9C, 0x31, 0x82, 0x11, 0x00, 0x00, 0x00, 0x2D, 0x08, 
	0x46, 0xD7, 0x2F, 0x5B, 0x8D, 0x60, 0xB4, 0x19, 0x39, 0x91, 0xC7, 0xE5, 
	0x17, 0x67, 0x8C, 0x60, 0x04, 0x00, 0x00, 0x40, 0x0B, 0x82, 0xD1, 0xF5, 
	0xCB, 0x56, 0x23, 0x18, 0x6D, 0x46, 0x4E, 0xE4, 0x71, 0xF9, 0xC5, 0x19, 
	0x23, 0x18, 0x01, 0x00, 0x00, 0xD0, 0x82, 0x60, 0x74, 0xFD, 0xB2, 0xD5, 
	0x08, 0x46, 0x9B, 0x90, 0x93, 0x78, 0x5C, 0x7E, 0x69, 0xA6, 0x10, 0x8C, 
	0x00, 0x00, 0x00, 0x68, 0x41, 0x30, 0xBA, 0x7E, 0xD9, 0x6A, 0x9E, 0x2C, 
	0x18, 0x1D, 0x63, 0x91, 0x60, 0x54, 0xCA, 0x49, 0x3C, 0x2E, 0xBF, 0x34, 
	0x53, 0x08, 0x46, 0x00, 0x00, 0x00, 0xB4, 0x20, 0x18, 0x5D, 0xBF, 0x6C, 
	0x35, 0x82, 0xD1, 0x26, 0xE4, 0x24, 0x1E, 0x97, 0x5F, 0x9A, 0x29, 0x04, 
	0x23, 0x00, 0x00, 0x00, 0x5A, 0x10, 0x8C, 0xAE, 0x5F, 0xB6, 0x9A, 0x15, 
	0x82, 0x51, 0xBE, 0x78, 0xF9, 0x26, 0x9F, 0x9F, 0x9C, 0xC4, 0xE3, 0xF2, 
	0x4B, 0x33, 0x85, 0x60, 0x04, 0x00, 0x00, 0x40, 0x0B, 0x82, 0xD1, 0xF5, 
	0xCB, 0x56, 0xB3, 0x7A, 0x30, 0xCA, 0x37, 0xF8, 0x3C, 0xE5, 0x24, 0x1E, 
	0x97, 0x5F, 0x9A, 0x29, 0x04, 0x23, 0x00, 0x00, 0x00, 0x5A, 0x10, 0x8C, 
	0xAE, 0x5F, 0xF6, 0x1A, 0xC1, 0x68, 0x13, 0x72, 0x12, 0x8F, 0xCB, 0x2F, 
	0xCD, 0x14, 0x82, 0x11, 0x00, 0x00, 0x00, 0x2D, 0x08, 0x46, 0xD7, 0x2F, 
	0x7B, 0x8D, 0x60, 0xB4, 0x09, 0x39, 0x89, 0xC7, 0xE5, 0x97, 0x66, 0x0A, 
	0xC1, 0x08, 0x00, 0x00, 0x80, 0x16, 0x04, 0xA3, 0xEB, 0x97, 0xBD, 0x46, 
	0x30, 0x5A, 0x5D, 0x4E, 0xE0, 0x71, 0xF9, 0x85, 0x99, 0x4A, 0x30, 0x02, 
	0x00, 0x00, 0xA0, 0x05, 0xC1, 0xE8, 0xFA, 0x65, 0xAF, 0x79, 0x92, 0x60, 
	0x74, 0x8C, 0x45, 0x82, 0x51, 0x29, 0x27, 0xF0, 0xB8, 0xFC, 0xC2, 0x4C, 
	0x25, 0x18, 0x01, 0x00, 0x00, 0xD0, 0x82, 0x60, 0x74, 0xFD, 0xB2, 0xD7, 
	0x3C, 0x71, 0x30, 0xCA, 0x17, 0x2E, 0xDF, 0xE0, 0xF3, 0x93, 0x13, 0x78, 
	0x5C, 0x7E, 0x61, 0xA6, 0x12, 0x8C, 0x00, 0x00, 0x00, 0x68, 0x41, 0x30, 
	0xBA, 0x7E, 0xD9, 0x6B, 0x04, 0xA3, 0xD5, 0xE5, 0x04, 0x1E, 0x97, 0x5F, 
	0x98, 0xA9, 0x04, 0x23, 0x00, 0x00, 0x00, 0x5A, 0x10, 0x8C, 0xAE, 0x5F, 
	0xF6, 0x9A, 0x55, 0x83, 0x51, 0xBE, 0xB9, 0xE7, 0x29, 0x27, 0xF0, 0xB8, 
	0xFC, 0xC2, 0x4C, 0x25, 0x18, 0x01, 0x00, 0x00, 0xD0, 0x82, 0x60, 0x74, 
	0xFD, 0xB2, 0xD9, 0x08, 0x46, 0xAB, 0xCB, 0x09, 0x3C, 0x2E, 0xBF, 0x30, 
	0x53, 0x09, 0x46, 0x00, 0x00, 0x00, 0xB4, 0x20, 0x18, 0x5D, 0xBF, 0x6C, 
	0x36, 0x82, 0xD1, 0xEA, 0x72, 0x02, 0x0F, 0xCB, 0x2F, 0xCB, 0x1C, 0x82, 
	0x11, 0x00, 0x00, 0x00, 0x2D, 0x08, 0x46, 0xD7, 0x2F, 0x9B, 0x8D, 0x60, 
	0xB4, 0xAA, 0x9C, 0xBC, 0xE3, 0xF2, 0xCB, 0x32, 0x87, 0x60, 0x04, 0x00, 
	0x00, 0x40, 0x0B, 0x82, 0xD1, 0xF5, 0xCB, 0x66, 0xD3, 0x3C, 0x18, 0x1D, 
	0x63, 0x91, 0x60, 0x54, 0xCA, 0xC9, 0x3B, 0x2E, 0xBF, 0x2C, 0x73, 0x08, 
	0x46, 0x00, 0x00, 0x00, 0xB4, 0x20, 0x18, 0x5D, 0xBF, 0x6C, 0x36, 0x45, 
	0x30, 0xFA, 0xE2, 0x8B, 0x57, 0x8B, 0xEA, 0x06, 0xA3, 0xAD, 0xCA, 0x1F, 
	0xC8, 0xB8, 0xFC, 0xC1, 0x5E, 0x83, 0xCF, 0x3E, 0xFB, 0xBC, 0x18, 0x1F, 
	0x00, 0x00, 0x00, 0xB8, 0xD4, 0xEE, 0x7C, 0x33, 0xCF, 0x41, 0x6F, 0x59, 
	0x36, 0x82, 0x79, 0xB2, 0x49, 0x6C, 0x9F, 0x60, 0x34, 0x43, 0x4E, 0x96, 
	0x6B, 0x20, 0x18, 0x01, 0x00, 0x00, 0xD0, 0x82, 0x60, 0x34, 0x47, 0x36, 
	0x89, 0xED, 0x13, 0x8C, 0x66, 0xC8, 0xC9, 0x72, 0x0D, 0x04, 0x23, 0x00, 
	0x00, 0x00, 0x5A, 0x10, 0x8C, 0xE6, 0xC8, 0x26, 0xB1, 0x7D, 0x82, 0xD1, 
	0x44, 0x39, 0x51, 0xAE, 0x85, 0x60, 0x04, 0x00, 0x00, 0x40, 0x0B, 0x82, 
	0xD1, 0x1C, 0xD9, 0x24, 0xB6, 0xEF, 0x99, 0x06, 0xA3, 0x1C, 0xB8, 0x71, 
	0x39, 0x51, 0xAE, 0x85, 0x60, 0x04, 0x00, 0x00, 0x40, 0x0B, 0x82, 0xD1, 
	0x1C, 0xD9, 0x25, 0xB6, 0x6F, 0xF1, 0x60, 0x94, 0x2F, 0xB0, 0x4D, 0x39, 
	0x70, 0xE3, 0x72, 0xA2, 0x5C, 0x0B, 0xC1, 0x08, 0x00, 0x00, 0x80, 0x16, 
	0x04, 0xA3, 0x39, 0xB2, 0x4B, 0x6C, 0x9F, 0x60, 0x34, 0x51, 0x4E, 0x94, 
	0x6B, 0x21, 0x18, 0x01, 0x00, 0x00, 0xD0, 0x82, 0x60, 0x34, 0x47, 0x76, 
	0x89, 0xED, 0x13, 0x8C, 0x26, 0xCA, 0x89, 0x72, 0x2D, 0x04, 0x23, 0x00, 
	0x00, 0x00, 0x5A, 0x10, 0x8C, 0xE6, 0xC8, 0x2E, 0xB1, 0x7D, 0x82, 0xD1, 
	0x44, 0x39, 0x51, 0xAE, 0x85, 0x60, 0x04, 0x00, 0x00, 0x40, 0x0B, 0x82, 
	0xD1, 0x1C, 0xD9, 0x25, 0xB6, 0x4F, 0x30, 0x9A, 0x28, 0x27, 0xCA, 0xB5, 
	0x10, 0x8C, 0x00, 0x00, 0x00, 0x68, 0x41, 0x30, 0x9A, 0x23, 0xBB, 0xC4, 
	0xF6, 0x3D, 0xC3, 0x60, 0x94, 0x83, 0x36, 0x2E, 0x27, 0xC9, 0x35, 0x11, 
	0x8C, 0x00, 0x00, 0x00, 0x68, 0x41, 0x30, 0x9A, 0x23, 0xDB, 0xC4, 0xF6, 
	0x09, 0x46, 0x13, 0xE4, 0x24, 0xB9, 0x26, 0x82, 0x11, 0x00, 0x00, 0x00, 
	0x2D, 0x08, 0x46, 0x73, 0x64, 0x9B, 0xD8, 0xBE, 0x45, 0x83, 0x51, 0x1E, 
	0x7C, 0x9B, 0x72, 0xD0, 0xC6, 0xE5, 0x24, 0xB9, 0x26, 0x82, 0x11, 0x00, 
	0x00, 0x00, 0x2D, 0x08, 0x46, 0x73, 0x64, 0x9B, 0xD8, 0x3E, 0xC1, 0x68, 
	0x82, 0x9C, 0x24, 0xD7, 0x44, 0x30, 0x02, 0x00, 0x00, 0xA0, 0x05, 0xC1, 
	0x68, 0x8E, 0x6C, 0x13, 0xDB, 0x27, 0x18, 0x4D, 0x90, 0x93, 0xE4, 0x9A, 
	0x08, 0x46, 0x00, 0x00, 0x00, 0xB4, 0x20, 0x18, 0xCD, 0x91, 0x6D, 0x62, 
	0xFB, 0x04, 0xA3, 0x09, 0x72, 0x92, 0x5C, 0x13, 0xC1, 0x08, 0x00, 0x00, 
	0x80, 0x16, 0x04, 0xA3, 0x39, 0xB2, 0x4D, 0x6C, 0x9F, 0x60, 0x34, 0x41, 
	0x4E, 0x92, 0x6B, 0x22, 0x18, 0x01, 0x00, 0x00, 0xD0, 0x82, 0x60, 0x34, 
	0x47, 0xB6, 0x89, 0xED, 0x7B, 0x66, 0xC1, 0x28, 0x07, 0x6C, 0x5C, 0x4E, 
	0x90, 0x6B, 0x23, 0x18, 0x01, 0x00, 0x00, 0xD0, 0x82, 0x60, 0x34, 0x47, 
	0xF6, 0x89, 0xED, 0x13, 0x8C, 0x46, 0xE4, 0x04, 0xB9, 0x36, 0x82, 0x11, 
	0x00, 0x00, 0x00, 0x2D, 0x08, 0x46, 0x73, 0x64, 0x9F, 0xD8, 0xBE, 0xC5, 
	0x82, 0x51, 0x1E, 0x78, 0x9B, 0x72, 0xC0, 0xC6, 0xE5, 0x04, 0xB9, 0x36, 
	0x82, 0x11, 0x00, 0x00, 0x00, 0x2D, 0x08, 0x46, 0x73, 0x64, 0x9F, 0xD8, 
	0x3E, 0xC1, 0x68, 0x44, 0x4E, 0x90, 0x6B, 0x23, 0x18, 0x01, 0x00, 0x00, 
	0xD0, 0x82, 0x60, 0x34, 0x47, 0xF6, 0x89, 0xED, 0x13, 0x8C, 0x46, 0xE4, 
	0x04, 0xB9, 0x36, 0x82, 0x11, 0x00, 0x00, 0x00, 0x2D, 0x08, 0x46, 0x73, 
	0x64, 0x9F, 0xD8, 0x3E, 0xC1, 0x68, 0x44, 0x4E, 0x90, 0x6B, 0x23, 0x18, 
	0x01, 0x00, 0x00, 0xD0, 0x82, 0x60, 0x34, 0x47, 0xF6, 0x89, 0xED, 0x13, 
	0x8C, 0x46, 0xE4, 0x04, 0xB9, 0x36, 0x82, 0x11, 0x00, 0x00, 0x00, 0x2D, 
	0x08, 0x46, 0x73, 0x64, 0x9F, 0xD8, 0xBE, 0x67, 0x14, 0x8C, 0x72, 0xB0, 
	0xC6, 0xE5, 0xE4, 0xB8, 0x46, 0x82, 0x11, 0x00, 0x00, 0x00, 0x2D, 0x08, 
	0x46, 0x73, 0x64, 0xA3, 0xD8, 0x3E, 0xC1, 0x68, 0x40, 0x4E, 0x8E, 0x6B, 
	0x24, 0x18, 0x01, 0x00, 0x00, 0xD0, 0x82, 0x60, 0x34, 0x47, 0x36, 0x8A, 
	0xED, 0x5B, 0x24, 0x18, 0xE5, 0x41, 0xB7, 0x29, 0x07, 0x6B, 0x5C, 0x4E, 
	0x8E, 0x6B, 0x24, 0x18, 0x01, 0x00, 0x00, 0xD0, 0x82, 0x60, 0x34, 0x47, 
	0x36, 0x8A, 0xED, 0x13, 0x8C, 0x06, 0xE4, 0xE4, 0xB8, 0x46, 0x82, 0x11, 
	0x00, 0x00, 0x00, 0x2D, 0x08, 0x46, 0x73, 0x64, 0xA3, 0xD8, 0x3E, 0xC1, 
	0x68, 0x40, 0x4E, 0x8E, 0x6B, 0x24, 0x18, 0x01, 0x00, 0x00, 0xD0, 0x82, 
	0x60, 0x34, 0x47, 0x36, 0x8A, 0xED, 0x13, 0x8C, 0x06, 0xE4, 0xE4, 0xB8, 
	0x46, 0x82, 0x11, 0x00, 0x00, 0x00, 0x2D, 0x08, 0x46, 0x73, 0x64, 0xA3, 
	0xD8, 0x3E, 0xC1, 0xA8, 0x47, 0x4E, 0x8C, 0x6B, 0x25, 0x18, 0x01, 0x00, 
	0x00, 0xD0, 0x82, 0x60, 0x34, 0x47, 0x36, 0x8A, 0xED, 0x7B, 0x26, 0xC1, 
	0x28, 0x07, 0x6A, 0x5C, 0x4E, 0x8C, 0x6B, 0x25, 0x18, 0x01, 0x00, 0x00, 
	0xD0, 0x82, 0x60, 0x34, 0x47, 0x76, 0x8A, 0xED, 0xBB, 0x38, 0x18, 0xE5, 
	0x01, 0xB7, 0x29, 0x07, 0x6A, 0x5C, 0x4E, 0x8C, 0x6B, 0x25, 0x18, 0x01, 
	0x00, 0x00, 0xD0, 0x82, 0x60, 0x34, 0x47, 0x76, 0x8A, 0xED, 0x13, 0x8C, 
	0x7A, 0xE4, 0xC4, 0xB8, 0x56, 0x82, 0x11, 0x00, 0x00, 0x00, 0x2D, 0x08, 
	0x46, 0x73, 0x64, 0xA7, 0xD8, 0x3E, 0xC1, 0xA8, 0x47, 0x4E, 0x8C, 0x6B, 
	0x25, 0x18, 0x01, 0x00, 0x00, 0xD0, 0x82, 0x60, 0x34, 0x47, 0x76, 0x8A, 
	0xED, 0x13, 0x8C, 0x7A, 0xE4, 0xC4, 0xB8, 0x56, 0x82, 0x11, 0x00, 0x00, 
	0x00, 0x2D, 0x08, 0x46, 0x73, 0x64, 0xA7, 0xD8, 0x3E, 0xC1, 0xA8, 0x47, 
	0x4E, 0x8C, 0x6B, 0x25, 0x18, 0x01, 0x00, 0x00, 0xD0, 0x82, 0x60, 0x34, 
	0x47, 0x76, 0x8A, 0xED, 0x7B, 0x06, 0xC1, 0x28, 0x07, 0x69, 0x5C, 0x4E, 
	0x8A, 0x6B, 0x26, 0x18, 0x01, 0x00, 0x00, 0xD0, 0x82, 0x60, 0x34, 0x47, 
	0xB6, 0x8A, 0xED, 0x13, 0x8C, 0x2A, 0x72, 0x52, 0x5C, 0x33, 0xC1, 0x08, 
	0x00, 0x00, 0x80, 0x16, 0x04, 0xA3, 0x39, 0xB2, 0x55, 0x6C, 0xDF, 0x45, 
	0xC1, 0x28, 0x0F, 0xB6, 0x4D, 0x39, 0x48, 0xE3, 0x72, 0x52, 0x5C, 0x33, 
	0xC1, 0x08, 0x00, 0x00, 0x80, 0x16, 0x04, 0xA3, 0x39, 0xB2, 0x55, 0x6C, 
	0x9F, 0x60, 0x54, 0x91, 0x93, 0xE2, 0x9A, 0x09, 0x46, 0x00, 0x00, 0x00, 
	0xB4, 0x20, 0x18, 0xCD, 0x91, 0xAD, 0x62, 0xFB, 0x04, 0xA3, 0x8A, 0x9C, 
	0x14, 0xD7, 0x4C, 0x30, 0x02, 0x00, 0x00, 0xA0, 0x05, 0xC1, 0x68, 0x8E, 
	0x6C, 0x15, 0xDB, 0x27, 0x18, 0x55, 0xE4, 0xA4, 0xB8, 0x66, 0x82, 0x11, 
	0x00, 0x00, 0x00, 0x2D, 0x08, 0x46, 0x73, 0x64, 0xAB, 0xD8, 0x3E, 0xC1, 
	0xA8, 0x22, 0x27, 0xC5, 0x35, 0x13, 0x8C, 0x00, 0x00, 0x00, 0x68, 0x41, 
	0x30, 0x9A, 0x23, 0x5B, 0xC5, 0xF6, 0xDD, 0x78, 0x30, 0xCA, 0x01, 0x1A, 
	0x97, 0x13, 0xE2, 0xDA, 0x09, 0x46, 0x00, 0x00, 0x00, 0xB4, 0x20, 0x18, 
	0xCD, 0x91, 0xBD, 0x62, 0xFB, 0x04, 0xA3, 0x90, 0x13, 0xE2, 0xDA, 0x09, 
	0x46, 0x00, 0x00, 0x00, 0xB4, 0x20, 0x18, 0xCD, 0x91, 0xBD, 0x62, 0xFB, 
	0xCE, 0x0E, 0x46, 0x79, 0xA0, 0x6D, 0xCA, 0x01, 0x1A, 0x97, 0x13, 0xE2, 
	0xDA, 0x09, 0x46, 0x00, 0x00, 0x00, 0xB4, 0x20, 0x18, 0xCD, 0x91, 0xBD, 
	0x62, 0xFB, 0x04, 0xA3, 0x90, 0x13, 0xE2, 0xDA, 0x09, 0x46, 0x00, 0x00, 
	0x00, 0xB4, 0x20, 0x18, 0xCD, 0x91, 0xBD, 0x62, 0xFB, 0x04, 0xA3, 0x90, 
	0x13, 0xE2, 0xDA, 0x09, 0x46, 0x00, 0x00, 0x00, 0xB4, 0x20, 0x18, 0xCD, 
	0x91, 0xBD, 0x62, 0xFB, 0x04, 0xA3, 0x90, 0x13, 0xE2, 0xDA, 0x09, 0x46, 
	0x00, 0x00, 0x00, 0xB4, 0x20, 0x18, 0xCD, 0x91, 0xBD, 0x62, 0xFB, 0x04, 
	0xA3, 0x90, 0x13, 0xE2, 0xDA, 0xFD, 0xC9, 0x9F, 0x7C, 0x76, 0xFF, 0x25, 
	0x06, 0x00, 0x00, 0x80, 0x25, 0xED, 0xCE, 0x37, 0xF3, 0x1C, 0xF4, 0x96, 
	0x65, 0x3F, 0x98, 0x27, 0x7B, 0xC5, 0xF6, 0xDD, 0x70, 0x30, 0xCA, 0xC1, 
	0x19, 0x97, 0x93, 0x01, 0x00, 0x00, 0x00, 0x60, 0x27, 0x1B, 0xC2, 0x3C, 
	0xD9, 0x2C, 0xB6, 0x4F, 0x30, 0x3A, 0x91, 0x93, 0x01, 0x00, 0x00, 0x00, 
	0x60, 0x27, 0x1B, 0xC2, 0x3C, 0xD9, 0x2C, 0xB6, 0xEF, 0xAC, 0x60, 0x94, 
	0x07, 0xD9, 0xA6, 0x1C, 0x9C, 0x71, 0x39, 0x19, 0x00, 0x00, 0x00, 0x00, 
	0x76, 0xB2, 0x21, 0xCC, 0x93, 0xCD, 0x62, 0xFB, 0x04, 0xA3, 0x13, 0x39, 
	0x19, 0x00, 0x00, 0x00, 0x00, 0x76, 0xB2, 0x21, 0xCC, 0x93, 0xCD, 0x62, 
	0xFB, 0x04, 0xA3, 0x13, 0x39, 0x19, 0x00, 0x00, 0x00, 0x00, 0x76, 0xB2, 
	0x21, 0xCC, 0x93, 0xCD, 0x62, 0xFB, 0x04, 0xA3, 0x13, 0x39, 0x19, 0x00, 
	0x00, 0x00, 0x00, 0x76, 0xB2, 0x21, 0xCC, 0x93, 0xCD, 0x62, 0xFB, 0x04, 
	0xA3, 0x07, 0x39, 0x11, 0x00, 0x00, 0x00, 0x00, 0x0E, 0xB2, 0x23, 0xCC, 
	0x93, 0xCD, 0x62, 0xFB, 0x6E, 0x34, 0x18, 0xE5, 0xC0, 0x8C, 0xCB, 0x89, 
	0x00, 0x00, 0x00, 0x00, 0x70, 0x90, 0x1D, 0x61, 0x9E, 0xEC, 0x16, 0xDB, 
	0x37, 0x3B, 0x18, 0xE5, 0x01, 0xB6, 0x29, 0x07, 0x66, 0x5C, 0x4E, 0x04, 
	0x00, 0x00, 0x00, 0x80, 0x83, 0xEC, 0x08, 0xF3, 0x64, 0xB7, 0xD8, 0x3E, 
	0xC1, 0xE8, 0x41, 0x4E, 0x04, 0x00, 0x00, 0x00, 0x80, 0x83, 0xEC, 0x08, 
	0xF3, 0x64, 0xB7, 0xD8, 0x3E, 0xC1, 0xE8, 0x41, 0x4E, 0x04, 0x00, 0x00, 
	0x00, 0x80, 0x83, 0xEC, 0x08, 0xF3, 0x64, 0xB7, 0xD8, 0x3E, 0xC1, 0xE8, 
	0x41, 0x4E, 0x04, 0x00, 0x00, 0x00, 0x80, 0x83, 0xEC, 0x08, 0xF3, 0x64, 
	0xB7, 0xD8, 0x3E, 0xC1, 0xE8, 0x41, 0x4E, 0x04, 0x00, 0x00, 0x00, 0x80, 
	0x83, 0xEC, 0x08, 0xF3, 0x64, 0xB7, 0xD8, 0xBE, 0x1B, 0x0C, 0x46, 0x39, 
	0x28, 0xE3, 0x72, 0x12, 0x00, 0x00, 0x00, 0x00, 0x9C, 0xCA, 0x96, 0x30, 
	0x4F, 0xB6, 0x8B, 0xED, 0x13, 0x8C, 0x04, 0x23, 0x00, 0x00, 0x00, 0x60, 
	0x44, 0xB6, 0x84, 0x79, 0xB2, 0x5D, 0x6C, 0xDF, 0xAC, 0x60, 0x94, 0x3B, 
	0x6F, 0x53, 0x0E, 0xCA, 0xB8, 0x9C, 0x04, 0x00, 0x00, 0x00, 0x00, 0xA7, 
	0xB2, 0x25, 0xCC, 0x93, 0xED, 0x62, 0xFB, 0x04, 0x23, 0xC1, 0x08, 0x00, 
	0x00, 0x00, 0x18, 0x91, 0x2D, 0x61, 0x9E, 0x6C, 0x17, 0xDB, 0x27, 0x18, 
	0x09, 0x46, 0x00, 0x00, 0x00, 0xC0, 0x88, 0x6C, 0x09, 0xF3, 0x64, 0xBB, 
	0xD8, 0x3E, 0xC1, 0x48, 0x30, 0x02, 0x00, 0x00, 0x00, 0x46, 0x64, 0x4B, 
	0x98, 0x27, 0xDB, 0xC5, 0xF6, 0x09, 0x46, 0x82, 0x11, 0x00, 0x00, 0x00, 
	0x30, 0x22, 0x5B, 0xC2, 0x3C, 0xD9, 0x2E, 0xB6, 0xEF, 0xC6, 0x82, 0x51, 
	0x0E, 0xC8, 0xB8, 0x9C, 0x00, 0x00, 0x00, 0x00, 0x00, 0x29, 0x7B, 0xC2, 
	0x3C, 0xD9, 0x2F, 0xB6, 0x4F, 0x30, 0xAA, 0x4C, 0x02, 0x00, 0x00, 0x00, 
	0x80, 0x53, 0xD9, 0x13, 0xE6, 0xC9, 0x7E, 0xB1, 0x7D, 0x93, 0x83, 0x51, 
	0xEE, 0xB8, 0x4D, 0x39, 0x20, 0xE3, 0x72, 0x02, 0x00, 0x00, 0x00, 0x00, 
	0xA4, 0xEC, 0x09, 0xF3, 0x64, 0xBF, 0xD8, 0x3E, 0xC1, 0xA8, 0x32, 0x09, 
	0x00, 0x00, 0x00, 0x00, 0x4E, 0x65, 0x4F, 0x98, 0x27, 0xFB, 0xC5, 0xF6, 
	0x09, 0x46, 0x95, 0x49, 0x00, 0x00, 0x00, 0x00, 0x70, 0x2A, 0x7B, 0xC2, 
	0x3C, 0xD9, 0x2F, 0xB6, 0x4F, 0x30, 0xAA, 0x4C, 0x02, 0x00, 0x00, 0x00, 
	0x80, 0x53, 0xD9, 0x13, 0xE6, 0xC9, 0x7E, 0xB1, 0x7D, 0x82, 0x51, 0x65, 
	0x12, 0x00, 0x00, 0x00, 0x00, 0x9C, 0xCA, 0x9E, 0x30, 0x4F, 0xF6, 0x8B, 
	0xED, 0xBB, 0xA1, 0x60, 0x94, 0x83, 0x31, 0x2E, 0x07, 0x1F, 0x00, 0x00, 
	0x00, 0xA0, 0x26, 0x9B, 0xC2, 0x3C, 0xD9, 0x30, 0xB6, 0x4F, 0x30, 0x02, 
	0x00, 0x00, 0x00, 0x18, 0x91, 0x4D, 0x61, 0x9E, 0x6C, 0x18, 0xDB, 0x37, 
	0x29, 0x18, 0xE5, 0x4E, 0xDB, 0x94, 0x83, 0x31, 0x2E, 0x07, 0x1F, 0x00, 
	0x00, 0x00, 0xA0, 0x26, 0x9B, 0xC2, 0x3C, 0xD9, 0x30, 0xB6, 0x4F, 0x30, 
	0x02, 0x00, 0x00, 0x00, 0x18, 0x91, 0x4D, 0x61, 0x9E, 0x6C, 0x18, 0xDB, 
	0x27, 0x18, 0x01, 0x00, 0x00, 0x00, 0x8C, 0xC8, 0xA6, 0x30, 0x4F, 0x36, 
	0x8C, 0xED, 0x13, 0x8C, 0x00, 0x00, 0x00, 0x00, 0x46, 0x64, 0x53, 0x98, 
	0x27, 0x1B, 0xC6, 0xF6, 0x3D, 0xDB, 0x60, 0x94, 0x03, 0x0F, 0x00, 0x00, 
	0x00, 0xD0, 0x27, 0xBB, 0xC2, 0x3C, 0xD9, 0x30, 0xB6, 0xEF, 0x46, 0x82, 
	0x51, 0x0E, 0xC4, 0xB8, 0x1C, 0x78, 0x00, 0x00, 0x00, 0x80, 0x3E, 0xD9, 
	0x15, 0xE6, 0xC9, 0x8E, 0xB1, 0x7D, 0xA3, 0xC1, 0x28, 0x77, 0xD8, 0xA6, 
	0x1C, 0x88, 0x71, 0x39, 0xF0, 0x00, 0x00, 0x00, 0x00, 0x7D, 0xB2, 0x2B, 
	0xCC, 0x93, 0x1D, 0x63, 0xFB, 0x04, 0x23, 0x00, 0x00, 0x00, 0x80, 0x11, 
	0xD9, 0x15, 0xE6, 0xC9, 0x8E, 0xB1, 0x7D, 0x82, 0x11, 0x00, 0x00, 0x00, 
	0xC0, 0x88, 0xEC, 0x0A, 0xF3, 0x64, 0xC7, 0xD8, 0x3E, 0xC1, 0x08, 0x00, 
	0x00, 0x00, 0x60, 0x44, 0x76, 0x85, 0x79, 0xB2, 0x63, 0x6C, 0x9F, 0x60, 
	0x04, 0x00, 0x00, 0x00, 0x30, 0x22, 0xBB, 0xC2, 0x3C, 0xD9, 0x31, 0xB6, 
	0xEF, 0x06, 0x82, 0x51, 0x0E, 0xC2, 0xB8, 0x1C, 0x74, 0x00, 0x00, 0x00, 
	0x80, 0x21, 0xD9, 0x16, 0xE6, 0xC9, 0x96, 0xB1, 0x7D, 0x82, 0x11, 0x00, 
	0x00, 0x00, 0xC0, 0x88, 0x6C, 0x0B, 0xF3, 0x64, 0xCB, 0xD8, 0xBE, 0xC1, 
	0x60, 0x94, 0x1B, 0x6F, 0x53, 0x0E, 0xC2, 0xB8, 0x1C, 0x74, 0x00, 0x00, 
	0x00, 0x80, 0x21, 0xD9, 0x16, 0xE6, 0xC9, 0x96, 0xB1, 0x7D, 0xCF, 0x32, 
	0x18, 0x01, 0x00, 0x00, 0x00, 0x3C, 0x9D, 0x6C, 0x19, 0xDB, 0x27, 0x18, 
	0x01, 0x00, 0x00, 0x00, 0x34, 0x95, 0x2D, 0x63, 0xFB, 0x04, 0x23, 0x00, 
	0x00, 0x00, 0x80, 0xA6, 0xB2, 0x65, 0x6C, 0x9F, 0x60, 0x04, 0x00, 0x00, 
	0x00, 0xD0, 0x54, 0xB6, 0x8C, 0xED, 0xBB, 0xF2, 0x60, 0x94, 0x03, 0x00, 
	0x00, 0x00, 0x00, 0xB0, 0x35, 0xD9, 0x33, 0xB6, 0x4F, 0x30, 0x02, 0x00, 
	0x00, 0x00, 0x68, 0x2A, 0x7B, 0xC6, 0xF6, 0xF5, 0x06, 0xA3, 0xDC, 0x70, 
	0x9B, 0x72, 0x00, 0x00, 0x00, 0x00, 0x00, 0xB6, 0x26, 0x7B, 0xC6, 0xF6, 
	0x09, 0x46, 0x00, 0x00, 0x00, 0x00, 0x4D, 0x65, 0xCF, 0xD8, 0x3E, 0xC1, 
	0x08, 0x00, 0x00, 0x00, 0xA0, 0xA9, 0xEC, 0x19, 0xDB, 0x27, 0x18, 0x01, 
	0x00, 0x00, 0x00, 0x34, 0x95, 0x3D, 0x63, 0xFB, 0x04, 0x23, 0x00, 0x00, 
	0x00, 0x80, 0xA6, 0xB2, 0x67, 0x6C, 0xDF, 0x95, 0x07, 0x23, 0x00, 0x00, 
	0x00, 0x00, 0x96, 0x26, 0x18, 0x01, 0x00, 0x00, 0x00, 0xD0, 0x51, 0x0D, 
	0x46, 0xB9, 0x11, 0x00, 0x00, 0x00, 0x00, 0xCF, 0x87, 0x60, 0x04, 0x00, 
	0x00, 0x00, 0x40, 0x87, 0x60, 0x04, 0x00, 0x00, 0x00, 0x40, 0x87, 0x60, 
	0x04, 0x00, 0x00, 0x00, 0x40, 0x87, 0x60, 0x04, 0x00, 0x00, 0x00, 0x40, 
	0x87, 0x60, 0x04, 0x00, 0x00, 0x00, 0x40, 0xC7, 0x8B, 0x57, 0xAF, 0xDE, 
	0xDC, 0x7D, 0xFE, 0xF9, 0xCB, 0x47, 0xFF, 0xDB, 0xFF, 0xF6, 0xBF, 0x0F, 
	0xF8, 0x37, 0x83, 0xF2, 0xE0, 0x00, 0x00, 0x00, 0x00, 0x3C, 0xBD, 0x6C, 
	0x36, 0x75, 0xD9, 0x7D, 0x8E, 0x04, 0x23, 0x00, 0x00, 0x00, 0x80, 0x1B, 
	0x93, 0xCD, 0xA6, 0x2E, 0xBB, 0x8F, 0x60, 0x04, 0x00, 0x00, 0x00, 0x70, 
	0xB3, 0xB2, 0xD9, 0xD4, 0x65, 0xF7, 0x39, 0x2B, 0x18, 0xE5, 0x41, 0x4B, 
	0xF9, 0xE6, 0x00, 0x00, 0x00, 0x00, 0x78, 0x7A, 0xD9, 0x6C, 0xEA, 0xB2, 
	0xFD, 0x08, 0x46, 0x00, 0x00, 0x00, 0x00, 0x37, 0x2B, 0x9B, 0x4D, 0x5D, 
	0xB6, 0x1F, 0xC1, 0x08, 0x00, 0x00, 0x00, 0xE0, 0x66, 0x65, 0xB3, 0xA9, 
	0xCB, 0xF6, 0x23, 0x18, 0x01, 0x00, 0x00, 0x00, 0xDC, 0xAC, 0x6C, 0x36, 
	0x75, 0xD9, 0x7E, 0x7A, 0x82, 0x51, 0x3E, 0x39, 0x27, 0x18, 0xE5, 0x1B, 
	0x03, 0x00, 0x00, 0x00, 0x60, 0x1D, 0xD9, 0x6D, 0xEA, 0xB2, 0xFD, 0x08, 
	0x46, 0x00, 0x00, 0x00, 0x00, 0x37, 0x2B, 0xBB, 0x4D, 0x5D, 0xB6, 0x1F, 
	0xC1, 0x08, 0x00, 0x00, 0x00, 0xE0, 0x66, 0x65, 0xB7, 0xA9, 0xCB, 0xF6, 
	0x33, 0x3B, 0x18, 0xE5, 0x01, 0x4B, 0xF9, 0xC6, 0x00, 0x00, 0x00, 0x00, 
	0x58, 0x47, 0x76, 0x9B, 0xBA, 0xEC, 0x3F, 0x82, 0x11, 0x00, 0x00, 0x00, 
	0xC0, 0xCD, 0xCA, 0x6E, 0x53, 0x97, 0xFD, 0x47, 0x30, 0x02, 0x00, 0x00, 
	0x00, 0xB8, 0x59, 0xD9, 0x6D, 0xEA, 0xB2, 0xFF, 0x08, 0x46, 0x00, 0x00, 
	0x00, 0x00, 0x37, 0x2B, 0xBB, 0x4D, 0x5D, 0xF6, 0x9F, 0x4A, 0x30, 0xCA, 
	0x27, 0xE6, 0x06, 0x23, 0x00, 0x00, 0x00, 0x00, 0xAE, 0x49, 0xF6, 0x1F, 
	0xC1, 0x08, 0x00, 0x00, 0x00, 0xE0, 0x99, 0xCB, 0xFE, 0x23, 0x18, 0x01, 
	0x00, 0x00, 0x00, 0x3C, 0x73, 0xD9, 0x7F, 0x66, 0x05, 0xA3, 0x3C, 0x18, 
	0x00, 0x00, 0x00, 0x00, 0xD7, 0x2F, 0x1B, 0x90, 0x60, 0x04, 0x00, 0x00, 
	0x00, 0xF0, 0xCC, 0x65, 0x03, 0x12, 0x8C, 0x00, 0x00, 0x00, 0x00, 0x9E, 
	0xB9, 0x6C, 0x40, 0x82, 0x11, 0x00, 0x00, 0x00, 0xC0, 0x33, 0x97, 0x0D, 
	0x28, 0x82, 0x51, 0x3E, 0x28, 0x18, 0x01, 0x00, 0x00, 0x00, 0xDC, 0xBA, 
	0x6C, 0x40, 0xB3, 0x82, 0x11, 0x00, 0x00, 0x00, 0x00, 0xCF, 0x89, 0x60, 
	0x04, 0x00, 0x00, 0x00, 0x40, 0x87, 0x60, 0x04, 0x00, 0x00, 0x00, 0x40, 
	0x87, 0x60, 0x04, 0x00, 0x00, 0x00, 0x40, 0x87, 0x60, 0x04, 0x00, 0x00, 
	0x00, 0x40, 0xC7, 0xFF, 0x1F, 0x76, 0x20, 0x12, 0x67, 0x6A, 0x70, 0x99, 
	0xB8, 0x00, 0x00, 0x00, 0x00, 0x49, 0x45, 0x4E, 0x44, 0xAE, 0x42, 0x60, 
	0x82
};
